name;kind;pieces;expected_folder;expected_md5;source_file
KBBBvK.rtbw;WDL;5;3-4-5;fe211316630db82fd1a355740639b715;wdl345.txt
KBBNvK.rtbw;WDL;5;3-4-5;59bed619025bc69a54d93832f4312e42;wdl345.txt
KBBPvK.rtbw;WDL;5;3-4-5;eeb2a21bb6c52efbc41b8f29590d5f31;wdl345.txt
KBBvKB.rtbw;WDL;5;3-4-5;1d948fff757950a1214668360d56ee74;wdl345.txt
KBBvKN.rtbw;WDL;5;3-4-5;16cb3dc1a1cb5ce0b9d7bb8978ea8c16;wdl345.txt
KBBvKP.rtbw;WDL;5;3-4-5;5e92cd639d1b9fd3fb683d098c87b20e;wdl345.txt
KBBvKQ.rtbw;WDL;5;3-4-5;2c2df4bdcbd04ac0d335b47ed5a401f1;wdl345.txt
KBBvKR.rtbw;WDL;5;3-4-5;7d1d28df6cab9dc72d05653f170867c7;wdl345.txt
KBBvK.rtbw;WDL;4;3-4-5;457a28e5df290b59ef4448bafad18bd3;wdl345.txt
KBNNvK.rtbw;WDL;5;3-4-5;3f7a7ec41d472caaab3def5716bac004;wdl345.txt
KBNPvK.rtbw;WDL;5;3-4-5;3a755fd9141e3813a20491aec20daedc;wdl345.txt
KBNvKB.rtbw;WDL;5;3-4-5;cd1d6adb575089e853b306d110de5173;wdl345.txt
KBNvKN.rtbw;WDL;5;3-4-5;d5020ca24fe16a568b5cf70d69565366;wdl345.txt
KBNvKP.rtbw;WDL;5;3-4-5;f67e12f3d62a5ac094e635d562a9a84d;wdl345.txt
KBNvKQ.rtbw;WDL;5;3-4-5;2ec5a10d3bd99d8d11920b1331df254e;wdl345.txt
KBNvKR.rtbw;WDL;5;3-4-5;e0129148383c5f95e631b7758a22162c;wdl345.txt
KBNvK.rtbw;WDL;4;3-4-5;046312caaebd34f798e1a112c1a79208;wdl345.txt
KBPPvK.rtbw;WDL;5;3-4-5;f1a46f13fc1bdc0c4f453bcc996ea811;wdl345.txt
KBPvKB.rtbw;WDL;5;3-4-5;9dab7c4c323d18523e2da51cba30aa49;wdl345.txt
KBPvKN.rtbw;WDL;5;3-4-5;28415af3f800b2857b3edd84542a9922;wdl345.txt
KBPvKP.rtbw;WDL;5;3-4-5;9d66971b0a1a598cd65e04268dc622f3;wdl345.txt
KBPvKQ.rtbw;WDL;5;3-4-5;73800c70a614bfe60f57d18bd1d77808;wdl345.txt
KBPvKR.rtbw;WDL;5;3-4-5;460c6ff0d6a18cdb76586d434460193a;wdl345.txt
KBPvK.rtbw;WDL;4;3-4-5;080d6f2484c00d0ae161909f86e49684;wdl345.txt
KBvKB.rtbw;WDL;4;3-4-5;cbcf6c04bc042c6dfb2c2d2ebf1af073;wdl345.txt
KBvKN.rtbw;WDL;4;3-4-5;e83441cecee257c97a12b5ad33be16fd;wdl345.txt
KBvKP.rtbw;WDL;4;3-4-5;47f54e30a61705aab5b2a6cd577c2c1e;wdl345.txt
KBvK.rtbw;WDL;3;3-4-5;4b37ef623e69eadb6756777c16034e6f;wdl345.txt
KNNNvK.rtbw;WDL;5;3-4-5;d79465eca6697da78997320da531fabb;wdl345.txt
KNNPvK.rtbw;WDL;5;3-4-5;252f89f33bacc96d51c6bfc951d1157a;wdl345.txt
KNNvKB.rtbw;WDL;5;3-4-5;0a98fb4f58b773d1fb6ef8a48cecda89;wdl345.txt
KNNvKN.rtbw;WDL;5;3-4-5;feaf420ff86398b6049e972c1ed27bf0;wdl345.txt
KNNvKP.rtbw;WDL;5;3-4-5;b2ad4c6c257cd7f90ac5c2545ec083ec;wdl345.txt
KNNvKQ.rtbw;WDL;5;3-4-5;3d1b6dc34ea6380e9efc18cd13ab752a;wdl345.txt
KNNvKR.rtbw;WDL;5;3-4-5;6231eac2d4ddcfce370d384e8bd7af14;wdl345.txt
KNNvK.rtbw;WDL;4;3-4-5;55ace050bca06a89fb262b1471653da3;wdl345.txt
KNPPvK.rtbw;WDL;5;3-4-5;b5600e730d1c243178d635fb0434d174;wdl345.txt
KNPvKB.rtbw;WDL;5;3-4-5;bac540b324c49fada2be5b6aa5c8f722;wdl345.txt
KNPvKN.rtbw;WDL;5;3-4-5;3f57d5be4bab20026be22ed2f3f57296;wdl345.txt
KNPvKP.rtbw;WDL;5;3-4-5;05d00d8934c19354e449e62180dc83aa;wdl345.txt
KNPvKQ.rtbw;WDL;5;3-4-5;17da8e4f62c446341883c46a3ee3cdfb;wdl345.txt
KNPvKR.rtbw;WDL;5;3-4-5;f2bcbd21959d515559c1bfab9fe6867b;wdl345.txt
KNPvK.rtbw;WDL;4;3-4-5;20690936ac6147bd4d8aa0584b5ae570;wdl345.txt
KNvKN.rtbw;WDL;4;3-4-5;2c4a1fbe4cc50a112a60628c6092f5b7;wdl345.txt
KNvKP.rtbw;WDL;4;3-4-5;083853c1df58dbfa035231fe93f572be;wdl345.txt
KNvK.rtbw;WDL;3;3-4-5;b9eccbff19c677158e928b1b641248b7;wdl345.txt
KPPPvK.rtbw;WDL;5;3-4-5;d8e30143a16cd3358293ba3963df546b;wdl345.txt
KPPvKB.rtbw;WDL;5;3-4-5;20b644468517fbfe6937e446289c578d;wdl345.txt
KPPvKN.rtbw;WDL;5;3-4-5;1420882e55063ed51b951047229b9105;wdl345.txt
KPPvKP.rtbw;WDL;5;3-4-5;07554169bb42f4aa37779aff765c98da;wdl345.txt
KPPvKQ.rtbw;WDL;5;3-4-5;767d9d91dbdd47d90426699e56562b79;wdl345.txt
KPPvKR.rtbw;WDL;5;3-4-5;15e1247d764296636faff1c9bcae729b;wdl345.txt
KPPvK.rtbw;WDL;4;3-4-5;d60773ec35afacea512cfef89aab439b;wdl345.txt
KPvKP.rtbw;WDL;4;3-4-5;5862ab22bb995b8462651a536c9938e0;wdl345.txt
KPvK.rtbw;WDL;3;3-4-5;7e72bcffff0fc0fa6928728e92d3f652;wdl345.txt
KQBBvK.rtbw;WDL;5;3-4-5;e0d379b9c3f7acab2357706abdbc1a5d;wdl345.txt
KQBNvK.rtbw;WDL;5;3-4-5;d271f2e3184f1a208572dce771c6f3dc;wdl345.txt
KQBPvK.rtbw;WDL;5;3-4-5;0ed9d5f02fca6830dff0e3e5bbcd806d;wdl345.txt
KQBvKB.rtbw;WDL;5;3-4-5;e603347f05b5cdd6eb5c72914ab799a9;wdl345.txt
KQBvKN.rtbw;WDL;5;3-4-5;a0096730eab1b5c72270459c423400c9;wdl345.txt
KQBvKP.rtbw;WDL;5;3-4-5;5423eb4db831200cd341689a54378476;wdl345.txt
KQBvKQ.rtbw;WDL;5;3-4-5;2fdb3d39f55bf2037aaac4d386acf227;wdl345.txt
KQBvKR.rtbw;WDL;5;3-4-5;12683b1470398a8592c713de9c2fd064;wdl345.txt
KQBvK.rtbw;WDL;4;3-4-5;f6286f9cf996cfe4987b28eadbf73cf0;wdl345.txt
KQNNvK.rtbw;WDL;5;3-4-5;47a080d6a4d7c256e97b9924df0c2897;wdl345.txt
KQNPvK.rtbw;WDL;5;3-4-5;07bd200e02fd1b0ed0660f54e6fd77a3;wdl345.txt
KQNvKB.rtbw;WDL;5;3-4-5;44e7932ad5711f39dd8901da9f8fbece;wdl345.txt
KQNvKN.rtbw;WDL;5;3-4-5;51ab8a6d96cb49dea6d82f16c6956ffc;wdl345.txt
KQNvKP.rtbw;WDL;5;3-4-5;d4b988255b6bac0700e0243526701f69;wdl345.txt
KQNvKQ.rtbw;WDL;5;3-4-5;b4df34c0cbea62a81d7dd29d71471049;wdl345.txt
KQNvKR.rtbw;WDL;5;3-4-5;4927b35fb9291cfd47764e0abb4c8746;wdl345.txt
KQNvK.rtbw;WDL;4;3-4-5;23586c56d3c0936b0907b6c10037c991;wdl345.txt
KQPPvK.rtbw;WDL;5;3-4-5;c9c9d802e2493ec59d99789d40a82a1c;wdl345.txt
KQPvKB.rtbw;WDL;5;3-4-5;8fc1303227589cf4fb3910723ddb5c5a;wdl345.txt
KQPvKN.rtbw;WDL;5;3-4-5;6ba9b28d40d2cd4278231fe8e491369d;wdl345.txt
KQPvKP.rtbw;WDL;5;3-4-5;023e995507431d8d4b4297f5d80f5a65;wdl345.txt
KQPvKQ.rtbw;WDL;5;3-4-5;339bfad60f4f0e3739d40d0db4e216a1;wdl345.txt
KQPvKR.rtbw;WDL;5;3-4-5;fc6274cb1a0f40bd241cf1c1b172b9df;wdl345.txt
KQPvK.rtbw;WDL;4;3-4-5;d048a1892d608582fe41910a30aee226;wdl345.txt
KQQBvK.rtbw;WDL;5;3-4-5;8287520ac70067445c7d90532c5c7ce4;wdl345.txt
KQQNvK.rtbw;WDL;5;3-4-5;46a3727484d2d53355cb0f9c3a4bdb9f;wdl345.txt
KQQPvK.rtbw;WDL;5;3-4-5;d62278816974f77b9cb8c6fc6e2a3a0c;wdl345.txt
KQQQvK.rtbw;WDL;5;3-4-5;7237e304f79d8c1bfe788fc3fb7342f8;wdl345.txt
KQQRvK.rtbw;WDL;5;3-4-5;e8a14b36b0569aba2bd338a52eab2f49;wdl345.txt
KQQvKB.rtbw;WDL;5;3-4-5;7a8c5dd524ae329375cd28a4d6aac49a;wdl345.txt
KQQvKN.rtbw;WDL;5;3-4-5;759f5b2b22cb1b3158ce134f25787ed1;wdl345.txt
KQQvKP.rtbw;WDL;5;3-4-5;14564d216da2fbcf1512373ab890c2c3;wdl345.txt
KQQvKQ.rtbw;WDL;5;3-4-5;5c437d52c07aa3812e3078793baec738;wdl345.txt
KQQvKR.rtbw;WDL;5;3-4-5;9ea8d8bdfe7bd6ff8c14d9c8193f35d2;wdl345.txt
KQQvK.rtbw;WDL;4;3-4-5;a76adeac6e2317a1cac7f683f22d5a0b;wdl345.txt
KQRBvK.rtbw;WDL;5;3-4-5;35daa17904dca38d7c794d6f0461025c;wdl345.txt
KQRNvK.rtbw;WDL;5;3-4-5;c328e103836246928d6fef2c28bf1aab;wdl345.txt
KQRPvK.rtbw;WDL;5;3-4-5;04d83759a1026eac3cb3cf8ec899fd36;wdl345.txt
KQRRvK.rtbw;WDL;5;3-4-5;10e3e259c09b66b48dce634d6af80832;wdl345.txt
KQRvKB.rtbw;WDL;5;3-4-5;f586707360fc7ea2a9271990c17d474d;wdl345.txt
KQRvKN.rtbw;WDL;5;3-4-5;b3618e6fd1cdb418a62a88fc722f20b4;wdl345.txt
KQRvKP.rtbw;WDL;5;3-4-5;110fd7b4ad872e96a008ac97bb7c4fe1;wdl345.txt
KQRvKQ.rtbw;WDL;5;3-4-5;d84e64e4795cb492ee794127e95ddb93;wdl345.txt
KQRvKR.rtbw;WDL;5;3-4-5;c92f6db50c3dae81c8e1c227131e208c;wdl345.txt
KQRvK.rtbw;WDL;4;3-4-5;c44670b6146a4dc2c08acb47e49b2ed1;wdl345.txt
KQvKB.rtbw;WDL;4;3-4-5;67814033b8dfbb2d1763e477f9e735ce;wdl345.txt
KQvKN.rtbw;WDL;4;3-4-5;d70c73199e5966591d673d5a6fea7552;wdl345.txt
KQvKP.rtbw;WDL;4;3-4-5;7cbb934c70e3ebab255199dc68c96690;wdl345.txt
KQvKQ.rtbw;WDL;4;3-4-5;bef44c115ac8cc8b1cb8292b021c62dd;wdl345.txt
KQvKR.rtbw;WDL;4;3-4-5;a559e2154b6f9d4f21597fc3e20c36b2;wdl345.txt
KQvK.rtbw;WDL;3;3-4-5;af0d561da4523cb21a8cf05e9bc5cc6e;wdl345.txt
KRBBvK.rtbw;WDL;5;3-4-5;69f86982b070543d4e5dd3f7721ffc13;wdl345.txt
KRBNvK.rtbw;WDL;5;3-4-5;926b5d99bc6987d97dc951a26a8c24bd;wdl345.txt
KRBPvK.rtbw;WDL;5;3-4-5;49733d63b5fbdf90bb0a7d066f6d724e;wdl345.txt
KRBvKB.rtbw;WDL;5;3-4-5;b7b549ab560d0683d6940b31dc2eca06;wdl345.txt
KRBvKN.rtbw;WDL;5;3-4-5;31eb8255d13db666295a0853fec73f2f;wdl345.txt
KRBvKP.rtbw;WDL;5;3-4-5;7d7e545b3a3c3728912a5644a60cf801;wdl345.txt
KRBvKQ.rtbw;WDL;5;3-4-5;a78865b5d54d0f1012de47ba06113090;wdl345.txt
KRBvKR.rtbw;WDL;5;3-4-5;c94340e54cd7f53125d46fd199fbeac1;wdl345.txt
KRBvK.rtbw;WDL;4;3-4-5;f79e38334bf75a20abbf940ec65ba63c;wdl345.txt
KRNNvK.rtbw;WDL;5;3-4-5;3afcabf83c525ab4d664959938108559;wdl345.txt
KRNPvK.rtbw;WDL;5;3-4-5;2b0cc20a4912752e05ff78cf81e2c61c;wdl345.txt
KRNvKB.rtbw;WDL;5;3-4-5;068c4a45f71e12a845111816ebf4bfcb;wdl345.txt
KRNvKN.rtbw;WDL;5;3-4-5;9828e7cb6355be1c5c0dd534f21d1b61;wdl345.txt
KRNvKP.rtbw;WDL;5;3-4-5;ea57cc946dbab01c814ac55f3164a97e;wdl345.txt
KRNvKQ.rtbw;WDL;5;3-4-5;c9cab5c2bb9fd428b8982d091cad9900;wdl345.txt
KRNvKR.rtbw;WDL;5;3-4-5;624257762a14b51847e8c14fd6bbd8f4;wdl345.txt
KRNvK.rtbw;WDL;4;3-4-5;db1301ac142efac26d3cffa550325c27;wdl345.txt
KRPPvK.rtbw;WDL;5;3-4-5;7d1112a58006a1256b978a2bb6cb5f68;wdl345.txt
KRPvKB.rtbw;WDL;5;3-4-5;1b33d7fa0204c04198533498fd9a6b30;wdl345.txt
KRPvKN.rtbw;WDL;5;3-4-5;f9e616a1ed7857f3e37097f418ff332a;wdl345.txt
KRPvKP.rtbw;WDL;5;3-4-5;88acfd00293fa0b585fe95654ac6cb04;wdl345.txt
KRPvKQ.rtbw;WDL;5;3-4-5;0ab5eb70732dd0a7832372b8e9d8d97d;wdl345.txt
KRPvKR.rtbw;WDL;5;3-4-5;128467234e544d83dd0e3057058e2ea3;wdl345.txt
KRPvK.rtbw;WDL;4;3-4-5;569ce2d76171513ddaa1f749d081c994;wdl345.txt
KRRBvK.rtbw;WDL;5;3-4-5;0968f65dcad88c8546d56ba00b49e6e2;wdl345.txt
KRRNvK.rtbw;WDL;5;3-4-5;3694eb78451545ebab5c4aab4b5eaf52;wdl345.txt
KRRPvK.rtbw;WDL;5;3-4-5;9b6a4283f7310eba27f17146f0a1f3cd;wdl345.txt
KRRRvK.rtbw;WDL;5;3-4-5;623028d0956fa8fbd2dc07618f4e12e6;wdl345.txt
KRRvKB.rtbw;WDL;5;3-4-5;3ea9948843579e8cafcca081865be99a;wdl345.txt
KRRvKN.rtbw;WDL;5;3-4-5;1c5b0736dacf95bc6b920104110261ab;wdl345.txt
KRRvKP.rtbw;WDL;5;3-4-5;6954568f6a22244b5f186f41998be95c;wdl345.txt
KRRvKQ.rtbw;WDL;5;3-4-5;dd8810a987fe4dcbe8456cc72f84eaec;wdl345.txt
KRRvKR.rtbw;WDL;5;3-4-5;14428b45668f3bdb7facce3a9d866c74;wdl345.txt
KRRvK.rtbw;WDL;4;3-4-5;6084d485d555eb716d0fb1b3860d0282;wdl345.txt
KRvKB.rtbw;WDL;4;3-4-5;751112b5b8e4d7a2c1dd8a7e437c9d53;wdl345.txt
KRvKN.rtbw;WDL;4;3-4-5;50aeaaf346a237d8be48b18c186bac1e;wdl345.txt
KRvKP.rtbw;WDL;4;3-4-5;ef10001a306b8f226db23b296b2b4d4b;wdl345.txt
KRvKR.rtbw;WDL;4;3-4-5;7d73b0fd3cbd4490510c2c229eee3b8d;wdl345.txt
KRvK.rtbw;WDL;3;3-4-5;81da63fe25b9ed66f459001558f83ca5;wdl345.txt
KBBBvK.rtbz;DTZ;5;3-4-5;ca8b529e20b607b3ce74e3c4c43e955e;dtz345.txt
KBBNvK.rtbz;DTZ;5;3-4-5;220568265777e7bb975ce09957b9e98f;dtz345.txt
KBBPvK.rtbz;DTZ;5;3-4-5;cf2cc6ddb965288a320cec3a6c6c53d9;dtz345.txt
KBBvKB.rtbz;DTZ;5;3-4-5;74853ece120149b95227979e66d14d63;dtz345.txt
KBBvKN.rtbz;DTZ;5;3-4-5;74ff1d0e462b0559bb86d83c3c3e2e08;dtz345.txt
KBBvKP.rtbz;DTZ;5;3-4-5;83afa467ed4d5795d8c07eff2177f05f;dtz345.txt
KBBvKQ.rtbz;DTZ;5;3-4-5;c069132ad7de822f5235cbc563e4e3bf;dtz345.txt
KBBvKR.rtbz;DTZ;5;3-4-5;411ea8c9ff9e1bc99660463d2d999914;dtz345.txt
KBBvK.rtbz;DTZ;4;3-4-5;13d29f3861591beb4be3758fb7a9edf1;dtz345.txt
KBNNvK.rtbz;DTZ;5;3-4-5;1523aaf16b68f0c2027dd26a0ca7a75d;dtz345.txt
KBNPvK.rtbz;DTZ;5;3-4-5;1e6a1395e41d44ec99a5d1448438f065;dtz345.txt
KBNvKB.rtbz;DTZ;5;3-4-5;7da46a8afb37d66751ccb3128cd796db;dtz345.txt
KBNvKN.rtbz;DTZ;5;3-4-5;8b12a093be330f366631f4918ff9eaac;dtz345.txt
KBNvKP.rtbz;DTZ;5;3-4-5;18f72e15d8579e428026800135699456;dtz345.txt
KBNvKQ.rtbz;DTZ;5;3-4-5;bbaa52d915ac58fcfa40ab7addba9be6;dtz345.txt
KBNvKR.rtbz;DTZ;5;3-4-5;573c0fc05955cafa850a28035962156d;dtz345.txt
KBNvK.rtbz;DTZ;4;3-4-5;bf069a4b0e2e0b292f8b3951b7b7e7ee;dtz345.txt
KBPPvK.rtbz;DTZ;5;3-4-5;9b8417f7ffcb97285b135f2ac80e2515;dtz345.txt
KBPvKB.rtbz;DTZ;5;3-4-5;cab7048e0076c29f37322b6ecb0dd661;dtz345.txt
KBPvKN.rtbz;DTZ;5;3-4-5;9c3628d9a1d01e5c2900d31cbaa76742;dtz345.txt
KBPvKP.rtbz;DTZ;5;3-4-5;661e5e970e04bd20d2aac3fab6bf1788;dtz345.txt
KBPvKQ.rtbz;DTZ;5;3-4-5;dad709ca5c1b1f2261d261fc094f56d4;dtz345.txt
KBPvKR.rtbz;DTZ;5;3-4-5;d7ec4dc15f46c83990599fd5fd5da950;dtz345.txt
KBPvK.rtbz;DTZ;4;3-4-5;d8080286697e3885a71ffc31f821c1f7;dtz345.txt
KBvKB.rtbz;DTZ;4;3-4-5;9ca7bb25b5d2077aa209ceac0bb1d9f7;dtz345.txt
KBvKN.rtbz;DTZ;4;3-4-5;7fd6ea834cdbc9bcbc46adbb68bb4a2b;dtz345.txt
KBvKP.rtbz;DTZ;4;3-4-5;697bffeddc8ee22d3e01cd12f2cbbbb5;dtz345.txt
KBvK.rtbz;DTZ;3;3-4-5;338f272b119c02ca67b03a450c375b2e;dtz345.txt
KNNNvK.rtbz;DTZ;5;3-4-5;90f9e152a36da76f42236bf0449193cb;dtz345.txt
KNNPvK.rtbz;DTZ;5;3-4-5;46047bdf0f864591f5ad611e6da2249d;dtz345.txt
KNNvKB.rtbz;DTZ;5;3-4-5;5ef1e8e6a1adc943a7e81afe13beefe2;dtz345.txt
KNNvKN.rtbz;DTZ;5;3-4-5;4b9d6086b75006d778b3818ac7a22d5b;dtz345.txt
KNNvKP.rtbz;DTZ;5;3-4-5;b8a98868239ede8aca6913ae921a4f97;dtz345.txt
KNNvKQ.rtbz;DTZ;5;3-4-5;1bc6d65112bd4d5e60f7ffb9a62867c5;dtz345.txt
KNNvKR.rtbz;DTZ;5;3-4-5;df62208af31506e1dd39554361518087;dtz345.txt
KNNvK.rtbz;DTZ;4;3-4-5;9e91f9fe4d7f7f8dfb47484a532430bf;dtz345.txt
KNPPvK.rtbz;DTZ;5;3-4-5;03190582b90c80b273cac2fd4d03c2ab;dtz345.txt
KNPvKB.rtbz;DTZ;5;3-4-5;5c4768bc12a048e00eeeedd550a742de;dtz345.txt
KNPvKN.rtbz;DTZ;5;3-4-5;722e9889474fe1821eca5151eaada0fa;dtz345.txt
KNPvKP.rtbz;DTZ;5;3-4-5;fe999e2b1611f2477c569c58edff3082;dtz345.txt
KNPvKQ.rtbz;DTZ;5;3-4-5;a10bcfaad2612c862fcf475b2428fdd4;dtz345.txt
KNPvKR.rtbz;DTZ;5;3-4-5;654a0ef113634a8e2fca9c2d53a13807;dtz345.txt
KNPvK.rtbz;DTZ;4;3-4-5;e8886f6c52dad3bb43d1c3de0c3f1a8e;dtz345.txt
KNvKN.rtbz;DTZ;4;3-4-5;2da62bda60bfb92cbd4672db2cd6b6c5;dtz345.txt
KNvKP.rtbz;DTZ;4;3-4-5;cd4ad308e4d126deae3d33111d990f56;dtz345.txt
KNvK.rtbz;DTZ;3;3-4-5;796ab960a6140d5b030f785e91086175;dtz345.txt
KPPPvK.rtbz;DTZ;5;3-4-5;ac2aec5973516d32f8860c7e78d4fff5;dtz345.txt
KPPvKB.rtbz;DTZ;5;3-4-5;d8758cb73538749cc97faecc8f2cd3b6;dtz345.txt
KPPvKN.rtbz;DTZ;5;3-4-5;c135a90aeba8aaa0e602a5d17308b32e;dtz345.txt
KPPvKP.rtbz;DTZ;5;3-4-5;ba1085022fff7fa179ba2fef92131684;dtz345.txt
KPPvKQ.rtbz;DTZ;5;3-4-5;0f5f4712be067fccfbf1c9e39dbb3219;dtz345.txt
KPPvKR.rtbz;DTZ;5;3-4-5;94cd3614a44c9049d7fb7c1c7c2cd493;dtz345.txt
KPPvK.rtbz;DTZ;4;3-4-5;09bd75efbaaead72a1e4e4b63fa35224;dtz345.txt
KPvKP.rtbz;DTZ;4;3-4-5;77ea7a20bdb4ed4244fff34bc4c99a85;dtz345.txt
KPvK.rtbz;DTZ;3;3-4-5;f72a3a4f9b1b4afb6e8335bed985b891;dtz345.txt
KQBBvK.rtbz;DTZ;5;3-4-5;4bf06892e80a7e9503838d40152926f7;dtz345.txt
KQBNvK.rtbz;DTZ;5;3-4-5;971ad48c660330c8ab7630f0b7704048;dtz345.txt
KQBPvK.rtbz;DTZ;5;3-4-5;3e2d75a713623625b9a8f6b9b4a082aa;dtz345.txt
KQBvKB.rtbz;DTZ;5;3-4-5;bbede31cd59532ccdacf107e33693abc;dtz345.txt
KQBvKN.rtbz;DTZ;5;3-4-5;6a4aa51c635793f74f8fc37bdcdd423b;dtz345.txt
KQBvKP.rtbz;DTZ;5;3-4-5;f511d9d9e62439bd717d26d6b626e77d;dtz345.txt
KQBvKQ.rtbz;DTZ;5;3-4-5;94bede5ae0bb048fdecf93ab5965fec2;dtz345.txt
KQBvKR.rtbz;DTZ;5;3-4-5;e8c2f6ad70a5991960a54fa235974bef;dtz345.txt
KQBvK.rtbz;DTZ;4;3-4-5;40cca181034afa79be1781b03cc1029e;dtz345.txt
KQNNvK.rtbz;DTZ;5;3-4-5;d014333bd6e32a92f94e61e5f658caee;dtz345.txt
KQNPvK.rtbz;DTZ;5;3-4-5;7c817e26d90b1c013f3a1584950e89e4;dtz345.txt
KQNvKB.rtbz;DTZ;5;3-4-5;8a521fc65e36e09ab07bcbaebdac7975;dtz345.txt
KQNvKN.rtbz;DTZ;5;3-4-5;cade7170506b3b4c677ad20c2d8beb28;dtz345.txt
KQNvKP.rtbz;DTZ;5;3-4-5;a3f18e2f2288efadec53890134af6a8b;dtz345.txt
KQNvKQ.rtbz;DTZ;5;3-4-5;c7ad85c3a38b4e0ff55fe8852ddca8eb;dtz345.txt
KQNvKR.rtbz;DTZ;5;3-4-5;a0a9fdfa0829ce9455a3b20ad2c9ebd1;dtz345.txt
KQNvK.rtbz;DTZ;4;3-4-5;0cf5ab472ed2e50cb396294e18095499;dtz345.txt
KQPPvK.rtbz;DTZ;5;3-4-5;674f17307a6ab5c31dbdbbbc446399a3;dtz345.txt
KQPvKB.rtbz;DTZ;5;3-4-5;a0d00a8834472f21cfea4d4d97ba5aec;dtz345.txt
KQPvKN.rtbz;DTZ;5;3-4-5;c16a5d070ad866526f8ffbf2fbd4cbd2;dtz345.txt
KQPvKP.rtbz;DTZ;5;3-4-5;bd6dec6a6a089051d16ff9c3ec72b1c2;dtz345.txt
KQPvKQ.rtbz;DTZ;5;3-4-5;2d226cbcba844ae906924d57090e13c8;dtz345.txt
KQPvKR.rtbz;DTZ;5;3-4-5;17bacde708f0e419983705fc132de51d;dtz345.txt
KQPvK.rtbz;DTZ;4;3-4-5;f081fb6c078f7cec6c3a9d457c5a29ef;dtz345.txt
KQQBvK.rtbz;DTZ;5;3-4-5;5529f3da5e37089b8e179a6739aa21e5;dtz345.txt
KQQNvK.rtbz;DTZ;5;3-4-5;fae7e2a2b4940d6a1ff01c4847d2628c;dtz345.txt
KQQPvK.rtbz;DTZ;5;3-4-5;c07b4c79e8b0b7c725c699a8574d9484;dtz345.txt
KQQQvK.rtbz;DTZ;5;3-4-5;49e50e7dea8e72ba2286cb29dad72a02;dtz345.txt
KQQRvK.rtbz;DTZ;5;3-4-5;c564d585b1123312e2bf87051008dbeb;dtz345.txt
KQQvKB.rtbz;DTZ;5;3-4-5;0c83247dbdf060745274dc0243128aa9;dtz345.txt
KQQvKN.rtbz;DTZ;5;3-4-5;b97def864be70cb96020cd7429ce0ee7;dtz345.txt
KQQvKP.rtbz;DTZ;5;3-4-5;1bd8e4258b180c5bb4181af4d8c3cab7;dtz345.txt
KQQvKQ.rtbz;DTZ;5;3-4-5;956b37275fa6cc0b6c5d0c0632eca421;dtz345.txt
KQQvKR.rtbz;DTZ;5;3-4-5;671a0ca64b208f0f1066f507357e9d4d;dtz345.txt
KQQvK.rtbz;DTZ;4;3-4-5;29ff276c0dd3e18d72cf33e4fa47d8a9;dtz345.txt
KQRBvK.rtbz;DTZ;5;3-4-5;503cbdbcb3f454dd804669066f92036c;dtz345.txt
KQRNvK.rtbz;DTZ;5;3-4-5;d3f5af2faa5702bb5d65837ef9790eb3;dtz345.txt
KQRPvK.rtbz;DTZ;5;3-4-5;f49d0ac91e50596c8090184ca7079243;dtz345.txt
KQRRvK.rtbz;DTZ;5;3-4-5;6e24af14e5b122e7e203f08b819ed744;dtz345.txt
KQRvKB.rtbz;DTZ;5;3-4-5;6e0544a3d584502cbbeb1b016a1d6c8c;dtz345.txt
KQRvKN.rtbz;DTZ;5;3-4-5;249aac92b94293baf561c05f4b4d857e;dtz345.txt
KQRvKP.rtbz;DTZ;5;3-4-5;fb38e6ee887700ebe2d7cefdf2058f85;dtz345.txt
KQRvKQ.rtbz;DTZ;5;3-4-5;67f894380070bf0981f73ccaabf8687e;dtz345.txt
KQRvKR.rtbz;DTZ;5;3-4-5;205ff93e24d8444c330c892eb6025c16;dtz345.txt
KQRvK.rtbz;DTZ;4;3-4-5;1aebce5058a9bc16611934662bb04323;dtz345.txt
KQvKB.rtbz;DTZ;4;3-4-5;8210ba4ad1615a09696e732a0cd4a025;dtz345.txt
KQvKN.rtbz;DTZ;4;3-4-5;93190fa62b5e29f11200670810c92666;dtz345.txt
KQvKP.rtbz;DTZ;4;3-4-5;ccb559befcf80b7e63e5e804da5bf33e;dtz345.txt
KQvKQ.rtbz;DTZ;4;3-4-5;d3449ba56b4a43aa3532529ae0504e77;dtz345.txt
KQvKR.rtbz;DTZ;4;3-4-5;9ab3ebd50443b9e9a930358658cfe83f;dtz345.txt
KQvK.rtbz;DTZ;3;3-4-5;c51fa4b08478f04272ec668ce70d6ca7;dtz345.txt
KRBBvK.rtbz;DTZ;5;3-4-5;32ca770f2e4e00eb95fb80d3a9c5b2a5;dtz345.txt
KRBNvK.rtbz;DTZ;5;3-4-5;6643520d61e8d83006bde9fcdfdaa086;dtz345.txt
KRBPvK.rtbz;DTZ;5;3-4-5;a34592083c50eace63563958431d9ed9;dtz345.txt
KRBvKB.rtbz;DTZ;5;3-4-5;fb3431aadb257a9a93e6bed124f176fe;dtz345.txt
KRBvKN.rtbz;DTZ;5;3-4-5;5c2cc4b345d5e840fc1a3d3c4ab1c1b3;dtz345.txt
KRBvKP.rtbz;DTZ;5;3-4-5;afd5fb5f64f87541673658dd062c7316;dtz345.txt
KRBvKQ.rtbz;DTZ;5;3-4-5;65d188cf3b0e536bd5b92bbbc4b4ee7c;dtz345.txt
KRBvKR.rtbz;DTZ;5;3-4-5;3747f83c9919d5a8e3406b25ae7e0423;dtz345.txt
KRBvK.rtbz;DTZ;4;3-4-5;818d893c77de2e6137fec1304ba72cff;dtz345.txt
KRNNvK.rtbz;DTZ;5;3-4-5;2ddb0d5385eb5042a01c967a6c31bb9e;dtz345.txt
KRNPvK.rtbz;DTZ;5;3-4-5;2f05b44c197521fb3925a5151c191cc7;dtz345.txt
KRNvKB.rtbz;DTZ;5;3-4-5;27f9f26f3fa909bc266f3b69754b575a;dtz345.txt
KRNvKN.rtbz;DTZ;5;3-4-5;86b892caf3c7cbb8909fde610cfc3aef;dtz345.txt
KRNvKP.rtbz;DTZ;5;3-4-5;fd988d55e02a565b8818b6cf569721f8;dtz345.txt
KRNvKQ.rtbz;DTZ;5;3-4-5;239db89cd3e90c7452af655f28e67c11;dtz345.txt
KRNvKR.rtbz;DTZ;5;3-4-5;e17c6fe04d71ea6c341aa5df7ec06697;dtz345.txt
KRNvK.rtbz;DTZ;4;3-4-5;f2ba04ea762c4b8edd91df1095bfd56f;dtz345.txt
KRPPvK.rtbz;DTZ;5;3-4-5;d084c65cc2e91060ee64f5d6195f2e1e;dtz345.txt
KRPvKB.rtbz;DTZ;5;3-4-5;11e7240947019ac69df8503ee75a4898;dtz345.txt
KRPvKN.rtbz;DTZ;5;3-4-5;a302375fea4bc00fb6a43358506ea2ab;dtz345.txt
KRPvKP.rtbz;DTZ;5;3-4-5;f20d2a5710466b6b90b033f87659062e;dtz345.txt
KRPvKQ.rtbz;DTZ;5;3-4-5;7d247cad8fd367d4d680e91bcd7948b2;dtz345.txt
KRPvKR.rtbz;DTZ;5;3-4-5;3ca9b954b05bcdb777877d435fab781a;dtz345.txt
KRPvK.rtbz;DTZ;4;3-4-5;cdf66f526890d211400e2239ea290f50;dtz345.txt
KRRBvK.rtbz;DTZ;5;3-4-5;f2fded97da3604c580e9a422ee2d49f9;dtz345.txt
KRRNvK.rtbz;DTZ;5;3-4-5;a9e5fd560050284900a1d5194039baa1;dtz345.txt
KRRPvK.rtbz;DTZ;5;3-4-5;f92ee6ff367c396146b55a8e6b9401cf;dtz345.txt
KRRRvK.rtbz;DTZ;5;3-4-5;879c8f84839ebe510ae4d54db522d568;dtz345.txt
KRRvKB.rtbz;DTZ;5;3-4-5;1fc169defb6c8e5127336ce99c82023e;dtz345.txt
KRRvKN.rtbz;DTZ;5;3-4-5;51c0997dda83bc48ba4a7db534e823bf;dtz345.txt
KRRvKP.rtbz;DTZ;5;3-4-5;d1d3a77d9cfc5b56bfee42dbc3b4483f;dtz345.txt
KRRvKQ.rtbz;DTZ;5;3-4-5;adfa646310009e60d45c0b9743d50476;dtz345.txt
KRRvKR.rtbz;DTZ;5;3-4-5;e0d530830a4aa8f7cba0546e01403ddd;dtz345.txt
KRRvK.rtbz;DTZ;4;3-4-5;706fd9c3ba4c539aa413aeb0bd7a9809;dtz345.txt
KRvKB.rtbz;DTZ;4;3-4-5;a571bf1f5995f512d17843be314767ba;dtz345.txt
KRvKN.rtbz;DTZ;4;3-4-5;9993860c9c1422e83a2474e94c38cc9c;dtz345.txt
KRvKP.rtbz;DTZ;4;3-4-5;3ec7dd03aa7e10846e4a45c4588ad8b4;dtz345.txt
KRvKR.rtbz;DTZ;4;3-4-5;0779bffa326eca37b0e242bc9ec89968;dtz345.txt
KRvK.rtbz;DTZ;3;3-4-5;1df564d7e7056f15d9a1d776e8fe5884;dtz345.txt
KBBBBvK.rtbw;WDL;6;6-WDL;be602554371ffa6e595a57328ab00704;wdl6.txt
KBBBNvK.rtbw;WDL;6;6-WDL;1a5e16c9460d59a67067315d48148d71;wdl6.txt
KBBBPvK.rtbw;WDL;6;6-WDL;d01bf455b180d2b6d296c35be70049ad;wdl6.txt
KBBBvKB.rtbw;WDL;6;6-WDL;6d0c64f1fe6b3038eebe74744bcbbc15;wdl6.txt
KBBBvKN.rtbw;WDL;6;6-WDL;b6f671941557eaffa17a4a25f448b074;wdl6.txt
KBBBvKP.rtbw;WDL;6;6-WDL;08933090e483872ec593175d65af6d53;wdl6.txt
KBBBvKQ.rtbw;WDL;6;6-WDL;88af2daf803d2605f9b5606adf1b2f51;wdl6.txt
KBBBvKR.rtbw;WDL;6;6-WDL;5620836e2d872e5b90c240a517b5bf6d;wdl6.txt
KBBNNvK.rtbw;WDL;6;6-WDL;5f15c55a1568e67311ae791d426b3535;wdl6.txt
KBBNPvK.rtbw;WDL;6;6-WDL;b9267fcec9c4fb9e90631ca846898444;wdl6.txt
KBBNvKB.rtbw;WDL;6;6-WDL;3567bcc138bf079fa1544a994fa6ceaf;wdl6.txt
KBBNvKN.rtbw;WDL;6;6-WDL;5d3c0f09d845879c1b9e29f75f738f48;wdl6.txt
KBBNvKP.rtbw;WDL;6;6-WDL;f9f98b2853b0e7246ce3b64a4436a8b7;wdl6.txt
KBBNvKQ.rtbw;WDL;6;6-WDL;bd1bee422d6a1def7e09aba32b7d0df0;wdl6.txt
KBBNvKR.rtbw;WDL;6;6-WDL;01266ffe8dba14428c6d3c8a1d7a09d8;wdl6.txt
KBBPPvK.rtbw;WDL;6;6-WDL;1ebb902948a054d3eb83751b76c742fb;wdl6.txt
KBBPvKB.rtbw;WDL;6;6-WDL;e468714f32137909df5b1b0774013737;wdl6.txt
KBBPvKN.rtbw;WDL;6;6-WDL;54d75b5db1cc42290c9e012d7d187da7;wdl6.txt
KBBPvKP.rtbw;WDL;6;6-WDL;4a3adb2fd419ad3749023e3153109221;wdl6.txt
KBBPvKQ.rtbw;WDL;6;6-WDL;07e913fb6758f08e2b657c373b6a777c;wdl6.txt
KBBPvKR.rtbw;WDL;6;6-WDL;1b76661e1e925717a4671e15ddc9b7e2;wdl6.txt
KBBvKBB.rtbw;WDL;6;6-WDL;12383824d5472c6c1aced74d7576cd9d;wdl6.txt
KBBvKBN.rtbw;WDL;6;6-WDL;8092bf4e31a3a7212d0d0197c1fd1df4;wdl6.txt
KBBvKBP.rtbw;WDL;6;6-WDL;231b563b662264d04c5025a4f3fbd434;wdl6.txt
KBBvKNN.rtbw;WDL;6;6-WDL;d97177f66fb95a760d82d82f9eb99e2d;wdl6.txt
KBBvKNP.rtbw;WDL;6;6-WDL;744c0c7b20df457aa148ae65c75b79d4;wdl6.txt
KBBvKPP.rtbw;WDL;6;6-WDL;7e21db8453d9e5a3774cad9976a6eaff;wdl6.txt
KBNNNvK.rtbw;WDL;6;6-WDL;e063e5e35b7ce092e3cf75e01e41efd5;wdl6.txt
KBNNPvK.rtbw;WDL;6;6-WDL;a72d0089f2e15c8db3652796e90a2d1e;wdl6.txt
KBNNvKB.rtbw;WDL;6;6-WDL;d64f6611a7459cc47bc82876fcb1bf45;wdl6.txt
KBNNvKN.rtbw;WDL;6;6-WDL;4ab18fcf382e0e632060bf069bec0348;wdl6.txt
KBNNvKP.rtbw;WDL;6;6-WDL;fa46a59b663572dff2252b119e87f6e9;wdl6.txt
KBNNvKQ.rtbw;WDL;6;6-WDL;aa34dd807f52120f9bff7309be1df311;wdl6.txt
KBNNvKR.rtbw;WDL;6;6-WDL;b47c69033f5b5b296ee7956b70ce2724;wdl6.txt
KBNPPvK.rtbw;WDL;6;6-WDL;ce4cc8f93f209861ec056135585bdbb4;wdl6.txt
KBNPvKB.rtbw;WDL;6;6-WDL;a01b15b48244a8d29ebb551d9b9ea207;wdl6.txt
KBNPvKN.rtbw;WDL;6;6-WDL;0304cd5a764392e9d18e3450642e568b;wdl6.txt
KBNPvKP.rtbw;WDL;6;6-WDL;0d80a1cf1b8c7fb3c9fe007c86a3992a;wdl6.txt
KBNPvKQ.rtbw;WDL;6;6-WDL;1140344c47032a5eb4553ace2fd29b12;wdl6.txt
KBNPvKR.rtbw;WDL;6;6-WDL;e765b75cc84796bb7fd6ed4cff3ee8e1;wdl6.txt
KBNvKBN.rtbw;WDL;6;6-WDL;00a401a6a765f40352de1cbdfc9b82a8;wdl6.txt
KBNvKBP.rtbw;WDL;6;6-WDL;6e379ac5bd167bbcb594ac0cd7ff6d88;wdl6.txt
KBNvKNN.rtbw;WDL;6;6-WDL;eac9d172d26b3712f961d17331076a48;wdl6.txt
KBNvKNP.rtbw;WDL;6;6-WDL;1debfdad84ab4d843851d72a98e5ba7f;wdl6.txt
KBNvKPP.rtbw;WDL;6;6-WDL;4ac9084c885d45bd6ee23ebaa5a58f87;wdl6.txt
KBPPPvK.rtbw;WDL;6;6-WDL;abcfc86aab74fba41247111ca28ba957;wdl6.txt
KBPPvKB.rtbw;WDL;6;6-WDL;3b30a1175a62a449cbb5305255830801;wdl6.txt
KBPPvKN.rtbw;WDL;6;6-WDL;d5de2a3f494385c6b408fd7f25ce0e9e;wdl6.txt
KBPPvKP.rtbw;WDL;6;6-WDL;cee2ad3a393c6ebcaa2e2ddbe4ce8adf;wdl6.txt
KBPPvKQ.rtbw;WDL;6;6-WDL;197410432987816ddfaae7679a2a63dc;wdl6.txt
KBPPvKR.rtbw;WDL;6;6-WDL;0d9a8f33bb427882153f22299dbb0da0;wdl6.txt
KBPvKBP.rtbw;WDL;6;6-WDL;0a46b2b26af3084e192893b15edc27ed;wdl6.txt
KBPvKNN.rtbw;WDL;6;6-WDL;743856e1fca34c0c2506483ed935faf5;wdl6.txt
KBPvKNP.rtbw;WDL;6;6-WDL;4a8fca07042fa1f07c9c4f43b837b420;wdl6.txt
KBPvKPP.rtbw;WDL;6;6-WDL;de191075f2486048f5a3f03930126a0d;wdl6.txt
KNNNNvK.rtbw;WDL;6;6-WDL;dd47ae52e5f08d21e32ab8e7c4e83018;wdl6.txt
KNNNPvK.rtbw;WDL;6;6-WDL;f4e9f678f36a7a250b978649905811f2;wdl6.txt
KNNNvKB.rtbw;WDL;6;6-WDL;857c5630412eefc496efd0e0ab0bd4de;wdl6.txt
KNNNvKN.rtbw;WDL;6;6-WDL;d790a2c9ed3ffbc0607f6745b1d21eb9;wdl6.txt
KNNNvKP.rtbw;WDL;6;6-WDL;0521883d6471f1d0395204f3d479b62e;wdl6.txt
KNNNvKQ.rtbw;WDL;6;6-WDL;1db8596a8ac7a039b2bc201dd67bd409;wdl6.txt
KNNNvKR.rtbw;WDL;6;6-WDL;db4fac6926fec675ba11e60fab6c4efc;wdl6.txt
KNNPPvK.rtbw;WDL;6;6-WDL;44f00ebde27e60334a851c6ddce1f218;wdl6.txt
KNNPvKB.rtbw;WDL;6;6-WDL;904c08199cbf4d997c1f4c393c197e85;wdl6.txt
KNNPvKN.rtbw;WDL;6;6-WDL;20719fffe3b058dbc5af10b0cee5c92a;wdl6.txt
KNNPvKP.rtbw;WDL;6;6-WDL;8630f90c0578c654a527ac6db63bdece;wdl6.txt
KNNPvKQ.rtbw;WDL;6;6-WDL;ed912f5f36d46ed36f712326f9c1a7f3;wdl6.txt
KNNPvKR.rtbw;WDL;6;6-WDL;70c0ee7f88a29e118f4ac2cebe394dd2;wdl6.txt
KNNvKNN.rtbw;WDL;6;6-WDL;2010f8592ab2ab1950744d512b61afba;wdl6.txt
KNNvKNP.rtbw;WDL;6;6-WDL;c7c26fa899ca8ea58a5b9e90060cf151;wdl6.txt
KNNvKPP.rtbw;WDL;6;6-WDL;e2040f32a500077e5d6bbd003393a26a;wdl6.txt
KNPPPvK.rtbw;WDL;6;6-WDL;c748857e32f572d877ad626f3c4b83aa;wdl6.txt
KNPPvKB.rtbw;WDL;6;6-WDL;3870d2d596cbd2b1d7963d208d0c02c5;wdl6.txt
KNPPvKN.rtbw;WDL;6;6-WDL;7eb218f47ee4c4c7b9624323aa4f06e1;wdl6.txt
KNPPvKP.rtbw;WDL;6;6-WDL;97ef667f72b91975eda3a37b829a8e0c;wdl6.txt
KNPPvKQ.rtbw;WDL;6;6-WDL;bd6ff176a6be540905cc454119811fc8;wdl6.txt
KNPPvKR.rtbw;WDL;6;6-WDL;57994facc4e87dce202864aad1c64102;wdl6.txt
KNPvKNP.rtbw;WDL;6;6-WDL;17b7304542fe80283dc783c0cf1d6593;wdl6.txt
KNPvKPP.rtbw;WDL;6;6-WDL;c45bd2cb69597141c57e78ab5d5f0ec1;wdl6.txt
KPPPPvK.rtbw;WDL;6;6-WDL;1978239141409648be9578817022a5d5;wdl6.txt
KPPPvKB.rtbw;WDL;6;6-WDL;4f59909b605d20627a46cb8c32059dc1;wdl6.txt
KPPPvKN.rtbw;WDL;6;6-WDL;5435237ca9346edf58d061e7176a697c;wdl6.txt
KPPPvKP.rtbw;WDL;6;6-WDL;a098759afa82dc873b11b90280235386;wdl6.txt
KPPPvKQ.rtbw;WDL;6;6-WDL;55b4dc7b6f9fa95d5a0187ed67bab5f1;wdl6.txt
KPPPvKR.rtbw;WDL;6;6-WDL;83db545259dc9bd3e11abfcbb0fc0b39;wdl6.txt
KPPvKPP.rtbw;WDL;6;6-WDL;4d7a843e8079cf852d817301f40e21f6;wdl6.txt
KQBBBvK.rtbw;WDL;6;6-WDL;1ccbd87a1c7a5bbf186d1d0286806763;wdl6.txt
KQBBNvK.rtbw;WDL;6;6-WDL;a4c1db9fa92c842bf4136384e8f9c3f1;wdl6.txt
KQBBPvK.rtbw;WDL;6;6-WDL;bae3063a6c6c94edd963a8b9adaea8b7;wdl6.txt
KQBBvKB.rtbw;WDL;6;6-WDL;daca9a059078a816413c1fae8d7b6f37;wdl6.txt
KQBBvKN.rtbw;WDL;6;6-WDL;1146c011a8c220ae71440bd1a387957f;wdl6.txt
KQBBvKP.rtbw;WDL;6;6-WDL;481537f5acf41222fe36729a446469b7;wdl6.txt
KQBBvKQ.rtbw;WDL;6;6-WDL;f6ca816996f842d3daa41d479c1984df;wdl6.txt
KQBBvKR.rtbw;WDL;6;6-WDL;3a28d90e07356963c58e587a83834d1a;wdl6.txt
KQBNNvK.rtbw;WDL;6;6-WDL;a7f77c3f064cf015a75bc0cb775aa1dc;wdl6.txt
KQBNPvK.rtbw;WDL;6;6-WDL;f73b2c499881ed37e05717b551917e4a;wdl6.txt
KQBNvKB.rtbw;WDL;6;6-WDL;04fed864ebf3a8cd512b81d596cab6c3;wdl6.txt
KQBNvKN.rtbw;WDL;6;6-WDL;e935e7531d79d9eaec3adb19ee4d99b8;wdl6.txt
KQBNvKP.rtbw;WDL;6;6-WDL;e64180c231958042ff06e7710977359b;wdl6.txt
KQBNvKQ.rtbw;WDL;6;6-WDL;86094b84f66589d715243eea760568d5;wdl6.txt
KQBNvKR.rtbw;WDL;6;6-WDL;29566ca5c33c8fc42b6923ff0009a102;wdl6.txt
KQBPPvK.rtbw;WDL;6;6-WDL;93370ae1b9814c0b024cf78280e1a335;wdl6.txt
KQBPvKB.rtbw;WDL;6;6-WDL;2b176b932313b8b0fe173b43c20b019c;wdl6.txt
KQBPvKN.rtbw;WDL;6;6-WDL;1ab254f3f45c9f7b7f075205e29dc9c4;wdl6.txt
KQBPvKP.rtbw;WDL;6;6-WDL;cf8278ac3e9a5fe70715c55ff0c8934f;wdl6.txt
KQBPvKQ.rtbw;WDL;6;6-WDL;2fd2f93cdada848f76fb3b2b61f01f65;wdl6.txt
KQBPvKR.rtbw;WDL;6;6-WDL;ed33fd8c31b3f76af9d3f6e3e00a65be;wdl6.txt
KQBvKBB.rtbw;WDL;6;6-WDL;158b5ad0ae4316b5e50dc79ae19f4091;wdl6.txt
KQBvKBN.rtbw;WDL;6;6-WDL;e94fd4fb0ad2c9c781652e9013250334;wdl6.txt
KQBvKBP.rtbw;WDL;6;6-WDL;578a31bf481e8e92ab625b21c6638561;wdl6.txt
KQBvKNN.rtbw;WDL;6;6-WDL;f79d306c0e2411da4c44989a33812d5c;wdl6.txt
KQBvKNP.rtbw;WDL;6;6-WDL;347e89c95fe7c068e20c3c14f895ec69;wdl6.txt
KQBvKPP.rtbw;WDL;6;6-WDL;ba2fe0d1ab14cd9c4f150d698cc69033;wdl6.txt
KQBvKQB.rtbw;WDL;6;6-WDL;3aa94af719ad68d4028dc4dfbeddf8ff;wdl6.txt
KQBvKQN.rtbw;WDL;6;6-WDL;c61938eab3cb85ee77ee94259cd0a2cc;wdl6.txt
KQBvKQP.rtbw;WDL;6;6-WDL;0f0e7e17371d24b36b00010cdc82f5dc;wdl6.txt
KQBvKRB.rtbw;WDL;6;6-WDL;209f7d9731536ddcb83f293ea68a0f1a;wdl6.txt
KQBvKRN.rtbw;WDL;6;6-WDL;81daaee7f58af1b92cb43e66dd335666;wdl6.txt
KQBvKRP.rtbw;WDL;6;6-WDL;ac0974ebfe28cc123e6f3853ae40a45d;wdl6.txt
KQBvKRR.rtbw;WDL;6;6-WDL;c51736feac2576951ae9e27daa29beae;wdl6.txt
KQNNNvK.rtbw;WDL;6;6-WDL;d7fb2e40aaea07459fdf3641f2d0bd25;wdl6.txt
KQNNPvK.rtbw;WDL;6;6-WDL;837e2dfd1f62290cc8fe75b64980820d;wdl6.txt
KQNNvKB.rtbw;WDL;6;6-WDL;a0ab816cac6b05fc555ae737e0b448a4;wdl6.txt
KQNNvKN.rtbw;WDL;6;6-WDL;a2aa28aea0abff06210a64a6f5747046;wdl6.txt
KQNNvKP.rtbw;WDL;6;6-WDL;0905996bc427e2ec928266385a8b6f08;wdl6.txt
KQNNvKQ.rtbw;WDL;6;6-WDL;4e8dac89401f2821e3f0cc6b5d0b257f;wdl6.txt
KQNNvKR.rtbw;WDL;6;6-WDL;1cab3b3704eb92a6da72105eb16e53f2;wdl6.txt
KQNPPvK.rtbw;WDL;6;6-WDL;59decec22c911d63f6a8b60cbb384769;wdl6.txt
KQNPvKB.rtbw;WDL;6;6-WDL;132d01ce23a9573751be51ee5e818b40;wdl6.txt
KQNPvKN.rtbw;WDL;6;6-WDL;95a774ca59296a0d5eb86d441b2cc906;wdl6.txt
KQNPvKP.rtbw;WDL;6;6-WDL;ac3ab793bfb7a84fc54aa37e787c1024;wdl6.txt
KQNPvKQ.rtbw;WDL;6;6-WDL;6574aeb96c43d723d58fca1ed38feb91;wdl6.txt
KQNPvKR.rtbw;WDL;6;6-WDL;3f6317897cce17c46bcd660432b12ca2;wdl6.txt
KQNvKBB.rtbw;WDL;6;6-WDL;68ef0dfadb17fdecc44ef3ed2db64f80;wdl6.txt
KQNvKBN.rtbw;WDL;6;6-WDL;d7210e0e3895702981565e0f7614db69;wdl6.txt
KQNvKBP.rtbw;WDL;6;6-WDL;0962adfc99502a5549ab05d8354c54ad;wdl6.txt
KQNvKNN.rtbw;WDL;6;6-WDL;5aab536fd8864481388edf7fa001bd23;wdl6.txt
KQNvKNP.rtbw;WDL;6;6-WDL;668c404b4ebd6540c711564f48aa2609;wdl6.txt
KQNvKPP.rtbw;WDL;6;6-WDL;a554f74d8937310147ac34622e2bb922;wdl6.txt
KQNvKQN.rtbw;WDL;6;6-WDL;ad6ecebe833bde0458568aa0d2491ca9;wdl6.txt
KQNvKQP.rtbw;WDL;6;6-WDL;9ab186662400f8ca1e4e0f489d793b3c;wdl6.txt
KQNvKRB.rtbw;WDL;6;6-WDL;5d16e99bbc2a7b9f42680819bffbc802;wdl6.txt
KQNvKRN.rtbw;WDL;6;6-WDL;ea2dcae4da7f616dd85ff04641a4ab4f;wdl6.txt
KQNvKRP.rtbw;WDL;6;6-WDL;f51b45c59646cf75b9b48dc6534fb3d7;wdl6.txt
KQNvKRR.rtbw;WDL;6;6-WDL;e4d646dd14f9d18ccaf84d9189883c52;wdl6.txt
KQPPPvK.rtbw;WDL;6;6-WDL;f4393a6dd32b1ca3e29c901d2bb9093e;wdl6.txt
KQPPvKB.rtbw;WDL;6;6-WDL;53cd882af5d1e30684f87d316afdd661;wdl6.txt
KQPPvKN.rtbw;WDL;6;6-WDL;9b1eefa53cd740650e4d7027f95015f7;wdl6.txt
KQPPvKP.rtbw;WDL;6;6-WDL;6754eb0eaf76352639aa80b645c3b2ab;wdl6.txt
KQPPvKQ.rtbw;WDL;6;6-WDL;84d423486dbdf027cfe85e82ddf166a4;wdl6.txt
KQPPvKR.rtbw;WDL;6;6-WDL;2b99ae4037e9fc184691a21e8b1a658e;wdl6.txt
KQPvKBB.rtbw;WDL;6;6-WDL;2ef50f1dc053251084859e15265d2766;wdl6.txt
KQPvKBN.rtbw;WDL;6;6-WDL;9b8247d833c133f7216b681fb1b67757;wdl6.txt
KQPvKBP.rtbw;WDL;6;6-WDL;aaa9623e674528a1047c49e0d2c2619e;wdl6.txt
KQPvKNN.rtbw;WDL;6;6-WDL;8d5e640f79d7365f0da0489504893132;wdl6.txt
KQPvKNP.rtbw;WDL;6;6-WDL;b01f0a1d7376b1749cfa3c1eb7d9a776;wdl6.txt
KQPvKPP.rtbw;WDL;6;6-WDL;43ef6d68f917b53ab9fd672c381439dd;wdl6.txt
KQPvKQP.rtbw;WDL;6;6-WDL;730cebc453737b591166dcd5a272499f;wdl6.txt
KQPvKRB.rtbw;WDL;6;6-WDL;8a2108f09edcd0cad14d3461f4e27229;wdl6.txt
KQPvKRN.rtbw;WDL;6;6-WDL;890e23d49d13eabb98be2fb326ea80e6;wdl6.txt
KQPvKRP.rtbw;WDL;6;6-WDL;7eecb6e0d72d1ec3e33a7f47236b9146;wdl6.txt
KQPvKRR.rtbw;WDL;6;6-WDL;25567a750cf88dc4449d658b640853d5;wdl6.txt
KQQBBvK.rtbw;WDL;6;6-WDL;0be7b96e73953e9585478f942b3e5336;wdl6.txt
KQQBNvK.rtbw;WDL;6;6-WDL;3aed637d4f9ab16e7571e96e10144245;wdl6.txt
KQQBPvK.rtbw;WDL;6;6-WDL;845ff6d21ee1b14646fa04a8b6ee0850;wdl6.txt
KQQBvKB.rtbw;WDL;6;6-WDL;351366ae321a4c9ac60ddace8d4462fe;wdl6.txt
KQQBvKN.rtbw;WDL;6;6-WDL;2363ea1aedd36c71c36b2b40e828d241;wdl6.txt
KQQBvKP.rtbw;WDL;6;6-WDL;75aaa882fd22f69c8d26e693c1f8e7ca;wdl6.txt
KQQBvKQ.rtbw;WDL;6;6-WDL;acbb3c87b8f4208fc145001dd1243176;wdl6.txt
KQQBvKR.rtbw;WDL;6;6-WDL;b58703973bda961b2ddccf8f7c9e10b5;wdl6.txt
KQQNNvK.rtbw;WDL;6;6-WDL;95540fbcb4c14cab5ff7cbc6a03cb4b7;wdl6.txt
KQQNPvK.rtbw;WDL;6;6-WDL;598288cc32579171951556df362330a5;wdl6.txt
KQQNvKB.rtbw;WDL;6;6-WDL;b7fdbe2f067566de575365c463a2af7d;wdl6.txt
KQQNvKN.rtbw;WDL;6;6-WDL;f773cf3c735c65fc614301225d7cd3c2;wdl6.txt
KQQNvKP.rtbw;WDL;6;6-WDL;09299ddcfc8a4ddacf8bb135797e601c;wdl6.txt
KQQNvKQ.rtbw;WDL;6;6-WDL;6f8ef7dfd97180df2a7d50bf7aa58fa6;wdl6.txt
KQQNvKR.rtbw;WDL;6;6-WDL;e0fea9f349098451e1832c62f147ef17;wdl6.txt
KQQPPvK.rtbw;WDL;6;6-WDL;bf964144e76d07d5a72103b2837c41f9;wdl6.txt
KQQPvKB.rtbw;WDL;6;6-WDL;1972646740ae3c0f569f5c52c9248866;wdl6.txt
KQQPvKN.rtbw;WDL;6;6-WDL;868371620befec60b9b14bd182654fe2;wdl6.txt
KQQPvKP.rtbw;WDL;6;6-WDL;206ae2acac8c5ada44f14b08b93b795f;wdl6.txt
KQQPvKQ.rtbw;WDL;6;6-WDL;f87499e3d304054e213816b9c78fee86;wdl6.txt
KQQPvKR.rtbw;WDL;6;6-WDL;fddc822327412bdf56142c31539643fb;wdl6.txt
KQQQBvK.rtbw;WDL;6;6-WDL;eeac25962d85a91464e0fc9d5edb1f5b;wdl6.txt
KQQQNvK.rtbw;WDL;6;6-WDL;661ad12770dbfde23f8ee79cd45ea563;wdl6.txt
KQQQPvK.rtbw;WDL;6;6-WDL;a6147de865bba8dd1de5a6c754c48b39;wdl6.txt
KQQQQvK.rtbw;WDL;6;6-WDL;8dfae8933e1cf7bfb93ed8d197b7aa6c;wdl6.txt
KQQQRvK.rtbw;WDL;6;6-WDL;e6b05828d361910c0e911d080bcc6e0b;wdl6.txt
KQQQvKB.rtbw;WDL;6;6-WDL;6aec174a527e62d44c43f5715a4fc4cd;wdl6.txt
KQQQvKN.rtbw;WDL;6;6-WDL;d599dd2c75768695151693216579e046;wdl6.txt
KQQQvKP.rtbw;WDL;6;6-WDL;e7ff1e81793944d531a9017a7d1fb5c8;wdl6.txt
KQQQvKQ.rtbw;WDL;6;6-WDL;d0fd9701d34f5c481e8d88d13e77ba05;wdl6.txt
KQQQvKR.rtbw;WDL;6;6-WDL;c9efbb2eaf3e12aa3353c1c010956129;wdl6.txt
KQQRBvK.rtbw;WDL;6;6-WDL;48debafdd15802b11df69c4b134bccca;wdl6.txt
KQQRNvK.rtbw;WDL;6;6-WDL;871dab7184d621b1f83105d94428fcc2;wdl6.txt
KQQRPvK.rtbw;WDL;6;6-WDL;bc545916272cc53d9a6476eb130aa4ef;wdl6.txt
KQQRRvK.rtbw;WDL;6;6-WDL;5f7cf47359358bb529119b0072600636;wdl6.txt
KQQRvKB.rtbw;WDL;6;6-WDL;38ebeb56dcb3ce90b7d5ebe1b5922937;wdl6.txt
KQQRvKN.rtbw;WDL;6;6-WDL;d8d974e8746fff29762ebeb9a9f6405d;wdl6.txt
KQQRvKP.rtbw;WDL;6;6-WDL;fc11fe6a1a22ccdf1e7c5108c1e206eb;wdl6.txt
KQQRvKQ.rtbw;WDL;6;6-WDL;78cb3c0a1633ef37665a58358e98a7cc;wdl6.txt
KQQRvKR.rtbw;WDL;6;6-WDL;caff00f72a696c63a08c560cd968cc0c;wdl6.txt
KQQvKBB.rtbw;WDL;6;6-WDL;e8989de338f425ad4bcf80ecd33618f9;wdl6.txt
KQQvKBN.rtbw;WDL;6;6-WDL;75fc0a3dda4a598479bc858e6fbc5eea;wdl6.txt
KQQvKBP.rtbw;WDL;6;6-WDL;4f18d2ab6361603f76b71f9bef06445d;wdl6.txt
KQQvKNN.rtbw;WDL;6;6-WDL;af2f9669d9a5282004c7cf598d792a48;wdl6.txt
KQQvKNP.rtbw;WDL;6;6-WDL;41ea9932bc925f2523119817e85426d2;wdl6.txt
KQQvKPP.rtbw;WDL;6;6-WDL;54657ece986c1781dc65e089b41c641e;wdl6.txt
KQQvKQB.rtbw;WDL;6;6-WDL;145006ff2cb2f83e03e4e046683fb38d;wdl6.txt
KQQvKQN.rtbw;WDL;6;6-WDL;def3ce516107ffbfb03d7b0bdc487eab;wdl6.txt
KQQvKQP.rtbw;WDL;6;6-WDL;9d6f8f34e4595df9e826dd4c54cb55de;wdl6.txt
KQQvKQQ.rtbw;WDL;6;6-WDL;4ce8be0a8227d703cd9a4625fb2ea779;wdl6.txt
KQQvKQR.rtbw;WDL;6;6-WDL;621f5d155696b155c44be8c0c32a342d;wdl6.txt
KQQvKRB.rtbw;WDL;6;6-WDL;220b689d2de005a811c7d25b7e0cd632;wdl6.txt
KQQvKRN.rtbw;WDL;6;6-WDL;f8405eb30e52328cb187f8fa84b2acd5;wdl6.txt
KQQvKRP.rtbw;WDL;6;6-WDL;66f49f3ad489f7558c9ba54739ef8dcf;wdl6.txt
KQQvKRR.rtbw;WDL;6;6-WDL;ea2aff18625f4e3cb764eeca5feaba33;wdl6.txt
KQRBBvK.rtbw;WDL;6;6-WDL;8d4ff7c843257af82251a6e2671d4401;wdl6.txt
KQRBNvK.rtbw;WDL;6;6-WDL;8a293054d9301e2c661f176081d7d3d2;wdl6.txt
KQRBPvK.rtbw;WDL;6;6-WDL;df2d79041627e38fa9bec6077b7896fc;wdl6.txt
KQRBvKB.rtbw;WDL;6;6-WDL;bfe7fbe6044f9c443afe36af1dd92aa8;wdl6.txt
KQRBvKN.rtbw;WDL;6;6-WDL;409656b397de9a8ab0724863f0a3f228;wdl6.txt
KQRBvKP.rtbw;WDL;6;6-WDL;3a7c6a1a7a0ee9af5f395561a607e3f7;wdl6.txt
KQRBvKQ.rtbw;WDL;6;6-WDL;3a8ace4aa3016d8ff7b196c6c541997d;wdl6.txt
KQRBvKR.rtbw;WDL;6;6-WDL;725ce45b0ae5ce610a48bea8a0e6263f;wdl6.txt
KQRNNvK.rtbw;WDL;6;6-WDL;d8bcdafae6aa77f2eb00a6f4d2da3ae3;wdl6.txt
KQRNPvK.rtbw;WDL;6;6-WDL;b1b7429623b4a44ef112a6a7aae3f8ba;wdl6.txt
KQRNvKB.rtbw;WDL;6;6-WDL;8b75143c2742adfef0fc7a9b99a3ee6d;wdl6.txt
KQRNvKN.rtbw;WDL;6;6-WDL;e2374d5da179a00c61e59a64d3a065ad;wdl6.txt
KQRNvKP.rtbw;WDL;6;6-WDL;d3fe2bf134c79dbbaa23fd54f62b35ab;wdl6.txt
KQRNvKQ.rtbw;WDL;6;6-WDL;ef88e134465f41d8efcc0adc4d977a96;wdl6.txt
KQRNvKR.rtbw;WDL;6;6-WDL;b07a984225b0a0963cccbf8c4f354803;wdl6.txt
KQRPPvK.rtbw;WDL;6;6-WDL;f110f0fc590ad07f05dfead4fdfac8a6;wdl6.txt
KQRPvKB.rtbw;WDL;6;6-WDL;3388c8008e5fc41b6fd2ee2a58e4460b;wdl6.txt
KQRPvKN.rtbw;WDL;6;6-WDL;a919e72dfc1bb62c8ad0b7226c9b9de7;wdl6.txt
KQRPvKP.rtbw;WDL;6;6-WDL;9a8e390b4f11d3a183b906ff74b15495;wdl6.txt
KQRPvKQ.rtbw;WDL;6;6-WDL;f0601d5dd1d216ec2232f744395cde37;wdl6.txt
KQRPvKR.rtbw;WDL;6;6-WDL;ddedb2703d688467cc8ffbf6d9c4c495;wdl6.txt
KQRRBvK.rtbw;WDL;6;6-WDL;72c7bb6d6ae0fa837a29f6419aa9e31e;wdl6.txt
KQRRNvK.rtbw;WDL;6;6-WDL;7b18a19d87702886d457d748c8b276f3;wdl6.txt
KQRRPvK.rtbw;WDL;6;6-WDL;a7a65c5270ae508756d84a706467a9c2;wdl6.txt
KQRRRvK.rtbw;WDL;6;6-WDL;39e77f5ffc59ae666a0dffe8366442f9;wdl6.txt
KQRRvKB.rtbw;WDL;6;6-WDL;310283a1abff93df135764b203b2b012;wdl6.txt
KQRRvKN.rtbw;WDL;6;6-WDL;87f70e46e849fb728a0b7ebdb34e298d;wdl6.txt
KQRRvKP.rtbw;WDL;6;6-WDL;c8837791fc83417cd8ab7e855c20c808;wdl6.txt
KQRRvKQ.rtbw;WDL;6;6-WDL;6402acf3d4785eb7111fa01973907af6;wdl6.txt
KQRRvKR.rtbw;WDL;6;6-WDL;cfaed2506229f0cbbff4045d78756347;wdl6.txt
KQRvKBB.rtbw;WDL;6;6-WDL;82857e5bc3ed6ca430e2ac908e990cf9;wdl6.txt
KQRvKBN.rtbw;WDL;6;6-WDL;7a90996bc5e29d74a2e42c6c98c005ad;wdl6.txt
KQRvKBP.rtbw;WDL;6;6-WDL;365a48ebc8ebfd72137b4885249396c6;wdl6.txt
KQRvKNN.rtbw;WDL;6;6-WDL;a227c10bb1789b6aa9640d61b09056ba;wdl6.txt
KQRvKNP.rtbw;WDL;6;6-WDL;0dd2d1d5941f0c290b572ecc0ff8b909;wdl6.txt
KQRvKPP.rtbw;WDL;6;6-WDL;f08c4104387e7cb99ab6498328857f54;wdl6.txt
KQRvKQB.rtbw;WDL;6;6-WDL;1e39c545e3c50325fac138e1b625b29e;wdl6.txt
KQRvKQN.rtbw;WDL;6;6-WDL;bca0f115bcf074098bb8d4c530eccb1b;wdl6.txt
KQRvKQP.rtbw;WDL;6;6-WDL;bb3f65f592bd5293b0b225afd1817551;wdl6.txt
KQRvKQR.rtbw;WDL;6;6-WDL;f6643b4ed7937edfbe621c139977f8a0;wdl6.txt
KQRvKRB.rtbw;WDL;6;6-WDL;0666c58d2a331a768b91a34c971159b4;wdl6.txt
KQRvKRN.rtbw;WDL;6;6-WDL;77b0520df6ee608c64d88c5181e5e2c2;wdl6.txt
KQRvKRP.rtbw;WDL;6;6-WDL;d5621dc6a78cce2f9bd449faef3288ce;wdl6.txt
KQRvKRR.rtbw;WDL;6;6-WDL;cf673254554eb7f30d1cfc58e85892e3;wdl6.txt
KRBBBvK.rtbw;WDL;6;6-WDL;99f181ae1a67bbe694f28c53cfacec26;wdl6.txt
KRBBNvK.rtbw;WDL;6;6-WDL;fb820d56f2b3d4195e91963260773e4d;wdl6.txt
KRBBPvK.rtbw;WDL;6;6-WDL;6e52950576c74a4ce0b91c6de54f6fdb;wdl6.txt
KRBBvKB.rtbw;WDL;6;6-WDL;61d8deba3f91d26d8db561ce13353bcd;wdl6.txt
KRBBvKN.rtbw;WDL;6;6-WDL;0549877c11f0c0b403b7ad289a8dc3f4;wdl6.txt
KRBBvKP.rtbw;WDL;6;6-WDL;9b9fad18b7da9b3aae853c4d6c9fd028;wdl6.txt
KRBBvKQ.rtbw;WDL;6;6-WDL;f07a60430721aad61e44c0dc5485b4e9;wdl6.txt
KRBBvKR.rtbw;WDL;6;6-WDL;6770c2f957ab9cae100604a4d293703a;wdl6.txt
KRBNNvK.rtbw;WDL;6;6-WDL;8142ac79fa3b149b849677fc5834640d;wdl6.txt
KRBNPvK.rtbw;WDL;6;6-WDL;76411aea3e53e160c4ddf648b3eb4bbe;wdl6.txt
KRBNvKB.rtbw;WDL;6;6-WDL;a296caade51df0d4cd9e4e8e8e95a07e;wdl6.txt
KRBNvKN.rtbw;WDL;6;6-WDL;f77588a7a18f382c18b1a616a79eb829;wdl6.txt
KRBNvKP.rtbw;WDL;6;6-WDL;384f09d3269845d59368417b1e6d3f00;wdl6.txt
KRBNvKQ.rtbw;WDL;6;6-WDL;921e17f0e5ffbb9f45e3fa31ba7e24ad;wdl6.txt
KRBNvKR.rtbw;WDL;6;6-WDL;f3515a28e3cc0edcfa45ad88041156f6;wdl6.txt
KRBPPvK.rtbw;WDL;6;6-WDL;a9a8b28a982480cc21cf4d8f7d3f62e9;wdl6.txt
KRBPvKB.rtbw;WDL;6;6-WDL;8ab51ee6d5f6db6c13e65ec6ac205fc7;wdl6.txt
KRBPvKN.rtbw;WDL;6;6-WDL;9dab818b639b0734dcd41ef8b20d6b52;wdl6.txt
KRBPvKP.rtbw;WDL;6;6-WDL;6a36d2e62d6ba88c398b25a24555dfe4;wdl6.txt
KRBPvKQ.rtbw;WDL;6;6-WDL;cd63cf81ea4a2421b5142e4d6190ae5c;wdl6.txt
KRBPvKR.rtbw;WDL;6;6-WDL;69133c68bac41fe97d60c5929c16b7a0;wdl6.txt
KRBvKBB.rtbw;WDL;6;6-WDL;9038383c1cad9387dd6db757d4fd9646;wdl6.txt
KRBvKBN.rtbw;WDL;6;6-WDL;3d1dd3fc6d9da970a8c3b31c376dd81c;wdl6.txt
KRBvKBP.rtbw;WDL;6;6-WDL;a03ee247569266ff81468fb2be3d924e;wdl6.txt
KRBvKNN.rtbw;WDL;6;6-WDL;11dd2908a4130ae126823138a525f179;wdl6.txt
KRBvKNP.rtbw;WDL;6;6-WDL;df765788f2ee5e28c3ab1f997298d9d7;wdl6.txt
KRBvKPP.rtbw;WDL;6;6-WDL;0067907064d7554c845d59be205323fa;wdl6.txt
KRBvKRB.rtbw;WDL;6;6-WDL;453504d0f6189442cdca3fffb0fae8bb;wdl6.txt
KRBvKRN.rtbw;WDL;6;6-WDL;06320861ac89fbff340073a2cfc44e09;wdl6.txt
KRBvKRP.rtbw;WDL;6;6-WDL;1bf3b534eae2159aab8de8662226d495;wdl6.txt
KRNNNvK.rtbw;WDL;6;6-WDL;f30e0eb6de639187356aa236e51d4d02;wdl6.txt
KRNNPvK.rtbw;WDL;6;6-WDL;2616327ab9bf5e9087d88db4df95f186;wdl6.txt
KRNNvKB.rtbw;WDL;6;6-WDL;005aa824e9723ad533dd0147fabae115;wdl6.txt
KRNNvKN.rtbw;WDL;6;6-WDL;e25e074aed093281ffe021c8d51b8d0a;wdl6.txt
KRNNvKP.rtbw;WDL;6;6-WDL;3d0670ef1cea51a94ce62b134da6f8e9;wdl6.txt
KRNNvKQ.rtbw;WDL;6;6-WDL;7d5248bb19397088ed32dc7141e14458;wdl6.txt
KRNNvKR.rtbw;WDL;6;6-WDL;f3e49fb1258791ed00919ee94894c90c;wdl6.txt
KRNPPvK.rtbw;WDL;6;6-WDL;d4081cf66e5e2da800d1f560db2607c0;wdl6.txt
KRNPvKB.rtbw;WDL;6;6-WDL;72b3ae92766d402eee988450dcb2a138;wdl6.txt
KRNPvKN.rtbw;WDL;6;6-WDL;5f76654ce3371936d5b1e3ffd763900b;wdl6.txt
KRNPvKP.rtbw;WDL;6;6-WDL;8226300e3e8688bc1c54c670c62452e9;wdl6.txt
KRNPvKQ.rtbw;WDL;6;6-WDL;7e4b11956afe5055366f30275ebe1d2f;wdl6.txt
KRNPvKR.rtbw;WDL;6;6-WDL;e2d8bed0a07270dcb1f07f2ab6e415bc;wdl6.txt
KRNvKBB.rtbw;WDL;6;6-WDL;97d26dad6d8b5c7d7a9b424b3ac5decc;wdl6.txt
KRNvKBN.rtbw;WDL;6;6-WDL;6454c587db726761dde5cbdf46310396;wdl6.txt
KRNvKBP.rtbw;WDL;6;6-WDL;17b1f7445e1e115d006cdad3295f47bc;wdl6.txt
KRNvKNN.rtbw;WDL;6;6-WDL;a320ac41bcf786b25efc9040ae1ff65f;wdl6.txt
KRNvKNP.rtbw;WDL;6;6-WDL;676a9b13cc55ec4a7817c309e1bf8f70;wdl6.txt
KRNvKPP.rtbw;WDL;6;6-WDL;c7bcb5eb69e88b5e5a0dcb989d34985a;wdl6.txt
KRNvKRN.rtbw;WDL;6;6-WDL;e3ce014d9c975e533bc4fc4081ec6df6;wdl6.txt
KRNvKRP.rtbw;WDL;6;6-WDL;400dac24b4626429ea616347614f45d8;wdl6.txt
KRPPPvK.rtbw;WDL;6;6-WDL;63d6ae273128adf8ecce6c5ee56b78bb;wdl6.txt
KRPPvKB.rtbw;WDL;6;6-WDL;7029611b2556d9d5022f3b7ba09db79d;wdl6.txt
KRPPvKN.rtbw;WDL;6;6-WDL;b206562bddb8135f9aa6bcb0293d3304;wdl6.txt
KRPPvKP.rtbw;WDL;6;6-WDL;c8868318a214d872238ad782cc98b427;wdl6.txt
KRPPvKQ.rtbw;WDL;6;6-WDL;2a5ffa153dfdb48961f6f2e1052a81c1;wdl6.txt
KRPPvKR.rtbw;WDL;6;6-WDL;d8412731f7e05218686d70a118049d09;wdl6.txt
KRPvKBB.rtbw;WDL;6;6-WDL;cb13e56a06fe0c9ee62b6467b46203d1;wdl6.txt
KRPvKBN.rtbw;WDL;6;6-WDL;8c09cd8b471f18b9e28b33e7a72b765f;wdl6.txt
KRPvKBP.rtbw;WDL;6;6-WDL;828e96c3910e4a3f1cc7f26a041ffc3c;wdl6.txt
KRPvKNN.rtbw;WDL;6;6-WDL;66d295475b4bb24dc8a8ce24e06e1f27;wdl6.txt
KRPvKNP.rtbw;WDL;6;6-WDL;64b8f8c9490e24f5c6128c7bc4f623f3;wdl6.txt
KRPvKPP.rtbw;WDL;6;6-WDL;f6acc9c1fdb26f37f7a8d92a6a286195;wdl6.txt
KRPvKRP.rtbw;WDL;6;6-WDL;888e11e8afb9dd38c7d5bc5ab715edf2;wdl6.txt
KRRBBvK.rtbw;WDL;6;6-WDL;a2fad267340d6f40ab20a3985f9650e1;wdl6.txt
KRRBNvK.rtbw;WDL;6;6-WDL;98e133cef116b71490b19e8c810dc9ed;wdl6.txt
KRRBPvK.rtbw;WDL;6;6-WDL;2e838ad4612519a99608171b5a751f72;wdl6.txt
KRRBvKB.rtbw;WDL;6;6-WDL;4d2c038ee2dcb28d1903f8c95c782381;wdl6.txt
KRRBvKN.rtbw;WDL;6;6-WDL;48330dfa3f35533e0d6ac1d25c031a4e;wdl6.txt
KRRBvKP.rtbw;WDL;6;6-WDL;8aa6e8dbc0ca7cfcee9424f572ca832d;wdl6.txt
KRRBvKQ.rtbw;WDL;6;6-WDL;40e6f416ffb0d1d65f6780e44b69abf7;wdl6.txt
KRRBvKR.rtbw;WDL;6;6-WDL;284f20d600755fdc456924a5ba6b066e;wdl6.txt
KRRNNvK.rtbw;WDL;6;6-WDL;c1d7fb7389ec4f67e0fe70ac27feb21e;wdl6.txt
KRRNPvK.rtbw;WDL;6;6-WDL;20defc15c3ca97873f93b1d79c0bc6f4;wdl6.txt
KRRNvKB.rtbw;WDL;6;6-WDL;6d5c5c0482ec522766f41c76c69b6e5a;wdl6.txt
KRRNvKN.rtbw;WDL;6;6-WDL;072d93d1adef203753f682b0c11580fa;wdl6.txt
KRRNvKP.rtbw;WDL;6;6-WDL;ba25a2ed49335e3359ec57a767ca66fd;wdl6.txt
KRRNvKQ.rtbw;WDL;6;6-WDL;9c90fa822d03f0f54c25f31ab953fa03;wdl6.txt
KRRNvKR.rtbw;WDL;6;6-WDL;889dda2e03277b562d2a50cd359bd6ae;wdl6.txt
KRRPPvK.rtbw;WDL;6;6-WDL;ef60462939bbd101575f740e5039131a;wdl6.txt
KRRPvKB.rtbw;WDL;6;6-WDL;0eeb17e84c684678c692485afb3b7176;wdl6.txt
KRRPvKN.rtbw;WDL;6;6-WDL;5c2af04da60e3688a0ad62fa91b28117;wdl6.txt
KRRPvKP.rtbw;WDL;6;6-WDL;71ed77bef1fc93f7e83c29c81d9cd8aa;wdl6.txt
KRRPvKQ.rtbw;WDL;6;6-WDL;21ff3a2ac3aa468a1b6e3ea9fcfb94e8;wdl6.txt
KRRPvKR.rtbw;WDL;6;6-WDL;ad658ca7ab385ec4ee6be4285d83d55a;wdl6.txt
KRRRBvK.rtbw;WDL;6;6-WDL;9b7884f22745165dbad4154f0fa22ae1;wdl6.txt
KRRRNvK.rtbw;WDL;6;6-WDL;231b8cedd19c3fe22b485b6cb8a4665e;wdl6.txt
KRRRPvK.rtbw;WDL;6;6-WDL;b67f273649d6d2b825017817cae92ef8;wdl6.txt
KRRRRvK.rtbw;WDL;6;6-WDL;4b1379df4a3869d1a933a3b2026f4ba1;wdl6.txt
KRRRvKB.rtbw;WDL;6;6-WDL;e5b2ebcf523a00a8b81ef0e33053e122;wdl6.txt
KRRRvKN.rtbw;WDL;6;6-WDL;c26e79a5cb1400c8d6e5e3055d8af50a;wdl6.txt
KRRRvKP.rtbw;WDL;6;6-WDL;637b9389ab5b51b113846c90a6d80f39;wdl6.txt
KRRRvKQ.rtbw;WDL;6;6-WDL;8fbe5b363c7ae225010f805ac69689b8;wdl6.txt
KRRRvKR.rtbw;WDL;6;6-WDL;4d4e35b6c2bdf36908f63de662fd63e2;wdl6.txt
KRRvKBB.rtbw;WDL;6;6-WDL;88b230728d15fcc94a9e1ec8129c247f;wdl6.txt
KRRvKBN.rtbw;WDL;6;6-WDL;de223acb0a312d8732d9e086a0246e3a;wdl6.txt
KRRvKBP.rtbw;WDL;6;6-WDL;cf0722c3b1d9f89539e3e670e14080bc;wdl6.txt
KRRvKNN.rtbw;WDL;6;6-WDL;103d730ab7876ef5a6a20f4048a3097d;wdl6.txt
KRRvKNP.rtbw;WDL;6;6-WDL;63a2574246fcb225ef29482b32f6a457;wdl6.txt
KRRvKPP.rtbw;WDL;6;6-WDL;6d0ec03cd78401401d7b2cf117ac95de;wdl6.txt
KRRvKRB.rtbw;WDL;6;6-WDL;a1607ff787f8d4959cda22181dc90b8c;wdl6.txt
KRRvKRN.rtbw;WDL;6;6-WDL;5abac6c338c0a30179eccc21774abe3e;wdl6.txt
KRRvKRP.rtbw;WDL;6;6-WDL;4eb32dc7414d2e1a12e69c6a68779b5f;wdl6.txt
KRRvKRR.rtbw;WDL;6;6-WDL;ac76473e61e73f99752e52ec20e5e9b0;wdl6.txt
KBBBBvK.rtbz;DTZ;6;6-DTZ;8d06bd73ad715a12b41e2bbe1a35ab67;dtz6.txt
KBBBNvK.rtbz;DTZ;6;6-DTZ;4cdd9aad2f73b7f66df588d33b161a1f;dtz6.txt
KBBBPvK.rtbz;DTZ;6;6-DTZ;5537207252f31b9cd77b8042ee6e4776;dtz6.txt
KBBBvKB.rtbz;DTZ;6;6-DTZ;1610440ab55b6aefc713169ae1cef282;dtz6.txt
KBBBvKN.rtbz;DTZ;6;6-DTZ;d453604b08cb44e647b193231493826a;dtz6.txt
KBBBvKP.rtbz;DTZ;6;6-DTZ;9a3328bb869ec5029ab2d56a494635dd;dtz6.txt
KBBBvKQ.rtbz;DTZ;6;6-DTZ;e9f08321c2f17833470686738aab7755;dtz6.txt
KBBBvKR.rtbz;DTZ;6;6-DTZ;f53a308a17d8f321701921c29dd17e25;dtz6.txt
KBBNNvK.rtbz;DTZ;6;6-DTZ;109f05581c0ba9ab30526bd786bab490;dtz6.txt
KBBNPvK.rtbz;DTZ;6;6-DTZ;5a9d42c1e0b379597a76f7ec695659c1;dtz6.txt
KBBNvKB.rtbz;DTZ;6;6-DTZ;6fddc67329bbd3cac96aeb8bf728d92b;dtz6.txt
KBBNvKN.rtbz;DTZ;6;6-DTZ;9cbbd9fc968c3d908a81c42e31e45088;dtz6.txt
KBBNvKP.rtbz;DTZ;6;6-DTZ;68c7f4042f7cea414144aed7ef7d2294;dtz6.txt
KBBNvKQ.rtbz;DTZ;6;6-DTZ;4a9a638bab8e056f3be1f7b85a96056f;dtz6.txt
KBBNvKR.rtbz;DTZ;6;6-DTZ;5af271a5d0ba3ece765a5b3b25cbed07;dtz6.txt
KBBPPvK.rtbz;DTZ;6;6-DTZ;9fd7c2a8b545c3611ec4e4c6ca67c7b1;dtz6.txt
KBBPvKB.rtbz;DTZ;6;6-DTZ;f6b19b25b9b2128da74ae21f6f9771a9;dtz6.txt
KBBPvKN.rtbz;DTZ;6;6-DTZ;373e8914d3a244aab6625b505a62232f;dtz6.txt
KBBPvKP.rtbz;DTZ;6;6-DTZ;98938c1148f4637511027e6cce986b85;dtz6.txt
KBBPvKQ.rtbz;DTZ;6;6-DTZ;95fbc7905076f342fa8fa9ffeea4bd6d;dtz6.txt
KBBPvKR.rtbz;DTZ;6;6-DTZ;4ef943c89ec09b32c77e37bc4b58f147;dtz6.txt
KBBvKBB.rtbz;DTZ;6;6-DTZ;d9e8ba1fd504f31774d74a0f7ddb1c9f;dtz6.txt
KBBvKBN.rtbz;DTZ;6;6-DTZ;d15965b6f35e083d05fb0bcadedff0f5;dtz6.txt
KBBvKBP.rtbz;DTZ;6;6-DTZ;3e874ed0b001209149f1445c26f27d3a;dtz6.txt
KBBvKNN.rtbz;DTZ;6;6-DTZ;e40853111bb37ea4bcb85e4ede8c7cc0;dtz6.txt
KBBvKNP.rtbz;DTZ;6;6-DTZ;dba6f960be5b14daf8e73c7db4236a76;dtz6.txt
KBBvKPP.rtbz;DTZ;6;6-DTZ;5e1ecccc968a0dc849d4adabfde8d89c;dtz6.txt
KBNNNvK.rtbz;DTZ;6;6-DTZ;13bd7061bcbcc445e451303179845390;dtz6.txt
KBNNPvK.rtbz;DTZ;6;6-DTZ;1fc7682ee51bb429c807a2fd2050739d;dtz6.txt
KBNNvKB.rtbz;DTZ;6;6-DTZ;1845d111962fa1ff337d40dc5f0fabe6;dtz6.txt
KBNNvKN.rtbz;DTZ;6;6-DTZ;0544ece728ba001675ce55069a06c446;dtz6.txt
KBNNvKP.rtbz;DTZ;6;6-DTZ;3b3d286fec64ecc91ea3cb242b768006;dtz6.txt
KBNNvKQ.rtbz;DTZ;6;6-DTZ;3f4fa219601a50cd64181845518fa2a9;dtz6.txt
KBNNvKR.rtbz;DTZ;6;6-DTZ;21b603f18e61f79e6a9314f812acb9f0;dtz6.txt
KBNPPvK.rtbz;DTZ;6;6-DTZ;391aa16deaaeef0032c0c402af236ad9;dtz6.txt
KBNPvKB.rtbz;DTZ;6;6-DTZ;d36c42f9869cb67a5d5cb43431622708;dtz6.txt
KBNPvKN.rtbz;DTZ;6;6-DTZ;5352061f14bbfe197196165e62cd4b5f;dtz6.txt
KBNPvKP.rtbz;DTZ;6;6-DTZ;4f205cc3eaea3cce28856d338ea3d81e;dtz6.txt
KBNPvKQ.rtbz;DTZ;6;6-DTZ;dd68c02d677f783452303470f4ea6500;dtz6.txt
KBNPvKR.rtbz;DTZ;6;6-DTZ;f4c3a7c82ef8452facf5f086d4f6bdcf;dtz6.txt
KBNvKBN.rtbz;DTZ;6;6-DTZ;d5d9470a78f054a9960bd00637580c14;dtz6.txt
KBNvKBP.rtbz;DTZ;6;6-DTZ;6928c50b8103880b01467003ff1c3a34;dtz6.txt
KBNvKNN.rtbz;DTZ;6;6-DTZ;3cf600659314cb10eec201c5fae83fcc;dtz6.txt
KBNvKNP.rtbz;DTZ;6;6-DTZ;7b665d594fc95eddaf9093b995daa597;dtz6.txt
KBNvKPP.rtbz;DTZ;6;6-DTZ;cafcb0e31f03242649b73340e7a0eca8;dtz6.txt
KBPPPvK.rtbz;DTZ;6;6-DTZ;6411c1e4c424e67eb567301b54934c06;dtz6.txt
KBPPvKB.rtbz;DTZ;6;6-DTZ;094d84e52b538cb491b7206b21b8971d;dtz6.txt
KBPPvKN.rtbz;DTZ;6;6-DTZ;f84870fa2ceb23554018ee65febeb494;dtz6.txt
KBPPvKP.rtbz;DTZ;6;6-DTZ;5feeb99ffa3756caca695aa5bfa01d20;dtz6.txt
KBPPvKQ.rtbz;DTZ;6;6-DTZ;1e5037745325e9eb83f0dd1025cfbfcf;dtz6.txt
KBPPvKR.rtbz;DTZ;6;6-DTZ;2c8403ee96972211b5f04b88746eb552;dtz6.txt
KBPvKBP.rtbz;DTZ;6;6-DTZ;92e02b5dbec48c4478086bf316ec4ef5;dtz6.txt
KBPvKNN.rtbz;DTZ;6;6-DTZ;d69ecb4e171cc00ed2d085f37ee7e1c4;dtz6.txt
KBPvKNP.rtbz;DTZ;6;6-DTZ;b18d88f0a3df438ee559355aad09568f;dtz6.txt
KBPvKPP.rtbz;DTZ;6;6-DTZ;5d5d142c06146b074a51ce3db0e10774;dtz6.txt
KNNNNvK.rtbz;DTZ;6;6-DTZ;57c65078bbeff48f878bdbb40f6c5a4a;dtz6.txt
KNNNPvK.rtbz;DTZ;6;6-DTZ;64f8e44361b600ed6a59551ca57b49b2;dtz6.txt
KNNNvKB.rtbz;DTZ;6;6-DTZ;c636425b84b9988070e126b5801b2c99;dtz6.txt
KNNNvKN.rtbz;DTZ;6;6-DTZ;59e6716b08946bea4f0c563199e55305;dtz6.txt
KNNNvKP.rtbz;DTZ;6;6-DTZ;470b168555b2675d7798047fa5007152;dtz6.txt
KNNNvKQ.rtbz;DTZ;6;6-DTZ;d205607c87e46381ef95499bb0843647;dtz6.txt
KNNNvKR.rtbz;DTZ;6;6-DTZ;143f1dc00afdcc13e2a650dccfe4200f;dtz6.txt
KNNPPvK.rtbz;DTZ;6;6-DTZ;dc33c46f6fc34cb18a9963429032ff3e;dtz6.txt
KNNPvKB.rtbz;DTZ;6;6-DTZ;54616fe054ce8b9897b70b06840a603c;dtz6.txt
KNNPvKN.rtbz;DTZ;6;6-DTZ;2bb5a16accc14ff6116910f3642cc2e2;dtz6.txt
KNNPvKP.rtbz;DTZ;6;6-DTZ;31813b84c3712937e397741e43f440cd;dtz6.txt
KNNPvKQ.rtbz;DTZ;6;6-DTZ;e58b574befae371dfd461c07ff7a2c14;dtz6.txt
KNNPvKR.rtbz;DTZ;6;6-DTZ;82681f44cf2c838875487a463a4a9345;dtz6.txt
KNNvKNN.rtbz;DTZ;6;6-DTZ;d04f0dcc4d841be269cbeb4dd6fe65de;dtz6.txt
KNNvKNP.rtbz;DTZ;6;6-DTZ;e7587cac6b82b86195bbca5393f9ce98;dtz6.txt
KNNvKPP.rtbz;DTZ;6;6-DTZ;408c7757b82d0efa3a7ab0e9a836b4b8;dtz6.txt
KNPPPvK.rtbz;DTZ;6;6-DTZ;da6376f74a7921a3903d925bd37ab750;dtz6.txt
KNPPvKB.rtbz;DTZ;6;6-DTZ;71bb415da1ce9c08939091f82f93262d;dtz6.txt
KNPPvKN.rtbz;DTZ;6;6-DTZ;3c3400954034b61168f435afb4a4b377;dtz6.txt
KNPPvKP.rtbz;DTZ;6;6-DTZ;48a579217b356f86d3f5cdf733dcc669;dtz6.txt
KNPPvKQ.rtbz;DTZ;6;6-DTZ;e80285a54726e7b7ae08af41e7f40486;dtz6.txt
KNPPvKR.rtbz;DTZ;6;6-DTZ;830893e397b229c87aeae5454d527cd2;dtz6.txt
KNPvKNP.rtbz;DTZ;6;6-DTZ;12cb16a1a885dd9d5c515809d919c538;dtz6.txt
KNPvKPP.rtbz;DTZ;6;6-DTZ;d87a446e7c0cd2d97625f95bd0f38e6f;dtz6.txt
KPPPPvK.rtbz;DTZ;6;6-DTZ;0d1954e6a1188eef53ff8baae5c8d9b2;dtz6.txt
KPPPvKB.rtbz;DTZ;6;6-DTZ;096cb0c0707f3504237768ffed2d7664;dtz6.txt
KPPPvKN.rtbz;DTZ;6;6-DTZ;87d57a82370983d6613f3654eab696cd;dtz6.txt
KPPPvKP.rtbz;DTZ;6;6-DTZ;0107beceaa2db21a31630758ac779768;dtz6.txt
KPPPvKQ.rtbz;DTZ;6;6-DTZ;cc97dfb454153d781030a2426aa07cd1;dtz6.txt
KPPPvKR.rtbz;DTZ;6;6-DTZ;ea9bfa6f78079884d4c134cd020c670e;dtz6.txt
KPPvKPP.rtbz;DTZ;6;6-DTZ;ec1ff5c3478bad51306f43cb4259edf0;dtz6.txt
KQBBBvK.rtbz;DTZ;6;6-DTZ;5a6e78035c5f8f27e8aef5e30d34ba2f;dtz6.txt
KQBBNvK.rtbz;DTZ;6;6-DTZ;bad3198c4b1c3860421a3d529403440d;dtz6.txt
KQBBPvK.rtbz;DTZ;6;6-DTZ;1fa0e9a20872f9d0df69ace9634fd986;dtz6.txt
KQBBvKB.rtbz;DTZ;6;6-DTZ;b64a27b0feaf8494c24630514b6e7919;dtz6.txt
KQBBvKN.rtbz;DTZ;6;6-DTZ;9dbea563a4525dc5d8cd457d85a0ad96;dtz6.txt
KQBBvKP.rtbz;DTZ;6;6-DTZ;33bc549206fa1fd3c42e10d9e582d14d;dtz6.txt
KQBBvKQ.rtbz;DTZ;6;6-DTZ;0ade25cc69bff10d9ce3e9b2648e7b71;dtz6.txt
KQBBvKR.rtbz;DTZ;6;6-DTZ;bf4dfb85bbf971d48200cc630e117fa2;dtz6.txt
KQBNNvK.rtbz;DTZ;6;6-DTZ;d0660bb5107c9d8ab0de444611c03535;dtz6.txt
KQBNPvK.rtbz;DTZ;6;6-DTZ;a34d5a5eb3960b9b307a014b40bb01f9;dtz6.txt
KQBNvKB.rtbz;DTZ;6;6-DTZ;f8609543fd49e892a6e35ecb5f8439d4;dtz6.txt
KQBNvKN.rtbz;DTZ;6;6-DTZ;85183be6c32c19e1a4abefb1accca40b;dtz6.txt
KQBNvKP.rtbz;DTZ;6;6-DTZ;644d1ae3b0b7a57bafbf94518b8b0413;dtz6.txt
KQBNvKQ.rtbz;DTZ;6;6-DTZ;bc04d4d00412687b42361d5caad7fb59;dtz6.txt
KQBNvKR.rtbz;DTZ;6;6-DTZ;79589f70b6e7666f9241a1c353912867;dtz6.txt
KQBPPvK.rtbz;DTZ;6;6-DTZ;be8750144f4a05795f4039da97a7ee38;dtz6.txt
KQBPvKB.rtbz;DTZ;6;6-DTZ;15f05a956e3eab3ccb37e615c89b5e91;dtz6.txt
KQBPvKN.rtbz;DTZ;6;6-DTZ;f85ed2f5b5ed90bc2e0a807afd300f59;dtz6.txt
KQBPvKP.rtbz;DTZ;6;6-DTZ;0c69bcfb1e62f66b0bd296844e05762a;dtz6.txt
KQBPvKQ.rtbz;DTZ;6;6-DTZ;86ca09850372e99db93a3c2e99f946b6;dtz6.txt
KQBPvKR.rtbz;DTZ;6;6-DTZ;571bc0f4b4e6ca000c849cc6f3c7d19b;dtz6.txt
KQBvKBB.rtbz;DTZ;6;6-DTZ;01afa3c647150bbf2c6644436a1a5949;dtz6.txt
KQBvKBN.rtbz;DTZ;6;6-DTZ;6ab4a5299fc3223611c637cd62881b3a;dtz6.txt
KQBvKBP.rtbz;DTZ;6;6-DTZ;52817e9dd3a6bebd86edf39df91a19af;dtz6.txt
KQBvKNN.rtbz;DTZ;6;6-DTZ;321cf3bcef0dca460c6f79e59d559087;dtz6.txt
KQBvKNP.rtbz;DTZ;6;6-DTZ;dda7671dd701fc7979f0c0d3b70b8a6c;dtz6.txt
KQBvKPP.rtbz;DTZ;6;6-DTZ;c90e73561ead67340216104fd8bb519e;dtz6.txt
KQBvKQB.rtbz;DTZ;6;6-DTZ;25483bf96f5b11f01d02a70d328d747c;dtz6.txt
KQBvKQN.rtbz;DTZ;6;6-DTZ;8d4e0ae663ff015d66ed77300e1ab478;dtz6.txt
KQBvKQP.rtbz;DTZ;6;6-DTZ;a1fed7765b79db294a350456fc80cefa;dtz6.txt
KQBvKRB.rtbz;DTZ;6;6-DTZ;f9a41813e0de1fe1cd8ae89db77837f3;dtz6.txt
KQBvKRN.rtbz;DTZ;6;6-DTZ;62f9ce9c31175abda17e84d40bc4643e;dtz6.txt
KQBvKRP.rtbz;DTZ;6;6-DTZ;209f6d62cfaeec10b27b420b558bd982;dtz6.txt
KQBvKRR.rtbz;DTZ;6;6-DTZ;a412af4b79fde6c93cb3f7d6675911e0;dtz6.txt
KQNNNvK.rtbz;DTZ;6;6-DTZ;03e750ad8d4a8eca433ecf6cc561cc4f;dtz6.txt
KQNNPvK.rtbz;DTZ;6;6-DTZ;cab3c943780902a7f96460df47f492c1;dtz6.txt
KQNNvKB.rtbz;DTZ;6;6-DTZ;57f1e47bec2034826225cf2bf2d57f2c;dtz6.txt
KQNNvKN.rtbz;DTZ;6;6-DTZ;f5b87d029d95051eaafb093f83785361;dtz6.txt
KQNNvKP.rtbz;DTZ;6;6-DTZ;27bb50422a6ee53d84864ed5b230e9bd;dtz6.txt
KQNNvKQ.rtbz;DTZ;6;6-DTZ;bf9db9527b83f6fcbe866ad681d3c8fd;dtz6.txt
KQNNvKR.rtbz;DTZ;6;6-DTZ;b8e0bd4a4d96362001dfb593a71888fe;dtz6.txt
KQNPPvK.rtbz;DTZ;6;6-DTZ;dd964893bddca62827b4c8abfa47a050;dtz6.txt
KQNPvKB.rtbz;DTZ;6;6-DTZ;580ce139afe9396a2fc9013930e284af;dtz6.txt
KQNPvKN.rtbz;DTZ;6;6-DTZ;9b408d461976fe9706b35262488ea40f;dtz6.txt
KQNPvKP.rtbz;DTZ;6;6-DTZ;5831ac222211892ad5180247d9905302;dtz6.txt
KQNPvKQ.rtbz;DTZ;6;6-DTZ;f6a20869f2c50ddfa73c5cab9d80f0f5;dtz6.txt
KQNPvKR.rtbz;DTZ;6;6-DTZ;ce4cb15d29b8cf67fbcb49f142235f0b;dtz6.txt
KQNvKBB.rtbz;DTZ;6;6-DTZ;2593b80327f41de3a06f6975d7ce8875;dtz6.txt
KQNvKBN.rtbz;DTZ;6;6-DTZ;0f1ce118396d32463b7d86adf2528138;dtz6.txt
KQNvKBP.rtbz;DTZ;6;6-DTZ;8bd5f9226802ef071c498655b52d914c;dtz6.txt
KQNvKNN.rtbz;DTZ;6;6-DTZ;58f6d3d81502703d6246d1f2dc4bb349;dtz6.txt
KQNvKNP.rtbz;DTZ;6;6-DTZ;438835d9059002722ffc9c2ce9e8fd1f;dtz6.txt
KQNvKPP.rtbz;DTZ;6;6-DTZ;27307d75ab32866c43ef25ba2523a497;dtz6.txt
KQNvKQN.rtbz;DTZ;6;6-DTZ;6dbcec3839f45f3346949d815a16cda8;dtz6.txt
KQNvKQP.rtbz;DTZ;6;6-DTZ;65c48c11095404c0490cca63bfdaa36c;dtz6.txt
KQNvKRB.rtbz;DTZ;6;6-DTZ;64415bd32f4de40ca392adc9168d2aab;dtz6.txt
KQNvKRN.rtbz;DTZ;6;6-DTZ;ca816d6e81108fbc780feb786a88fc3a;dtz6.txt
KQNvKRP.rtbz;DTZ;6;6-DTZ;16bfb4e9631d4a87c6d808627577c42d;dtz6.txt
KQNvKRR.rtbz;DTZ;6;6-DTZ;9ae22cf116857e513204925ada25b27f;dtz6.txt
KQPPPvK.rtbz;DTZ;6;6-DTZ;5498580bbde11425eb81dbec5278f465;dtz6.txt
KQPPvKB.rtbz;DTZ;6;6-DTZ;f971a9402c703ff8212705a73d7c2af4;dtz6.txt
KQPPvKN.rtbz;DTZ;6;6-DTZ;bcf71d8ef3ca3afe32dfe76eac6bc167;dtz6.txt
KQPPvKP.rtbz;DTZ;6;6-DTZ;c9d44ed30459fb4b73a84f31a7173adc;dtz6.txt
KQPPvKQ.rtbz;DTZ;6;6-DTZ;b85639e5fca72dbaabb1cbb12a3347d9;dtz6.txt
KQPPvKR.rtbz;DTZ;6;6-DTZ;a526953a47b33c834cbe9af5583b1c95;dtz6.txt
KQPvKBB.rtbz;DTZ;6;6-DTZ;10791d98dc9cd472a4f35b89b6587abd;dtz6.txt
KQPvKBN.rtbz;DTZ;6;6-DTZ;6b2f86358c27e6132c2c9a7168e4e10f;dtz6.txt
KQPvKBP.rtbz;DTZ;6;6-DTZ;5fc3047d2de2946da6bbbbea0be63697;dtz6.txt
KQPvKNN.rtbz;DTZ;6;6-DTZ;f4296cea661ed62be7344e04e3ba0242;dtz6.txt
KQPvKNP.rtbz;DTZ;6;6-DTZ;58510be373638d22ece7c0321924c7d4;dtz6.txt
KQPvKPP.rtbz;DTZ;6;6-DTZ;b99183c1bd91e2b6f1832b51796a2ed6;dtz6.txt
KQPvKQP.rtbz;DTZ;6;6-DTZ;6d8688b743efe82f054f8d45d39139dd;dtz6.txt
KQPvKRB.rtbz;DTZ;6;6-DTZ;066e8dca3496a08047a9faf645a28a6d;dtz6.txt
KQPvKRN.rtbz;DTZ;6;6-DTZ;c6c53d9d95d0f8c9653f7917d877ca68;dtz6.txt
KQPvKRP.rtbz;DTZ;6;6-DTZ;73e534bd0a4fd1b824414fc82c41301b;dtz6.txt
KQPvKRR.rtbz;DTZ;6;6-DTZ;1ae51fdbab5f8e0d249ce4ac2b06da38;dtz6.txt
KQQBBvK.rtbz;DTZ;6;6-DTZ;abb9f0d1c12d8f384d41a6d38df332a8;dtz6.txt
KQQBNvK.rtbz;DTZ;6;6-DTZ;fd3b8f2b3133bb6b339eb5782047e39a;dtz6.txt
KQQBPvK.rtbz;DTZ;6;6-DTZ;a575210051418c19d1f2efa8f4a9ee91;dtz6.txt
KQQBvKB.rtbz;DTZ;6;6-DTZ;e0daa7548604e22e4d5ba1e507867f74;dtz6.txt
KQQBvKN.rtbz;DTZ;6;6-DTZ;154f88d0cfaf15b1788a2b22b4c05066;dtz6.txt
KQQBvKP.rtbz;DTZ;6;6-DTZ;909f24da2cedc4cc74c593901532f07f;dtz6.txt
KQQBvKQ.rtbz;DTZ;6;6-DTZ;e4bed5d3c077fc2bf7b6b89288364948;dtz6.txt
KQQBvKR.rtbz;DTZ;6;6-DTZ;121d7b64ba73a981cdf274fb02253e58;dtz6.txt
KQQNNvK.rtbz;DTZ;6;6-DTZ;caa91889e6c945c0c240a0e28f4896fe;dtz6.txt
KQQNPvK.rtbz;DTZ;6;6-DTZ;df6eafa6e51a0401a7d0bef6aba627d2;dtz6.txt
KQQNvKB.rtbz;DTZ;6;6-DTZ;51627cd4ac2c1299e09338f63afcbde2;dtz6.txt
KQQNvKN.rtbz;DTZ;6;6-DTZ;d888d58089e023cb19a43059b18b657b;dtz6.txt
KQQNvKP.rtbz;DTZ;6;6-DTZ;cf97fed14335e0e3f279e3def0494cfe;dtz6.txt
KQQNvKQ.rtbz;DTZ;6;6-DTZ;6058e0b926c7e8d8cd0916ace58b3702;dtz6.txt
KQQNvKR.rtbz;DTZ;6;6-DTZ;5f8970844a81b93806bff20bb142875e;dtz6.txt
KQQPPvK.rtbz;DTZ;6;6-DTZ;55663aea6a6a53d6e01c336dd0ff86ef;dtz6.txt
KQQPvKB.rtbz;DTZ;6;6-DTZ;e287441fe8d6d8d781aacba775f7f6cc;dtz6.txt
KQQPvKN.rtbz;DTZ;6;6-DTZ;cb48ce955928f63257ed0e0e431be571;dtz6.txt
KQQPvKP.rtbz;DTZ;6;6-DTZ;cc2bd14ef35696b47d1eb241eb57fc51;dtz6.txt
KQQPvKQ.rtbz;DTZ;6;6-DTZ;f7942f6929a714abc3e8aecc5109411f;dtz6.txt
KQQPvKR.rtbz;DTZ;6;6-DTZ;e3f50f9d4ef19c33a698c256adb2e5cf;dtz6.txt
KQQQBvK.rtbz;DTZ;6;6-DTZ;3f421efed9baeb27fc7ec463a92ecb20;dtz6.txt
KQQQNvK.rtbz;DTZ;6;6-DTZ;f126bba4e2f2658a9ad415009523268b;dtz6.txt
KQQQPvK.rtbz;DTZ;6;6-DTZ;308ef2efc50d35c03c462e689bdc47b0;dtz6.txt
KQQQQvK.rtbz;DTZ;6;6-DTZ;35bfbd19797fb4af367996e72504e767;dtz6.txt
KQQQRvK.rtbz;DTZ;6;6-DTZ;cf045d233339434c73c762a1d0fe42c9;dtz6.txt
KQQQvKB.rtbz;DTZ;6;6-DTZ;0a76cb3c896fd8c86d8a9c2df8f95a9a;dtz6.txt
KQQQvKN.rtbz;DTZ;6;6-DTZ;8b7e1be326a47c33e987d8337542ce9c;dtz6.txt
KQQQvKP.rtbz;DTZ;6;6-DTZ;cbcf97fc045d2781d522908d45818991;dtz6.txt
KQQQvKQ.rtbz;DTZ;6;6-DTZ;30fa052c3c1b5280c963909666137453;dtz6.txt
KQQQvKR.rtbz;DTZ;6;6-DTZ;f682bd9fbb4262361690649b808c849a;dtz6.txt
KQQRBvK.rtbz;DTZ;6;6-DTZ;2e43cfa946acd4fa043de81860d2bf9b;dtz6.txt
KQQRNvK.rtbz;DTZ;6;6-DTZ;8d38034ce65219f48f7839eb6d536be4;dtz6.txt
KQQRPvK.rtbz;DTZ;6;6-DTZ;c1d1215c6bfa3c4a58f3f7cf0314a60c;dtz6.txt
KQQRRvK.rtbz;DTZ;6;6-DTZ;7cc4b768a6b843cd09f23f23ef9c2959;dtz6.txt
KQQRvKB.rtbz;DTZ;6;6-DTZ;e69d9ead9586656e44123da26ef7ca5e;dtz6.txt
KQQRvKN.rtbz;DTZ;6;6-DTZ;1168c2383286b45174f4c6bf1293101b;dtz6.txt
KQQRvKP.rtbz;DTZ;6;6-DTZ;b9348aec1c9626c33fa42891ffc5adb4;dtz6.txt
KQQRvKQ.rtbz;DTZ;6;6-DTZ;c83ebf6a74bce000b36089f15d5bba82;dtz6.txt
KQQRvKR.rtbz;DTZ;6;6-DTZ;748f7a055c6f60cff2cb6baa8b16d1f7;dtz6.txt
KQQvKBB.rtbz;DTZ;6;6-DTZ;c186500ecf821ba55d702d4ffec80faf;dtz6.txt
KQQvKBN.rtbz;DTZ;6;6-DTZ;3186b00fb54b93b4016ad43d54f06739;dtz6.txt
KQQvKBP.rtbz;DTZ;6;6-DTZ;319a45fb317593eebea37d6988e55c38;dtz6.txt
KQQvKNN.rtbz;DTZ;6;6-DTZ;724f98b0dce0a711505de2bf56db2e5b;dtz6.txt
KQQvKNP.rtbz;DTZ;6;6-DTZ;d7fcddc1612d4a6c053d68ebdf6b85c7;dtz6.txt
KQQvKPP.rtbz;DTZ;6;6-DTZ;a635c6a2b34f39bfab96b5ad66eb09af;dtz6.txt
KQQvKQB.rtbz;DTZ;6;6-DTZ;6051cc2ec2fa94fc17483c076aafd8e1;dtz6.txt
KQQvKQN.rtbz;DTZ;6;6-DTZ;eb8c82567332d36789272cacb8e5e29a;dtz6.txt
KQQvKQP.rtbz;DTZ;6;6-DTZ;a8dd8b934491f28f0fd958258f7b5c6b;dtz6.txt
KQQvKQQ.rtbz;DTZ;6;6-DTZ;3fcf98e417d6d188c00044d7183c6291;dtz6.txt
KQQvKQR.rtbz;DTZ;6;6-DTZ;fd6d8d8c7d1fecec4ad441a8c5a9f05a;dtz6.txt
KQQvKRB.rtbz;DTZ;6;6-DTZ;389556338904a5bfe6ee769d9084e657;dtz6.txt
KQQvKRN.rtbz;DTZ;6;6-DTZ;1facd25292b747d769e1805b57a2e6ef;dtz6.txt
KQQvKRP.rtbz;DTZ;6;6-DTZ;1cdb9e782667c1c3bdb859fad13c3ffb;dtz6.txt
KQQvKRR.rtbz;DTZ;6;6-DTZ;d1ec07d9dcc055535815517727b170c7;dtz6.txt
KQRBBvK.rtbz;DTZ;6;6-DTZ;bca39c3ab6a09e0f7200148cfccb63a1;dtz6.txt
KQRBNvK.rtbz;DTZ;6;6-DTZ;22e69a4c7169d8b8de13bcd2fc0317a7;dtz6.txt
KQRBPvK.rtbz;DTZ;6;6-DTZ;9c492ebefaf9c9580069a72c5f831fb9;dtz6.txt
KQRBvKB.rtbz;DTZ;6;6-DTZ;1b09f8bbb1f53c332c6676e71503ac82;dtz6.txt
KQRBvKN.rtbz;DTZ;6;6-DTZ;49d4f780b26b33cd70f1470ddf9a0dd1;dtz6.txt
KQRBvKP.rtbz;DTZ;6;6-DTZ;72e93d498dc89bf6176109e563ac45cc;dtz6.txt
KQRBvKQ.rtbz;DTZ;6;6-DTZ;bead0ed7ab7f7bc9228fc13bfb0cb946;dtz6.txt
KQRBvKR.rtbz;DTZ;6;6-DTZ;b59bbb4146c2341bdb3ebd5b8b1aacb0;dtz6.txt
KQRNNvK.rtbz;DTZ;6;6-DTZ;d5450f2d0f5f18d0572b24c70e80d2ea;dtz6.txt
KQRNPvK.rtbz;DTZ;6;6-DTZ;94c93b31e561028aac4963a1b0e4a6e1;dtz6.txt
KQRNvKB.rtbz;DTZ;6;6-DTZ;9004661677cbecdd4ee2c4e1f3f722ed;dtz6.txt
KQRNvKN.rtbz;DTZ;6;6-DTZ;bb7c6f28d30d9ccff960a361ba0fcc93;dtz6.txt
KQRNvKP.rtbz;DTZ;6;6-DTZ;f4e6ccf347aed49b48a769f233b72631;dtz6.txt
KQRNvKQ.rtbz;DTZ;6;6-DTZ;daf14656c90e702beded428f0968eaa4;dtz6.txt
KQRNvKR.rtbz;DTZ;6;6-DTZ;c4f78415ad29ba34b1b8c01c7607ec3c;dtz6.txt
KQRPPvK.rtbz;DTZ;6;6-DTZ;6859114bd40516f441f16ab5a35930fb;dtz6.txt
KQRPvKB.rtbz;DTZ;6;6-DTZ;e1a0e47c1329fae7f6ad4833726ad874;dtz6.txt
KQRPvKN.rtbz;DTZ;6;6-DTZ;8d3eb1e46fb7d075f3a0a5248a84edf4;dtz6.txt
KQRPvKP.rtbz;DTZ;6;6-DTZ;977ac50c8f30b1cb0a1dcaad02c319aa;dtz6.txt
KQRPvKQ.rtbz;DTZ;6;6-DTZ;c6e8403db991da0ab1eb86cbf2b132e3;dtz6.txt
KQRPvKR.rtbz;DTZ;6;6-DTZ;08aaba475fe7e36e9fc6a77d9c6981a4;dtz6.txt
KQRRBvK.rtbz;DTZ;6;6-DTZ;9f35174c1a329db22ce0428aa72a13c7;dtz6.txt
KQRRNvK.rtbz;DTZ;6;6-DTZ;66666cde38b0c8a38ef3b9628da9a6a5;dtz6.txt
KQRRPvK.rtbz;DTZ;6;6-DTZ;5fb4eb4642b15455ccd7ad6d03f20c0e;dtz6.txt
KQRRRvK.rtbz;DTZ;6;6-DTZ;0e0a54d51c7905104f6b4264d9e53ccf;dtz6.txt
KQRRvKB.rtbz;DTZ;6;6-DTZ;22b9bb049615d3d78976c256048e5db3;dtz6.txt
KQRRvKN.rtbz;DTZ;6;6-DTZ;9c38b8c7ca05fbb3c69979fcb0b6fcb3;dtz6.txt
KQRRvKP.rtbz;DTZ;6;6-DTZ;ff08cbb29016aaacd06ac81d8097895b;dtz6.txt
KQRRvKQ.rtbz;DTZ;6;6-DTZ;7adb74ee35c9fc3d4d66a1824c13c211;dtz6.txt
KQRRvKR.rtbz;DTZ;6;6-DTZ;313489ac01920f6a6ae7fa8b4cbd3829;dtz6.txt
KQRvKBB.rtbz;DTZ;6;6-DTZ;ab2df8afb335a4d7b90663b9f3d4501e;dtz6.txt
KQRvKBN.rtbz;DTZ;6;6-DTZ;3999da37c4a91600da04b3084abae67c;dtz6.txt
KQRvKBP.rtbz;DTZ;6;6-DTZ;1e16ac75f9bba096a5486585408dc182;dtz6.txt
KQRvKNN.rtbz;DTZ;6;6-DTZ;4a1ac81d4ad9c721f76e3215b6273f0b;dtz6.txt
KQRvKNP.rtbz;DTZ;6;6-DTZ;4a77289e5a6a67edd655b6242068c629;dtz6.txt
KQRvKPP.rtbz;DTZ;6;6-DTZ;f429185ac0758524af0e5a422278f59e;dtz6.txt
KQRvKQB.rtbz;DTZ;6;6-DTZ;3e6de1f5afb91a6e77ffcb4a23217de5;dtz6.txt
KQRvKQN.rtbz;DTZ;6;6-DTZ;bf4ee6991861e30edb382cb5af08f93a;dtz6.txt
KQRvKQP.rtbz;DTZ;6;6-DTZ;999ec75e01bb846f6c0e619a4e0bb711;dtz6.txt
KQRvKQR.rtbz;DTZ;6;6-DTZ;5568bef73fa3e3662a2207d41b1b1c24;dtz6.txt
KQRvKRB.rtbz;DTZ;6;6-DTZ;ce078138b36f0968f1530f5daf42feae;dtz6.txt
KQRvKRN.rtbz;DTZ;6;6-DTZ;109bcc26994ad4e8be3f6a34befce4fb;dtz6.txt
KQRvKRP.rtbz;DTZ;6;6-DTZ;551d909e7570ee4524b4e34a84fcbc66;dtz6.txt
KQRvKRR.rtbz;DTZ;6;6-DTZ;23f9aaca84e4ae4163229fcd6efcefc8;dtz6.txt
KRBBBvK.rtbz;DTZ;6;6-DTZ;44631100311a18a79fdf2dae4f7ee572;dtz6.txt
KRBBNvK.rtbz;DTZ;6;6-DTZ;4b2838e581d36d6c781b3895c4824cd4;dtz6.txt
KRBBPvK.rtbz;DTZ;6;6-DTZ;c3db44a25a26c48e33f9b6c35588cc69;dtz6.txt
KRBBvKB.rtbz;DTZ;6;6-DTZ;ddc0acff26b999d78cb752c190e3b653;dtz6.txt
KRBBvKN.rtbz;DTZ;6;6-DTZ;b9018d2c6910736879f1660e9bda5cfe;dtz6.txt
KRBBvKP.rtbz;DTZ;6;6-DTZ;899914861fae3cfbfb61ca430f76f346;dtz6.txt
KRBBvKQ.rtbz;DTZ;6;6-DTZ;d96a995e97fc01717f2004abde728bfd;dtz6.txt
KRBBvKR.rtbz;DTZ;6;6-DTZ;19bd7995e2f9a675a04344edd0168bce;dtz6.txt
KRBNNvK.rtbz;DTZ;6;6-DTZ;f86c01c40e0847687b849b509735a787;dtz6.txt
KRBNPvK.rtbz;DTZ;6;6-DTZ;9863c6eb746d3802d295e92f3e29cfd3;dtz6.txt
KRBNvKB.rtbz;DTZ;6;6-DTZ;b82d4358ccfd038607c0b16f290e7363;dtz6.txt
KRBNvKN.rtbz;DTZ;6;6-DTZ;4b574673dd67ea7226c2f0d0269993dd;dtz6.txt
KRBNvKP.rtbz;DTZ;6;6-DTZ;44b9f75f26383a59e6b0a43851829904;dtz6.txt
KRBNvKQ.rtbz;DTZ;6;6-DTZ;cd3653cc932c6d481bc0771db305e3c9;dtz6.txt
KRBNvKR.rtbz;DTZ;6;6-DTZ;b8dbdab8ecbd29f301575013986bdd73;dtz6.txt
KRBPPvK.rtbz;DTZ;6;6-DTZ;0bb57c68f917fe266a34ae14b4ca444f;dtz6.txt
KRBPvKB.rtbz;DTZ;6;6-DTZ;6f2b5efab72721c86570773d4934733b;dtz6.txt
KRBPvKN.rtbz;DTZ;6;6-DTZ;551b3b912660c998a668811ab201626d;dtz6.txt
KRBPvKP.rtbz;DTZ;6;6-DTZ;8ad93b0a797c0a020c8b53280d2215b2;dtz6.txt
KRBPvKQ.rtbz;DTZ;6;6-DTZ;6b98d4b692901b5baa66795424cf1755;dtz6.txt
KRBPvKR.rtbz;DTZ;6;6-DTZ;f3a71ff5ea625de2317606f3fe838da8;dtz6.txt
KRBvKBB.rtbz;DTZ;6;6-DTZ;49d37db582ec5000de1b36d7748ec1a8;dtz6.txt
KRBvKBN.rtbz;DTZ;6;6-DTZ;5a72d9d66243ac710498ae273e6f87d2;dtz6.txt
KRBvKBP.rtbz;DTZ;6;6-DTZ;0f658c5ef682eef9a9588e48aab962bd;dtz6.txt
KRBvKNN.rtbz;DTZ;6;6-DTZ;1113757a839755b211f8ad017542c6b6;dtz6.txt
KRBvKNP.rtbz;DTZ;6;6-DTZ;70782f0d572f2e790abab572b593fd9a;dtz6.txt
KRBvKPP.rtbz;DTZ;6;6-DTZ;aec3b1079c7a056bd3a746fc839c064e;dtz6.txt
KRBvKRB.rtbz;DTZ;6;6-DTZ;8c041b90e839bd02e63ab7993a59a631;dtz6.txt
KRBvKRN.rtbz;DTZ;6;6-DTZ;494c6b5b98dc265eaf53796db45a1b69;dtz6.txt
KRBvKRP.rtbz;DTZ;6;6-DTZ;103ed4b3ccf61d9a870f2ee146e36d61;dtz6.txt
KRNNNvK.rtbz;DTZ;6;6-DTZ;9d8b9e98b9855e64eba053295ceaf833;dtz6.txt
KRNNPvK.rtbz;DTZ;6;6-DTZ;c0edbbf68f6f2eca83e3ddead00fc13f;dtz6.txt
KRNNvKB.rtbz;DTZ;6;6-DTZ;57600e0627ca7aa174e8fdc9ec312dcd;dtz6.txt
KRNNvKN.rtbz;DTZ;6;6-DTZ;fdcd6ea328debd97f20656622570a190;dtz6.txt
KRNNvKP.rtbz;DTZ;6;6-DTZ;e39efcbcbb4d38fe4dc50c1c448aea48;dtz6.txt
KRNNvKQ.rtbz;DTZ;6;6-DTZ;ba5184a71d1708a94651bbb858e318dd;dtz6.txt
KRNNvKR.rtbz;DTZ;6;6-DTZ;5a45422f0e22263ffc10f75350071d46;dtz6.txt
KRNPPvK.rtbz;DTZ;6;6-DTZ;7130522308ce2c2e20e7127c10e52699;dtz6.txt
KRNPvKB.rtbz;DTZ;6;6-DTZ;07b933cdbf661052dfad15b3f983fed4;dtz6.txt
KRNPvKN.rtbz;DTZ;6;6-DTZ;595a0e73981d79b674596dcaa18a3476;dtz6.txt
KRNPvKP.rtbz;DTZ;6;6-DTZ;ed99c7e61703493577488b1ce2c8a15d;dtz6.txt
KRNPvKQ.rtbz;DTZ;6;6-DTZ;def4e4506917525210a1c8ef4de01dc1;dtz6.txt
KRNPvKR.rtbz;DTZ;6;6-DTZ;9a85a41b5ae03e09f9ff992f0d7e44c9;dtz6.txt
KRNvKBB.rtbz;DTZ;6;6-DTZ;d2595f0f12a669c24f19e23581322469;dtz6.txt
KRNvKBN.rtbz;DTZ;6;6-DTZ;3158f1f098d96456d34390f1c7fa001f;dtz6.txt
KRNvKBP.rtbz;DTZ;6;6-DTZ;c28fa67002d9788a1f4279f36393d69a;dtz6.txt
KRNvKNN.rtbz;DTZ;6;6-DTZ;0f28c38d869aa3f6c7ec4076c42b9efd;dtz6.txt
KRNvKNP.rtbz;DTZ;6;6-DTZ;fe15c240666a0e2f4fabab05fb4966ae;dtz6.txt
KRNvKPP.rtbz;DTZ;6;6-DTZ;287b598e408ba6fbe52a688495bb135a;dtz6.txt
KRNvKRN.rtbz;DTZ;6;6-DTZ;db585e606eb2a1fbd8bad1a7c806ac07;dtz6.txt
KRNvKRP.rtbz;DTZ;6;6-DTZ;6ff6fd5d2c3b9667a9072c6734840690;dtz6.txt
KRPPPvK.rtbz;DTZ;6;6-DTZ;b645305d7f3d626b2251738c765db63c;dtz6.txt
KRPPvKB.rtbz;DTZ;6;6-DTZ;922c286033084c1892b2ba7e42c7edf7;dtz6.txt
KRPPvKN.rtbz;DTZ;6;6-DTZ;3dce9f7da3f8ca41a1043334a11878d8;dtz6.txt
KRPPvKP.rtbz;DTZ;6;6-DTZ;fd38dfe3dc419effd38b0ce84b904f29;dtz6.txt
KRPPvKQ.rtbz;DTZ;6;6-DTZ;cf27b805764883b6d2028ecfc6c4a83b;dtz6.txt
KRPPvKR.rtbz;DTZ;6;6-DTZ;c50e025dd12267f02b1036b3f11c2953;dtz6.txt
KRPvKBB.rtbz;DTZ;6;6-DTZ;06681b0d1e055db0cbe63217fe7f2aed;dtz6.txt
KRPvKBN.rtbz;DTZ;6;6-DTZ;7f8ddb25032a0c7ec7479dccd71e0c08;dtz6.txt
KRPvKBP.rtbz;DTZ;6;6-DTZ;86259a592e1808385f2e7759d94617b2;dtz6.txt
KRPvKNN.rtbz;DTZ;6;6-DTZ;c8a59043805e7ccd8f9519117301c33f;dtz6.txt
KRPvKNP.rtbz;DTZ;6;6-DTZ;ec2b378c27c729492d3eb1cc8ae3c341;dtz6.txt
KRPvKPP.rtbz;DTZ;6;6-DTZ;de982cf921ccc04c48d12402935653fe;dtz6.txt
KRPvKRP.rtbz;DTZ;6;6-DTZ;3d17bcd4db698a328468de7d442670e1;dtz6.txt
KRRBBvK.rtbz;DTZ;6;6-DTZ;78a081ebde783f7f97c0d65c20fdabd1;dtz6.txt
KRRBNvK.rtbz;DTZ;6;6-DTZ;5d292d36efcc65c0bb0b13e71fad4c14;dtz6.txt
KRRBPvK.rtbz;DTZ;6;6-DTZ;4ca91d2ab62d5230e86df733b67ef58e;dtz6.txt
KRRBvKB.rtbz;DTZ;6;6-DTZ;f0fa556f9f2b62a201eb8a2b1113fb94;dtz6.txt
KRRBvKN.rtbz;DTZ;6;6-DTZ;2ec47bef533fdc95e5026297eb101e22;dtz6.txt
KRRBvKP.rtbz;DTZ;6;6-DTZ;3ff568549f11ba5f73b20a9521b232a9;dtz6.txt
KRRBvKQ.rtbz;DTZ;6;6-DTZ;9108575881614b6fe13c18275e6c827d;dtz6.txt
KRRBvKR.rtbz;DTZ;6;6-DTZ;5eec17de14290584ef096ccee5e2bf8b;dtz6.txt
KRRNNvK.rtbz;DTZ;6;6-DTZ;6b67e47ee47a0a25d6307f31c9022939;dtz6.txt
KRRNPvK.rtbz;DTZ;6;6-DTZ;635dd4d0c339f1b8b02d7f058e5beee4;dtz6.txt
KRRNvKB.rtbz;DTZ;6;6-DTZ;422e41d3f1ada7908f4731e87357825a;dtz6.txt
KRRNvKN.rtbz;DTZ;6;6-DTZ;c945922017798b0b75b3dff6ce4ed59c;dtz6.txt
KRRNvKP.rtbz;DTZ;6;6-DTZ;8d51000b5aaf09a099757e4038851886;dtz6.txt
KRRNvKQ.rtbz;DTZ;6;6-DTZ;607ed713555759d2e8ec4bc057958a1b;dtz6.txt
KRRNvKR.rtbz;DTZ;6;6-DTZ;2f4dbe461d9d5fbea9c3e551008cae74;dtz6.txt
KRRPPvK.rtbz;DTZ;6;6-DTZ;96ab39847f11d6e093427469b8138535;dtz6.txt
KRRPvKB.rtbz;DTZ;6;6-DTZ;66b2e0d8b245c049d1ea5f7785cb6ff1;dtz6.txt
KRRPvKN.rtbz;DTZ;6;6-DTZ;5ed421597dc92aee6a25ae7797f94963;dtz6.txt
KRRPvKP.rtbz;DTZ;6;6-DTZ;76aa05c968b4727e10f8ed13636b0ca3;dtz6.txt
KRRPvKQ.rtbz;DTZ;6;6-DTZ;50f5c2943f718359f8c8903adf604e6b;dtz6.txt
KRRPvKR.rtbz;DTZ;6;6-DTZ;33ad4ddb8f1b4aa5e7a3fcfd2d63fb46;dtz6.txt
KRRRBvK.rtbz;DTZ;6;6-DTZ;d17c6a9224fafc67d68c620235968d92;dtz6.txt
KRRRNvK.rtbz;DTZ;6;6-DTZ;37f66317641383582bb284cf97aac596;dtz6.txt
KRRRPvK.rtbz;DTZ;6;6-DTZ;6e6138cf2975980db352bfb806e85e6e;dtz6.txt
KRRRRvK.rtbz;DTZ;6;6-DTZ;392550329a97937e5d4391587674fec2;dtz6.txt
KRRRvKB.rtbz;DTZ;6;6-DTZ;557cb897a48f6af1fe47153ecf4b0576;dtz6.txt
KRRRvKN.rtbz;DTZ;6;6-DTZ;5894024bab3b3fdcab25e5a543d56945;dtz6.txt
KRRRvKP.rtbz;DTZ;6;6-DTZ;1f196d2a42f4d26485cff8771f9643e1;dtz6.txt
KRRRvKQ.rtbz;DTZ;6;6-DTZ;3427af36ae125f3394bced9b647e9862;dtz6.txt
KRRRvKR.rtbz;DTZ;6;6-DTZ;0180bdedbab0eb9e86caaa9a9a9a3f46;dtz6.txt
KRRvKBB.rtbz;DTZ;6;6-DTZ;7260591c8eb3c2ccd7f9b46572dabd6b;dtz6.txt
KRRvKBN.rtbz;DTZ;6;6-DTZ;d1c93302fbe51e5b7d3b4a66f121d346;dtz6.txt
KRRvKBP.rtbz;DTZ;6;6-DTZ;5686e5c78aa1b34dde32bf849c88d9e5;dtz6.txt
KRRvKNN.rtbz;DTZ;6;6-DTZ;68c7fe37e869ba932cfac2da219b98f2;dtz6.txt
KRRvKNP.rtbz;DTZ;6;6-DTZ;ede09bc834f946c2a2480bb8d287ea0a;dtz6.txt
KRRvKPP.rtbz;DTZ;6;6-DTZ;7e5ea255a53de1953ea9e15b7c3021ab;dtz6.txt
KRRvKRB.rtbz;DTZ;6;6-DTZ;e8280a2b1708bd89bace37308809c268;dtz6.txt
KRRvKRN.rtbz;DTZ;6;6-DTZ;68067e5254d638866e1a1157db9440b3;dtz6.txt
KRRvKRP.rtbz;DTZ;6;6-DTZ;b736884738038bfefc19743919d2cac3;dtz6.txt
KRRvKRR.rtbz;DTZ;6;6-DTZ;73f981bc8fb5aa6d40b9fad0efbab1c7;dtz6.txt
KBBBvKBP.rtbw;WDL;7;7-WDL;1e7dc007b9c70c607bab82513f881d5c;wdl7.txt
KBBBvKNP.rtbw;WDL;7;7-WDL;8282af6b03f86c6462e8b97e00434f9e;wdl7.txt
KBBBvKPP.rtbw;WDL;7;7-WDL;e3c6a58ec944595fa55cd089fb306e89;wdl7.txt
KBBBvKQP.rtbw;WDL;7;7-WDL;d8fe6a3198d3442cb134a1485d973c86;wdl7.txt
KBBBvKRP.rtbw;WDL;7;7-WDL;d10a72759ceb8e15503591ced50d8978;wdl7.txt
KBBNvKBP.rtbw;WDL;7;7-WDL;0dc70e0b785e2958e28ac424f45b2102;wdl7.txt
KBBNvKNP.rtbw;WDL;7;7-WDL;f8050038744190a858c45d4158746f99;wdl7.txt
KBBNvKPP.rtbw;WDL;7;7-WDL;e56db14f1f2f775dbebb0ec98f2561df;wdl7.txt
KBBNvKQP.rtbw;WDL;7;7-WDL;28f23001ec88ff8b48ed72f19922afa5;wdl7.txt
KBBNvKRP.rtbw;WDL;7;7-WDL;7fbada98ddf6471eeb397d64eba50b8b;wdl7.txt
KBBPvKBB.rtbw;WDL;7;7-WDL;eecb43293dc06ec6d6c2a2b2829b606c;wdl7.txt
KBBPvKBN.rtbw;WDL;7;7-WDL;68969a7d65d3e08609b4732e1b02b456;wdl7.txt
KBBPvKBP.rtbw;WDL;7;7-WDL;f56691efbec880640f00155183381404;wdl7.txt
KBBPvKNN.rtbw;WDL;7;7-WDL;99797b1c1259f01b96bbca1a1c1f4d72;wdl7.txt
KBBPvKNP.rtbw;WDL;7;7-WDL;81d28b7157c711f73486323364439284;wdl7.txt
KBBPvKPP.rtbw;WDL;7;7-WDL;69beb305b2a5b4dafa55f801f2deebfc;wdl7.txt
KBBPvKQB.rtbw;WDL;7;7-WDL;a2baf29cfadc30cefc08ed44985b4375;wdl7.txt
KBBPvKQN.rtbw;WDL;7;7-WDL;c10c94af2b2c89ce9772bdc29f3d4090;wdl7.txt
KBBPvKQP.rtbw;WDL;7;7-WDL;c63c46d61bcc1b22cda8920e294ca153;wdl7.txt
KBBPvKQQ.rtbw;WDL;7;7-WDL;8297003b7cb4b45260041189714bc55f;wdl7.txt
KBBPvKQR.rtbw;WDL;7;7-WDL;357ce3b07d14c651608f15363153732e;wdl7.txt
KBBPvKRB.rtbw;WDL;7;7-WDL;fe59cf0f8ad411e7cbd457c39dc38f31;wdl7.txt
KBBPvKRN.rtbw;WDL;7;7-WDL;965240c7fc2f8fbbddc5a1280753862f;wdl7.txt
KBBPvKRP.rtbw;WDL;7;7-WDL;95e7a999402be0bcd5d4f4c8955ec937;wdl7.txt
KBBPvKRR.rtbw;WDL;7;7-WDL;b7f263b877c53a26af5731f279f43870;wdl7.txt
KBNNvKBP.rtbw;WDL;7;7-WDL;6c857a0420cc26f3ec5c100b6869d32a;wdl7.txt
KBNNvKNP.rtbw;WDL;7;7-WDL;f85b61071ec55d45cbdae5cfe3c954ac;wdl7.txt
KBNNvKPP.rtbw;WDL;7;7-WDL;6671c75ace81f0f915c58976d990e5ef;wdl7.txt
KBNNvKQP.rtbw;WDL;7;7-WDL;1fb788f917bce898fa8b8a29e1929a75;wdl7.txt
KBNNvKRP.rtbw;WDL;7;7-WDL;98f5fa629e7df009375e1e02b6060978;wdl7.txt
KBNPvKBB.rtbw;WDL;7;7-WDL;bb465f2aeeaafc09b9107d18548f4612;wdl7.txt
KBNPvKBN.rtbw;WDL;7;7-WDL;79cd4c19c2cb1b3ecf8335140a2edc64;wdl7.txt
KBNPvKBP.rtbw;WDL;7;7-WDL;82b177a8a308e75c747f13973335e986;wdl7.txt
KBNPvKNN.rtbw;WDL;7;7-WDL;8b813e66d73ac5f2d440f42db74d418a;wdl7.txt
KBNPvKNP.rtbw;WDL;7;7-WDL;1fa522a4a273e6e1c6e9d610fee0b5dc;wdl7.txt
KBNPvKPP.rtbw;WDL;7;7-WDL;245af598f8d51c68319c6c21fa090b4e;wdl7.txt
KBNPvKQB.rtbw;WDL;7;7-WDL;d53a768173c7155b50a716f2795209ff;wdl7.txt
KBNPvKQN.rtbw;WDL;7;7-WDL;6dd852eff1a210dbc4927aebdf93b8d7;wdl7.txt
KBNPvKQP.rtbw;WDL;7;7-WDL;226d3048b4c1f69b1539d6fb36f89b06;wdl7.txt
KBNPvKQQ.rtbw;WDL;7;7-WDL;ecf7b616071bc28b367aae4aae366caf;wdl7.txt
KBNPvKQR.rtbw;WDL;7;7-WDL;734e906828db560bd05bcd50386f8021;wdl7.txt
KBNPvKRB.rtbw;WDL;7;7-WDL;7617814560586b39ce73681f6bf09b50;wdl7.txt
KBNPvKRN.rtbw;WDL;7;7-WDL;694ee188e77578aa866f376c64b81530;wdl7.txt
KBNPvKRP.rtbw;WDL;7;7-WDL;4a6a093650ab40eb62f5db41bac2231b;wdl7.txt
KBNPvKRR.rtbw;WDL;7;7-WDL;6ab4a26ff9380a2d733dd549f5678e4d;wdl7.txt
KBPPvKBB.rtbw;WDL;7;7-WDL;97798ac97f2215d30f7d220a4e8c7a25;wdl7.txt
KBPPvKBN.rtbw;WDL;7;7-WDL;5dfa5813dca0df235b3be05407a53314;wdl7.txt
KBPPvKBP.rtbw;WDL;7;7-WDL;b495bac41690244a07a7aaa939abf681;wdl7.txt
KBPPvKNN.rtbw;WDL;7;7-WDL;e049d6dec97a932d614421edc288985b;wdl7.txt
KBPPvKNP.rtbw;WDL;7;7-WDL;ad6ed7fd6efe77b007a356936b29a438;wdl7.txt
KBPPvKPP.rtbw;WDL;7;7-WDL;e38d596a3aa4b28fe5224f586b61c7fa;wdl7.txt
KBPPvKQB.rtbw;WDL;7;7-WDL;83ce02cb0ea8f09fb86e3ede7d3a5acd;wdl7.txt
KBPPvKQN.rtbw;WDL;7;7-WDL;750c1bbdd70aec2387e29d5a881b34ac;wdl7.txt
KBPPvKQP.rtbw;WDL;7;7-WDL;642db8dcd3ba40b9ebb32e169497de8b;wdl7.txt
KBPPvKQQ.rtbw;WDL;7;7-WDL;2697947d94d4aeb95b408e5e70aeb7ea;wdl7.txt
KBPPvKQR.rtbw;WDL;7;7-WDL;722b55b7df856be34757e852eef7a483;wdl7.txt
KBPPvKRB.rtbw;WDL;7;7-WDL;bc4472d279de5b6f4d006e3f585472af;wdl7.txt
KBPPvKRN.rtbw;WDL;7;7-WDL;bb5e4f5169b6a380d7c18d6264423d01;wdl7.txt
KBPPvKRP.rtbw;WDL;7;7-WDL;ec1f309568453ab8a79b5f37759c9770;wdl7.txt
KBPPvKRR.rtbw;WDL;7;7-WDL;6ff1048203f5e9a7c331fd937282a21d;wdl7.txt
KNNNvKBP.rtbw;WDL;7;7-WDL;786aa7fa68ea231ac9809e6e94ff4165;wdl7.txt
KNNNvKNP.rtbw;WDL;7;7-WDL;08166dfa0f6364d65fd904c069bad3dc;wdl7.txt
KNNNvKPP.rtbw;WDL;7;7-WDL;5f164291fd45c167abc030b23f645c96;wdl7.txt
KNNNvKQP.rtbw;WDL;7;7-WDL;f991e35848c87d6cc6b2656ded6b07c3;wdl7.txt
KNNNvKRP.rtbw;WDL;7;7-WDL;71e74778948b3ac7c14042d0a56ff069;wdl7.txt
KNNPvKBB.rtbw;WDL;7;7-WDL;85d8e2df768f0f862ed400ebd644eb81;wdl7.txt
KNNPvKBN.rtbw;WDL;7;7-WDL;30fbae375dd93ff0abe11fdd6e0747ef;wdl7.txt
KNNPvKBP.rtbw;WDL;7;7-WDL;16a7b52a3408fe2a783f4be30c51eeb5;wdl7.txt
KNNPvKNN.rtbw;WDL;7;7-WDL;a0b5d7be129bf9692b9c5367d0a4ab6f;wdl7.txt
KNNPvKNP.rtbw;WDL;7;7-WDL;73689ca33a3cd908af14403846d6ce10;wdl7.txt
KNNPvKPP.rtbw;WDL;7;7-WDL;3f5a5508b9bce65f153dfa23784b832b;wdl7.txt
KNNPvKQB.rtbw;WDL;7;7-WDL;dc446ec9e160f0004b8c36024d24bdbd;wdl7.txt
KNNPvKQN.rtbw;WDL;7;7-WDL;20a2979512f9827555865606544002bc;wdl7.txt
KNNPvKQP.rtbw;WDL;7;7-WDL;59dc8b3799c7c835ec5aac498dce13e4;wdl7.txt
KNNPvKQQ.rtbw;WDL;7;7-WDL;a2e7d711eb08319f2dfbbae854207856;wdl7.txt
KNNPvKQR.rtbw;WDL;7;7-WDL;355e49e9ab684eadc890e2d1bf9d297b;wdl7.txt
KNNPvKRB.rtbw;WDL;7;7-WDL;a72c5b276477d9bb13bc8088e6918a46;wdl7.txt
KNNPvKRN.rtbw;WDL;7;7-WDL;25f8026f37b5df54bfbb81a0b4ee2c00;wdl7.txt
KNNPvKRP.rtbw;WDL;7;7-WDL;f567196216f48c417b409471a52eacba;wdl7.txt
KNNPvKRR.rtbw;WDL;7;7-WDL;6c7c56e717dc2d69602ec78b5664f7f7;wdl7.txt
KNPPvKBB.rtbw;WDL;7;7-WDL;2ef83486fd4c703695d9e0d985c287a6;wdl7.txt
KNPPvKBN.rtbw;WDL;7;7-WDL;822b4aa39041e67c8d68590865616cc5;wdl7.txt
KNPPvKBP.rtbw;WDL;7;7-WDL;8f46618eb8269038107b3531f73f3b9c;wdl7.txt
KNPPvKNN.rtbw;WDL;7;7-WDL;db01d210889cdbbf1b8caae8bdb4c3e0;wdl7.txt
KNPPvKNP.rtbw;WDL;7;7-WDL;0f7876e67d5deebb7594eaf8fb27c082;wdl7.txt
KNPPvKPP.rtbw;WDL;7;7-WDL;5844934859061932a39c7070717287bc;wdl7.txt
KNPPvKQB.rtbw;WDL;7;7-WDL;05732df61b157065d092a421745fc96f;wdl7.txt
KNPPvKQN.rtbw;WDL;7;7-WDL;3b93aa4fe893111c7aa995aae3ff6406;wdl7.txt
KNPPvKQP.rtbw;WDL;7;7-WDL;9c8d1433a7fa27128d725dad96243b13;wdl7.txt
KNPPvKQQ.rtbw;WDL;7;7-WDL;d91a9f4ee2e73e6537063a3cf675823c;wdl7.txt
KNPPvKQR.rtbw;WDL;7;7-WDL;d549857daa3187fe6bf977b42ee84f96;wdl7.txt
KNPPvKRB.rtbw;WDL;7;7-WDL;d70b92178ecc5bce085d0592e39b7a0f;wdl7.txt
KNPPvKRN.rtbw;WDL;7;7-WDL;3a9948b5aaa9fef44eef691b113fe102;wdl7.txt
KNPPvKRP.rtbw;WDL;7;7-WDL;ce8b45245f8022bb65ed0167191025d8;wdl7.txt
KNPPvKRR.rtbw;WDL;7;7-WDL;9d9a615eb190bf5b958f1f8e44fbdb9c;wdl7.txt
KPPPvKBB.rtbw;WDL;7;7-WDL;ba03e367fd5b7a0a2d34cf6042bf41e4;wdl7.txt
KPPPvKBN.rtbw;WDL;7;7-WDL;3a6b1c01d7a4c640d6770765c2b64407;wdl7.txt
KPPPvKBP.rtbw;WDL;7;7-WDL;8ebaf405c62a3439f2f05e811b0efcc1;wdl7.txt
KPPPvKNN.rtbw;WDL;7;7-WDL;50f7f556bbb5325ef701f1f25c99aa54;wdl7.txt
KPPPvKNP.rtbw;WDL;7;7-WDL;4d1f1d7be1cb3a34f6d88b14bf9e1b57;wdl7.txt
KPPPvKPP.rtbw;WDL;7;7-WDL;2496431562633a6a16ec85e201460128;wdl7.txt
KPPPvKQB.rtbw;WDL;7;7-WDL;31adc1be067b78282a2dbc611eb8d98e;wdl7.txt
KPPPvKQN.rtbw;WDL;7;7-WDL;38d65267ab1eb0f98e4036637daec950;wdl7.txt
KPPPvKQP.rtbw;WDL;7;7-WDL;ceab4c55101f0edd2f1c5b0e9502404c;wdl7.txt
KPPPvKQQ.rtbw;WDL;7;7-WDL;d8456cd04221c973339d7f2c47baf919;wdl7.txt
KPPPvKQR.rtbw;WDL;7;7-WDL;0f326b7aee2ea6ce90d795c0348011ae;wdl7.txt
KPPPvKRB.rtbw;WDL;7;7-WDL;01157afcced2c63a11a8bd70baef7524;wdl7.txt
KPPPvKRN.rtbw;WDL;7;7-WDL;2462364da03fc73fec8510df41573879;wdl7.txt
KPPPvKRP.rtbw;WDL;7;7-WDL;c07737f7ac3973e59d41c17be54bf16c;wdl7.txt
KPPPvKRR.rtbw;WDL;7;7-WDL;6aed618e43b0661307e06c84335493d9;wdl7.txt
KQBBvKBP.rtbw;WDL;7;7-WDL;d9c5630cfe387806174fcacdc81cdfcb;wdl7.txt
KQBBvKNP.rtbw;WDL;7;7-WDL;33e138c70d56e70dbc8ea59a3f66c87f;wdl7.txt
KQBBvKPP.rtbw;WDL;7;7-WDL;e63f2b567b047ca5209e8762a1178358;wdl7.txt
KQBBvKQP.rtbw;WDL;7;7-WDL;a7bd41fd1a7645d858e7f9b32c64fca8;wdl7.txt
KQBBvKRP.rtbw;WDL;7;7-WDL;7472049e6632de1822fb8de76d12fe42;wdl7.txt
KQBNvKBP.rtbw;WDL;7;7-WDL;214c4146e0d704c0cdbb55ee11896440;wdl7.txt
KQBNvKNP.rtbw;WDL;7;7-WDL;1f2dc8f9900dd7825301d723028155e2;wdl7.txt
KQBNvKPP.rtbw;WDL;7;7-WDL;8a020046bacbd02a97536d6a8f6f2635;wdl7.txt
KQBNvKQP.rtbw;WDL;7;7-WDL;690637abbeea42898b3401df51751769;wdl7.txt
KQBNvKRP.rtbw;WDL;7;7-WDL;715b35cf41c1c926db70d242990896b5;wdl7.txt
KQBPvKBB.rtbw;WDL;7;7-WDL;01f1a4cfbbda348d4e18f59df0c2c1fe;wdl7.txt
KQBPvKBN.rtbw;WDL;7;7-WDL;28defa8cc5a2139f82d25dc2c7bc6df9;wdl7.txt
KQBPvKBP.rtbw;WDL;7;7-WDL;552ad0a8c932097543b382167d4d141b;wdl7.txt
KQBPvKNN.rtbw;WDL;7;7-WDL;5f102221b9107444f956af1ac7af3385;wdl7.txt
KQBPvKNP.rtbw;WDL;7;7-WDL;23fa3fc79023f7074794b5b1a3e78251;wdl7.txt
KQBPvKPP.rtbw;WDL;7;7-WDL;2bdc3c3e0326b0bde8613fb23cc39a0a;wdl7.txt
KQBPvKQB.rtbw;WDL;7;7-WDL;d7c5e407973ce463ca435d51c35f1bc1;wdl7.txt
KQBPvKQN.rtbw;WDL;7;7-WDL;ad87152a4956f1b3a61080778b9b09c2;wdl7.txt
KQBPvKQP.rtbw;WDL;7;7-WDL;51ede971c69a33d23b32c507aa85683f;wdl7.txt
KQBPvKQQ.rtbw;WDL;7;7-WDL;65bf89f702c2f16358ccb390a6e6804a;wdl7.txt
KQBPvKQR.rtbw;WDL;7;7-WDL;9784c230234e32ce7e13e154862f5e5d;wdl7.txt
KQBPvKRB.rtbw;WDL;7;7-WDL;6a88c28ddf81a863b2cd3be397d00344;wdl7.txt
KQBPvKRN.rtbw;WDL;7;7-WDL;2393f37966af70f739f4215f2af5f37a;wdl7.txt
KQBPvKRP.rtbw;WDL;7;7-WDL;fa1c6732a4ebb686693acb211eacbdba;wdl7.txt
KQBPvKRR.rtbw;WDL;7;7-WDL;cc4d104c4cd516f55d3321367854f7af;wdl7.txt
KQNNvKBP.rtbw;WDL;7;7-WDL;2c46c740e5bc3caaf0eab594f33db63c;wdl7.txt
KQNNvKNP.rtbw;WDL;7;7-WDL;3047254f2bd46cee0904d3879aac5d3e;wdl7.txt
KQNNvKPP.rtbw;WDL;7;7-WDL;ad8f703522548d0c8c7c4d2e1f53e98a;wdl7.txt
KQNNvKQP.rtbw;WDL;7;7-WDL;3dea19acad0de722cfdac4d12fb54d94;wdl7.txt
KQNNvKRP.rtbw;WDL;7;7-WDL;1235418b2a9fc760e96ab76373418f23;wdl7.txt
KQNPvKBB.rtbw;WDL;7;7-WDL;b39dfffcdbeec601ab4b400daa2fedfe;wdl7.txt
KQNPvKBN.rtbw;WDL;7;7-WDL;baa1a810e977e53e1790dc908f33f35b;wdl7.txt
KQNPvKBP.rtbw;WDL;7;7-WDL;10df130fd46c3fc3504ed7ac98ccda1e;wdl7.txt
KQNPvKNN.rtbw;WDL;7;7-WDL;6306a62072ea81e90619fc445d5f17fb;wdl7.txt
KQNPvKNP.rtbw;WDL;7;7-WDL;98bfb23f3c5d035f67b657793b1a4513;wdl7.txt
KQNPvKPP.rtbw;WDL;7;7-WDL;e4f0bc9ac33bdb38e8a3a30dbddb9d36;wdl7.txt
KQNPvKQB.rtbw;WDL;7;7-WDL;cc714e4f140a107bcb03703c68679b60;wdl7.txt
KQNPvKQN.rtbw;WDL;7;7-WDL;e1f3bd7c8ce3c4db3bc4e48f4e62e73a;wdl7.txt
KQNPvKQP.rtbw;WDL;7;7-WDL;2c9efc6b90e80517d357a45d40c732c0;wdl7.txt
KQNPvKQQ.rtbw;WDL;7;7-WDL;cbe5fdead7f18c08700b8152753b3192;wdl7.txt
KQNPvKQR.rtbw;WDL;7;7-WDL;98c131f92ec4a181abc0b2d57fa2f7bd;wdl7.txt
KQNPvKRB.rtbw;WDL;7;7-WDL;c3da3f5e194dfb3f269fc8a6e9b05613;wdl7.txt
KQNPvKRN.rtbw;WDL;7;7-WDL;85f3c6d3223a2170652ca76a447a43d6;wdl7.txt
KQNPvKRP.rtbw;WDL;7;7-WDL;8ee6bde7df4435eb3b985b60d2d2d6c6;wdl7.txt
KQNPvKRR.rtbw;WDL;7;7-WDL;597a94938158198194d59aa5787afe00;wdl7.txt
KQPPvKBB.rtbw;WDL;7;7-WDL;484a677322be6750e6aca7b0d569e7c1;wdl7.txt
KQPPvKBN.rtbw;WDL;7;7-WDL;69ad0d7c792cbdc69a292531edfbfb64;wdl7.txt
KQPPvKBP.rtbw;WDL;7;7-WDL;04854927830c3897817a79d1151a6d2a;wdl7.txt
KQPPvKNN.rtbw;WDL;7;7-WDL;e8d55e4600303ad6ecaeedf7f06909a0;wdl7.txt
KQPPvKNP.rtbw;WDL;7;7-WDL;7d8b3fb8f4637a90491c44069a33b2c4;wdl7.txt
KQPPvKPP.rtbw;WDL;7;7-WDL;a05150be2dadca0f8cffc69cafabde83;wdl7.txt
KQPPvKQB.rtbw;WDL;7;7-WDL;5948fdb51ebd079628b65deb4231968d;wdl7.txt
KQPPvKQN.rtbw;WDL;7;7-WDL;062c98e7e1dc1cdcf32ddfe4625605cb;wdl7.txt
KQPPvKQP.rtbw;WDL;7;7-WDL;4ed0811ec204f0cc27e47cb41adc87f3;wdl7.txt
KQPPvKQQ.rtbw;WDL;7;7-WDL;15b5ad11846230756baaa660fe57e1be;wdl7.txt
KQPPvKQR.rtbw;WDL;7;7-WDL;a28671486549df70c5d08a6cd085776d;wdl7.txt
KQPPvKRB.rtbw;WDL;7;7-WDL;356966764a4b5c5dd1d3a01c1c4e3cba;wdl7.txt
KQPPvKRN.rtbw;WDL;7;7-WDL;e830b08356a1d53180ccc0e66a526b84;wdl7.txt
KQPPvKRP.rtbw;WDL;7;7-WDL;0203e221ef6ff98678e3a7390646db53;wdl7.txt
KQPPvKRR.rtbw;WDL;7;7-WDL;ce3397afd527938a4ab33dbef1c2b0c4;wdl7.txt
KQQBvKBP.rtbw;WDL;7;7-WDL;daff3c386dc2f7be520ea33a508cc076;wdl7.txt
KQQBvKNP.rtbw;WDL;7;7-WDL;552af70e54fec8a0e8758d084294252c;wdl7.txt
KQQBvKPP.rtbw;WDL;7;7-WDL;c9083fb0482eec8a899c8e837fa5a3ed;wdl7.txt
KQQBvKQP.rtbw;WDL;7;7-WDL;2d26c52282eb6e0f0b26a12f28527a1e;wdl7.txt
KQQBvKRP.rtbw;WDL;7;7-WDL;9c921e2c57152183f538e4bf05d5d4b6;wdl7.txt
KQQNvKBP.rtbw;WDL;7;7-WDL;3d7ead169cc07af4860f1c1c146d7227;wdl7.txt
KQQNvKNP.rtbw;WDL;7;7-WDL;b26d695e2073b90b1b992da42c9ae7d4;wdl7.txt
KQQNvKPP.rtbw;WDL;7;7-WDL;54817685f96400fd20b8f31202f71944;wdl7.txt
KQQNvKQP.rtbw;WDL;7;7-WDL;c98580f163c1ff31e06ef2738f5e5c0e;wdl7.txt
KQQNvKRP.rtbw;WDL;7;7-WDL;c3c7e746bb989f2b0ba89ec7e101e8d3;wdl7.txt
KQQPvKBB.rtbw;WDL;7;7-WDL;03dc20c3a50054b25f213690397dbe5c;wdl7.txt
KQQPvKBN.rtbw;WDL;7;7-WDL;4a0ef321f67cbfa97e9473a4ba1fe6ff;wdl7.txt
KQQPvKBP.rtbw;WDL;7;7-WDL;ae36e060fcc27fa0d77447a679cf3b13;wdl7.txt
KQQPvKNN.rtbw;WDL;7;7-WDL;9d32b927abc7f4163060867acf47913c;wdl7.txt
KQQPvKNP.rtbw;WDL;7;7-WDL;9785512129e729854f8858e17a7b4179;wdl7.txt
KQQPvKPP.rtbw;WDL;7;7-WDL;b64b49051835c849f1e8f510060824a3;wdl7.txt
KQQPvKQB.rtbw;WDL;7;7-WDL;369d86bca5dd34aabd3da7dcaac5a2af;wdl7.txt
KQQPvKQN.rtbw;WDL;7;7-WDL;b017a30b3bead6ae8f5d5a1e7682ca54;wdl7.txt
KQQPvKQP.rtbw;WDL;7;7-WDL;4277df242a0827a4dfb0d67f1d238378;wdl7.txt
KQQPvKQQ.rtbw;WDL;7;7-WDL;f00fa459f89130f3714b87ba541fcb45;wdl7.txt
KQQPvKQR.rtbw;WDL;7;7-WDL;f019067fb0fdf38e88b84b943206d65f;wdl7.txt
KQQPvKRB.rtbw;WDL;7;7-WDL;5028e5247cd10a64de75cbe26c7de04b;wdl7.txt
KQQPvKRN.rtbw;WDL;7;7-WDL;8845863b9479c8b10a7fd9d835c0bceb;wdl7.txt
KQQPvKRP.rtbw;WDL;7;7-WDL;29ccf24f9038b0132ff6812ea49937b0;wdl7.txt
KQQPvKRR.rtbw;WDL;7;7-WDL;f54effae7471d4728b7bbca8a4d88c3d;wdl7.txt
KQQQvKBP.rtbw;WDL;7;7-WDL;85ed89c7d0f601bb7aeabf679e6ab642;wdl7.txt
KQQQvKNP.rtbw;WDL;7;7-WDL;9b40b14d5a92544eca81939ae090f7fe;wdl7.txt
KQQQvKPP.rtbw;WDL;7;7-WDL;f372a0af67b372ca3756dbfbc0122e9a;wdl7.txt
KQQQvKQP.rtbw;WDL;7;7-WDL;3b6cf828eb68fe4ae9e552db97fe1189;wdl7.txt
KQQQvKRP.rtbw;WDL;7;7-WDL;1c96225d1f70c05dc1a32ffb7de6ac66;wdl7.txt
KQQRvKBP.rtbw;WDL;7;7-WDL;4a8701678e7939d7be9b48703d98de8c;wdl7.txt
KQQRvKNP.rtbw;WDL;7;7-WDL;e2a27a6238ff3490ea19ef5a7113fcff;wdl7.txt
KQQRvKPP.rtbw;WDL;7;7-WDL;4a095b3d90f525f22f5cd17f3f5a52bd;wdl7.txt
KQQRvKQP.rtbw;WDL;7;7-WDL;c19fc984615336aa2cae6d9de5a274c0;wdl7.txt
KQQRvKRP.rtbw;WDL;7;7-WDL;9e6a6814187f1d0e799ba3f415a82c04;wdl7.txt
KQRBvKBP.rtbw;WDL;7;7-WDL;1605e35cf3b55216134f232123b3dd0a;wdl7.txt
KQRBvKNP.rtbw;WDL;7;7-WDL;5000374acf4a0affd3f4cbcac46df49f;wdl7.txt
KQRBvKPP.rtbw;WDL;7;7-WDL;c69107bd01f9149eacc6591b841605db;wdl7.txt
KQRBvKQP.rtbw;WDL;7;7-WDL;7112ecd510079ce08987f41eb8ab6fe5;wdl7.txt
KQRBvKRP.rtbw;WDL;7;7-WDL;5f69b2723e9e521f94a05c2d8196a373;wdl7.txt
KQRNvKBP.rtbw;WDL;7;7-WDL;d1294ff254811edffe8161d60b6f13bf;wdl7.txt
KQRNvKNP.rtbw;WDL;7;7-WDL;6683ef906994822f4e616559e7489e93;wdl7.txt
KQRNvKPP.rtbw;WDL;7;7-WDL;974b614af602dc20d745b0014e44d900;wdl7.txt
KQRNvKQP.rtbw;WDL;7;7-WDL;ba3e75f8f48a4ecbc375a2c9ab953b16;wdl7.txt
KQRNvKRP.rtbw;WDL;7;7-WDL;e91e499d94a89d0c1b809cd23d13d997;wdl7.txt
KQRPvKBB.rtbw;WDL;7;7-WDL;cfc8e2c2aaecdffc6658b85c7c99b21d;wdl7.txt
KQRPvKBN.rtbw;WDL;7;7-WDL;1758c169263eecd51288d0b8a800727e;wdl7.txt
KQRPvKBP.rtbw;WDL;7;7-WDL;01c5106f1c2185f3ebdf1f5efc01b08a;wdl7.txt
KQRPvKNN.rtbw;WDL;7;7-WDL;6036da8dc4bbcc3683f9aa83e631e394;wdl7.txt
KQRPvKNP.rtbw;WDL;7;7-WDL;2bd5b75d3c3ff74802ba407f299c2d97;wdl7.txt
KQRPvKPP.rtbw;WDL;7;7-WDL;bcdcce3c33edba669a51c71b5dad3174;wdl7.txt
KQRPvKQB.rtbw;WDL;7;7-WDL;528d884e7f08fb14c138b382e11460c3;wdl7.txt
KQRPvKQN.rtbw;WDL;7;7-WDL;9bd8599c8b6ab26cc8a54fa36f29beda;wdl7.txt
KQRPvKQP.rtbw;WDL;7;7-WDL;6076171d161875b47c6198bf31b7c9c7;wdl7.txt
KQRPvKQQ.rtbw;WDL;7;7-WDL;3e21931dd2c788f81c87777dae16af12;wdl7.txt
KQRPvKQR.rtbw;WDL;7;7-WDL;98d9d544246877490fce5c83c9724635;wdl7.txt
KQRPvKRB.rtbw;WDL;7;7-WDL;e0214ab39644b5def7b3ff9669d09d60;wdl7.txt
KQRPvKRN.rtbw;WDL;7;7-WDL;c213f559b0ff0ee88bf21f7f4748e15c;wdl7.txt
KQRPvKRP.rtbw;WDL;7;7-WDL;4c86f1c7b68531dcfa0e3e494148ef88;wdl7.txt
KQRPvKRR.rtbw;WDL;7;7-WDL;770d0750449d0edde73de80753c2157b;wdl7.txt
KQRRvKBP.rtbw;WDL;7;7-WDL;e6ecc662039a4cce11864081ad1e1af0;wdl7.txt
KQRRvKNP.rtbw;WDL;7;7-WDL;df69f460f5b0e6cf87593049904afa0f;wdl7.txt
KQRRvKPP.rtbw;WDL;7;7-WDL;20ef72fdd2c93cf2a8e0d14b5c7ffd80;wdl7.txt
KQRRvKQP.rtbw;WDL;7;7-WDL;8e404f66cfa444fcdc08ddbcf2bcf7b3;wdl7.txt
KQRRvKRP.rtbw;WDL;7;7-WDL;99a4eb912023e31ff363fccfbf170ced;wdl7.txt
KRBBvKBP.rtbw;WDL;7;7-WDL;f6d51a3cbda541f20e3d92cf1051cff6;wdl7.txt
KRBBvKNP.rtbw;WDL;7;7-WDL;449a55410dca3fa82637270d8b6433bf;wdl7.txt
KRBBvKPP.rtbw;WDL;7;7-WDL;222d3fb2b62f91edae4c46811762dd56;wdl7.txt
KRBBvKQP.rtbw;WDL;7;7-WDL;8f20396ef21900990e3f9571eef74137;wdl7.txt
KRBBvKRP.rtbw;WDL;7;7-WDL;ad19544494a64eaf77b538b455f387e9;wdl7.txt
KRBNvKBP.rtbw;WDL;7;7-WDL;9231eade459b5e36e9c3f325612e619e;wdl7.txt
KRBNvKNP.rtbw;WDL;7;7-WDL;567df6df5ebc4ed09eedb874b8cae25f;wdl7.txt
KRBNvKPP.rtbw;WDL;7;7-WDL;01f8c3df3509bb4bc853d6c8ba74bb61;wdl7.txt
KRBNvKQP.rtbw;WDL;7;7-WDL;dc2143dcaa6d899d03b499b226ee52cf;wdl7.txt
KRBNvKRP.rtbw;WDL;7;7-WDL;847b1a0f1ce16031d39d9e7c210b72fe;wdl7.txt
KRBPvKBB.rtbw;WDL;7;7-WDL;633f0ebfe494fb12adcc168563d4db57;wdl7.txt
KRBPvKBN.rtbw;WDL;7;7-WDL;de76c0032ac05236e154b1de03cbb18b;wdl7.txt
KRBPvKBP.rtbw;WDL;7;7-WDL;494ac44e22e925829023964ea2a79e93;wdl7.txt
KRBPvKNN.rtbw;WDL;7;7-WDL;10840cb4d4a2912ffe16deac5b397c23;wdl7.txt
KRBPvKNP.rtbw;WDL;7;7-WDL;e3289881ac29b6a8dc415a6988b7d090;wdl7.txt
KRBPvKPP.rtbw;WDL;7;7-WDL;9712c754a76f30c66958f6e04355d3e4;wdl7.txt
KRBPvKQB.rtbw;WDL;7;7-WDL;0bcf2cf23f37032bb28861ebda69a055;wdl7.txt
KRBPvKQN.rtbw;WDL;7;7-WDL;a617535840d514a23f2ce0cbc2aae004;wdl7.txt
KRBPvKQP.rtbw;WDL;7;7-WDL;911fee7d718c18b091b1dd69e8a4e810;wdl7.txt
KRBPvKQQ.rtbw;WDL;7;7-WDL;88193e5b7e23d500026eed1bdaf5c357;wdl7.txt
KRBPvKQR.rtbw;WDL;7;7-WDL;049fb08f5cdd767ba500a1dbeba77149;wdl7.txt
KRBPvKRB.rtbw;WDL;7;7-WDL;2cae74ac069123c1a9a93c77e6e6cc9a;wdl7.txt
KRBPvKRN.rtbw;WDL;7;7-WDL;fcb40a7c59eeab571f165926bd307452;wdl7.txt
KRBPvKRP.rtbw;WDL;7;7-WDL;4ec952344216e3dd13f193530cc9996e;wdl7.txt
KRBPvKRR.rtbw;WDL;7;7-WDL;2cb027ebf831aa6809d0b405aa62f35e;wdl7.txt
KRNNvKBP.rtbw;WDL;7;7-WDL;bdfce9fd18d46ffbff6bd40aeb54e3fd;wdl7.txt
KRNNvKNP.rtbw;WDL;7;7-WDL;94aa6643eca87bc8419542be65f892dc;wdl7.txt
KRNNvKPP.rtbw;WDL;7;7-WDL;2a85b037a3815d9008bc5e4b3b301a72;wdl7.txt
KRNNvKQP.rtbw;WDL;7;7-WDL;6b89a4a947b800b239ce450cb9d59c24;wdl7.txt
KRNNvKRP.rtbw;WDL;7;7-WDL;8ccec8fe62c60d0b37f4070b78521fd9;wdl7.txt
KRNPvKBB.rtbw;WDL;7;7-WDL;f473a5e57e10bb7df214fecb6e823945;wdl7.txt
KRNPvKBN.rtbw;WDL;7;7-WDL;9792a11c6d6ed960108f12da66a8ee12;wdl7.txt
KRNPvKBP.rtbw;WDL;7;7-WDL;5a221682c33f4e7e61b7e307c984577a;wdl7.txt
KRNPvKNN.rtbw;WDL;7;7-WDL;89f55fb3281e6032b2a3fdbfe084382e;wdl7.txt
KRNPvKNP.rtbw;WDL;7;7-WDL;e59d06a1c2bdc3a0d68bd00bc5d1cc2e;wdl7.txt
KRNPvKPP.rtbw;WDL;7;7-WDL;05a4de953a9469bc147ef4577647c771;wdl7.txt
KRNPvKQB.rtbw;WDL;7;7-WDL;2e89769415be0e08a76931363e1079f2;wdl7.txt
KRNPvKQN.rtbw;WDL;7;7-WDL;c3bb7274ff1d61e0c5a57e641733cdfa;wdl7.txt
KRNPvKQP.rtbw;WDL;7;7-WDL;41b8d18edcc8fb39977c327cd8f37367;wdl7.txt
KRNPvKQQ.rtbw;WDL;7;7-WDL;651b388347267b04dd2f9c0305cf3e53;wdl7.txt
KRNPvKQR.rtbw;WDL;7;7-WDL;09880548a92568687eb658677a58dfca;wdl7.txt
KRNPvKRB.rtbw;WDL;7;7-WDL;cf758babffac1efc8dbd8374151764e5;wdl7.txt
KRNPvKRN.rtbw;WDL;7;7-WDL;77f6ae611b724be572430cfa376b91a2;wdl7.txt
KRNPvKRP.rtbw;WDL;7;7-WDL;79c9e438790c576d842fe2ce167f0246;wdl7.txt
KRNPvKRR.rtbw;WDL;7;7-WDL;949694bda1adbc5c80cc15034a17fe89;wdl7.txt
KRPPvKBB.rtbw;WDL;7;7-WDL;9ae2595f973042c63e38af536c5deb20;wdl7.txt
KRPPvKBN.rtbw;WDL;7;7-WDL;1204fda195ddd4ffe7f64986cfe0d6ff;wdl7.txt
KRPPvKBP.rtbw;WDL;7;7-WDL;d9d27612bc57306fdd247377568587ef;wdl7.txt
KRPPvKNN.rtbw;WDL;7;7-WDL;a866bb95a753e5e516c8d9c8013e5658;wdl7.txt
KRPPvKNP.rtbw;WDL;7;7-WDL;9d382902e6ec4debe5565f85f38b47fa;wdl7.txt
KRPPvKPP.rtbw;WDL;7;7-WDL;8a495fd87342cb3d716295f0c2d5fc8c;wdl7.txt
KRPPvKQB.rtbw;WDL;7;7-WDL;6807d6a089575cb1306ddffe4f0e41c7;wdl7.txt
KRPPvKQN.rtbw;WDL;7;7-WDL;7fd935d61a0fab00436afb154757c6c5;wdl7.txt
KRPPvKQP.rtbw;WDL;7;7-WDL;9c4180b202d89124018787fcc9e5a814;wdl7.txt
KRPPvKQQ.rtbw;WDL;7;7-WDL;9cf95567f15b1bbaa67a6906902f3e93;wdl7.txt
KRPPvKQR.rtbw;WDL;7;7-WDL;c55b98d70745fd0348e3c2f68d40b103;wdl7.txt
KRPPvKRB.rtbw;WDL;7;7-WDL;eab2ce81297a06ac9f9fc4ef640d7a09;wdl7.txt
KRPPvKRN.rtbw;WDL;7;7-WDL;967010df2924b236914d040d076ef59f;wdl7.txt
KRPPvKRP.rtbw;WDL;7;7-WDL;a92493e82147cc425316074c91a0374c;wdl7.txt
KRPPvKRR.rtbw;WDL;7;7-WDL;68379459a850e4f1926ecf525a46038c;wdl7.txt
KRRBvKBP.rtbw;WDL;7;7-WDL;128b5924e2fff6ff43f8f4084e20b0ba;wdl7.txt
KRRBvKNP.rtbw;WDL;7;7-WDL;56202d54630c8b0c86da991b80edd924;wdl7.txt
KRRBvKPP.rtbw;WDL;7;7-WDL;74576f0abb41c56338cd0514410f3aa9;wdl7.txt
KRRBvKQP.rtbw;WDL;7;7-WDL;7a052fc5e63a21afbee788b90b2c902a;wdl7.txt
KRRBvKRP.rtbw;WDL;7;7-WDL;df7e3d654ff606185e73fe04bacce142;wdl7.txt
KRRNvKBP.rtbw;WDL;7;7-WDL;377392d5114854d70794141f5e33c505;wdl7.txt
KRRNvKNP.rtbw;WDL;7;7-WDL;9b24230bfc9383baf7ad6382a974f20c;wdl7.txt
KRRNvKPP.rtbw;WDL;7;7-WDL;0a7ebb770cb1027d01f63f22e9edaba8;wdl7.txt
KRRNvKQP.rtbw;WDL;7;7-WDL;12c24dcded55dfe29dc9cd51db94ef61;wdl7.txt
KRRNvKRP.rtbw;WDL;7;7-WDL;fb3d09103f59afd7a420e94323f769a4;wdl7.txt
KRRPvKBB.rtbw;WDL;7;7-WDL;41e4fd6b1e9669c12db079b231fa1282;wdl7.txt
KRRPvKBN.rtbw;WDL;7;7-WDL;829bc8c54936ede3ead0d6eaa6862afd;wdl7.txt
KRRPvKBP.rtbw;WDL;7;7-WDL;172f566a29815a5cb26a42a66fc2f577;wdl7.txt
KRRPvKNN.rtbw;WDL;7;7-WDL;e39a55c6b90b424bad326a952e9d24b2;wdl7.txt
KRRPvKNP.rtbw;WDL;7;7-WDL;c2b0fc4f591857500b9cc5e15fa7e7f8;wdl7.txt
KRRPvKPP.rtbw;WDL;7;7-WDL;d630f12ece2a5400ec72540fe89cf724;wdl7.txt
KRRPvKQB.rtbw;WDL;7;7-WDL;0f4a5fbabeb6ed6dad36e16802cdf26d;wdl7.txt
KRRPvKQN.rtbw;WDL;7;7-WDL;0346672e3cc7bf94feeadb055317d84e;wdl7.txt
KRRPvKQP.rtbw;WDL;7;7-WDL;b6c5d57c112d0cae96253591b82c473d;wdl7.txt
KRRPvKQQ.rtbw;WDL;7;7-WDL;e98df9e9abb60d34c9358ae2f291f382;wdl7.txt
KRRPvKQR.rtbw;WDL;7;7-WDL;2b1c434031d6239346586c258c2e4149;wdl7.txt
KRRPvKRB.rtbw;WDL;7;7-WDL;7fe58a99afa7ed7789f61dcc290a751b;wdl7.txt
KRRPvKRN.rtbw;WDL;7;7-WDL;a1e68665021d28b33a963ce7b2f7f370;wdl7.txt
KRRPvKRP.rtbw;WDL;7;7-WDL;0d14663b429ccc9a509c440708ad0d78;wdl7.txt
KRRPvKRR.rtbw;WDL;7;7-WDL;3eb49a115d7e2bb9536f0ee28c382a10;wdl7.txt
KRRRvKBP.rtbw;WDL;7;7-WDL;70495dbcc5cee144dfd284efa3de496c;wdl7.txt
KRRRvKNP.rtbw;WDL;7;7-WDL;300e0dcdc6bd6039ef6369c5e2add753;wdl7.txt
KRRRvKPP.rtbw;WDL;7;7-WDL;b3e82f178640b0eedfc14f9c90053498;wdl7.txt
KRRRvKQP.rtbw;WDL;7;7-WDL;5c718535ed5593718c2ae6b6a05ac868;wdl7.txt
KRRRvKRP.rtbw;WDL;7;7-WDL;5e748f69054a4adcfa9702e846ef37cc;wdl7.txt
KBBBvKBB.rtbw;WDL;7;7-WDL;c7d60d90681721d1a6e0439fa7c7be67;wdl7.txt
KBBBvKBN.rtbw;WDL;7;7-WDL;9243b0d0eaaef8dc323fb0130370ca31;wdl7.txt
KBBBvKNN.rtbw;WDL;7;7-WDL;f90c3f61b8202fc15b23158a5c0bb437;wdl7.txt
KBBBvKQB.rtbw;WDL;7;7-WDL;c1a49fc025c0173b30d7b128f4d5ebc7;wdl7.txt
KBBBvKQN.rtbw;WDL;7;7-WDL;baf620fc40c5b430167d9d184de3c3bc;wdl7.txt
KBBBvKQQ.rtbw;WDL;7;7-WDL;073da66f44488d80fe841ec0d520b8cd;wdl7.txt
KBBBvKQR.rtbw;WDL;7;7-WDL;bb69aa245c7347c86428f57231e7c57c;wdl7.txt
KBBBvKRB.rtbw;WDL;7;7-WDL;56b8be871123ff94bc15143d4d5bd626;wdl7.txt
KBBBvKRN.rtbw;WDL;7;7-WDL;d90ecbe9f5e9884594f65e4a168c3c7a;wdl7.txt
KBBBvKRR.rtbw;WDL;7;7-WDL;542821b7ba2c84b186cda5dfa98ea01f;wdl7.txt
KBBNvKBB.rtbw;WDL;7;7-WDL;01dd51ab7719d56cbdb7c1d0381cc435;wdl7.txt
KBBNvKBN.rtbw;WDL;7;7-WDL;6137eca54700851e4a881cf0060a3a83;wdl7.txt
KBBNvKNN.rtbw;WDL;7;7-WDL;e2c264327cad07775d5caed0d46328e1;wdl7.txt
KBBNvKQB.rtbw;WDL;7;7-WDL;214c8645d88420015f9097229d462243;wdl7.txt
KBBNvKQN.rtbw;WDL;7;7-WDL;6388cc71f9dd66d346505f4378d5470a;wdl7.txt
KBBNvKQQ.rtbw;WDL;7;7-WDL;d18a2a3c30e227f35787a67d4030a56c;wdl7.txt
KBBNvKQR.rtbw;WDL;7;7-WDL;67fd0f7bad7cfb128c22c9469124d832;wdl7.txt
KBBNvKRB.rtbw;WDL;7;7-WDL;8a3da6223e0317a63dd7bbeb6d983e50;wdl7.txt
KBBNvKRN.rtbw;WDL;7;7-WDL;ba5651e69103fef2dfbae62466f4dfcc;wdl7.txt
KBBNvKRR.rtbw;WDL;7;7-WDL;dbc077b10b8df434bc22284f09abb2b8;wdl7.txt
KBNNvKBB.rtbw;WDL;7;7-WDL;cec10abb6c55cb3233b201e3cfb2a299;wdl7.txt
KBNNvKBN.rtbw;WDL;7;7-WDL;eddb19357099e47c8c578e0f95453f44;wdl7.txt
KBNNvKNN.rtbw;WDL;7;7-WDL;dfa731338aa30aea4667d71bb4ed044f;wdl7.txt
KBNNvKQB.rtbw;WDL;7;7-WDL;40437e08b686a5e30f474709055e2300;wdl7.txt
KBNNvKQN.rtbw;WDL;7;7-WDL;dbc5a9cce42fd1bfdd577edaa2d014a0;wdl7.txt
KBNNvKQQ.rtbw;WDL;7;7-WDL;c7807b60a56170f20b1b249fa0129604;wdl7.txt
KBNNvKQR.rtbw;WDL;7;7-WDL;4c6eb6609a7182fd5c24846263938cf7;wdl7.txt
KBNNvKRB.rtbw;WDL;7;7-WDL;da719ddd94987aac07f5a4f2bc558fe0;wdl7.txt
KBNNvKRN.rtbw;WDL;7;7-WDL;8b2c42b1e25d67a7b97888953eed65b3;wdl7.txt
KBNNvKRR.rtbw;WDL;7;7-WDL;a322c6332ca03f5132e3f3e4a78cdb4d;wdl7.txt
KNNNvKBB.rtbw;WDL;7;7-WDL;992a2c004373329005f171b98f921c89;wdl7.txt
KNNNvKBN.rtbw;WDL;7;7-WDL;b0857867394cc5e93fdd3b11ffc60eb0;wdl7.txt
KNNNvKNN.rtbw;WDL;7;7-WDL;7cf96da3157eea80d693da459d175e4a;wdl7.txt
KNNNvKQB.rtbw;WDL;7;7-WDL;e1a6766fc8b3296b634b1ff90fb4f146;wdl7.txt
KNNNvKQN.rtbw;WDL;7;7-WDL;65be0e928cd8d62683cfe8a1ce37897d;wdl7.txt
KNNNvKQQ.rtbw;WDL;7;7-WDL;44b0ea00f49ded2fce91568733cb7c60;wdl7.txt
KNNNvKQR.rtbw;WDL;7;7-WDL;e141004bfba5295e8403e78d7c2717d8;wdl7.txt
KNNNvKRB.rtbw;WDL;7;7-WDL;1555120b96c51f0d1b38487d38e6bc3d;wdl7.txt
KNNNvKRN.rtbw;WDL;7;7-WDL;af5e84e5f404d2a77e0fb48a42eb1e85;wdl7.txt
KNNNvKRR.rtbw;WDL;7;7-WDL;7da5685e2951300ce1954d8ca71d2b87;wdl7.txt
KQBBvKBB.rtbw;WDL;7;7-WDL;514fa89958c8951e920f785d86f2e75b;wdl7.txt
KQBBvKBN.rtbw;WDL;7;7-WDL;7e1270875ca7a1fc316f4766ab9ea010;wdl7.txt
KQBBvKNN.rtbw;WDL;7;7-WDL;c27900362a7d885a7e4d8c2486f06a97;wdl7.txt
KQBBvKQB.rtbw;WDL;7;7-WDL;79c1e5b7cd6fa7e833909f7ecf06a0d3;wdl7.txt
KQBBvKQN.rtbw;WDL;7;7-WDL;543fb244cb6215ef0de9f35780bc30c3;wdl7.txt
KQBBvKQQ.rtbw;WDL;7;7-WDL;fab12952e51d8bf307ed5f063130b933;wdl7.txt
KQBBvKQR.rtbw;WDL;7;7-WDL;fd3152c34bf3dc34dc04d6e53f4989cd;wdl7.txt
KQBBvKRB.rtbw;WDL;7;7-WDL;92d087342a8ca5d8916ebf08a6c7da16;wdl7.txt
KQBBvKRN.rtbw;WDL;7;7-WDL;21b226cb8cbc53d6fba8efa113383c94;wdl7.txt
KQBBvKRR.rtbw;WDL;7;7-WDL;92f06098245b1572243077333253772d;wdl7.txt
KQBNvKBB.rtbw;WDL;7;7-WDL;0db50f1f9ce285b96e869b7d389a5d10;wdl7.txt
KQBNvKBN.rtbw;WDL;7;7-WDL;51b835be825800776e993c283776a5ab;wdl7.txt
KQBNvKNN.rtbw;WDL;7;7-WDL;9b25c52441ae5bd311056980369a7a31;wdl7.txt
KQBNvKQB.rtbw;WDL;7;7-WDL;ecf24d5aaaee4fdb0f9720446b00563d;wdl7.txt
KQBNvKQN.rtbw;WDL;7;7-WDL;ee56fdb347cb38d16048b2c123d814f1;wdl7.txt
KQBNvKQQ.rtbw;WDL;7;7-WDL;7562f28eee854dfad498efd7fe02f858;wdl7.txt
KQBNvKQR.rtbw;WDL;7;7-WDL;bc8509dd737955cbb1f836ee8374be0e;wdl7.txt
KQBNvKRB.rtbw;WDL;7;7-WDL;23d7f52fff391a14157b0ffe0773d270;wdl7.txt
KQBNvKRN.rtbw;WDL;7;7-WDL;fd582a46393499407964c58330bdeca1;wdl7.txt
KQBNvKRR.rtbw;WDL;7;7-WDL;77636303bfbbc0f490ba0c68ab27f003;wdl7.txt
KQNNvKBB.rtbw;WDL;7;7-WDL;e06a8112256abe6ac8ec3ab37b70b5c0;wdl7.txt
KQNNvKBN.rtbw;WDL;7;7-WDL;483599a71b25e8a0fc7b29449c22e579;wdl7.txt
KQNNvKNN.rtbw;WDL;7;7-WDL;1ff54c3b4065982d159bb7fe6c7ebf15;wdl7.txt
KQNNvKQB.rtbw;WDL;7;7-WDL;f608f72907ff7b8ef343c531f321ea6d;wdl7.txt
KQNNvKQN.rtbw;WDL;7;7-WDL;68689efc5f47f3c375379fe1c86d1fd3;wdl7.txt
KQNNvKQQ.rtbw;WDL;7;7-WDL;3d8e8f54ead739f5f98cccab24557a0f;wdl7.txt
KQNNvKQR.rtbw;WDL;7;7-WDL;a36bdebd83ba5fef7441762532ea7ea5;wdl7.txt
KQNNvKRB.rtbw;WDL;7;7-WDL;c30ea1b829cdcf95813a32a295fa3607;wdl7.txt
KQNNvKRN.rtbw;WDL;7;7-WDL;0eba95ce36307b3aa7a87a80934febad;wdl7.txt
KQNNvKRR.rtbw;WDL;7;7-WDL;ae8ee44b53a840e1b12aea923b057d59;wdl7.txt
KQQBvKBB.rtbw;WDL;7;7-WDL;3488e0bd141f35883bbcb9d79c93c13c;wdl7.txt
KQQBvKBN.rtbw;WDL;7;7-WDL;c60449a191facd55409c81f9734cbcf6;wdl7.txt
KQQBvKNN.rtbw;WDL;7;7-WDL;480a9cd5254178cb5caff00ff90d6d6d;wdl7.txt
KQQBvKQB.rtbw;WDL;7;7-WDL;ab5259b51ccc34419925a779b58643b1;wdl7.txt
KQQBvKQN.rtbw;WDL;7;7-WDL;ae0e426e15542db9b3568ab3c1d3fb30;wdl7.txt
KQQBvKQQ.rtbw;WDL;7;7-WDL;79e970a7a41154660b96a1551d11c77c;wdl7.txt
KQQBvKQR.rtbw;WDL;7;7-WDL;02d526e1e978392c8dfef86b19fe0958;wdl7.txt
KQQBvKRB.rtbw;WDL;7;7-WDL;8355ab66fce1a17e09c66a2efc468682;wdl7.txt
KQQBvKRN.rtbw;WDL;7;7-WDL;ce7a1017707700cde8c3003c5edf9a7c;wdl7.txt
KQQBvKRR.rtbw;WDL;7;7-WDL;c1aa9be0fa32c3a2ef438a9da651e6b9;wdl7.txt
KQQNvKBB.rtbw;WDL;7;7-WDL;70dd5c2ba677d9104241e865aec02223;wdl7.txt
KQQNvKBN.rtbw;WDL;7;7-WDL;94e5343e4db5a21c425d5943f64e7106;wdl7.txt
KQQNvKNN.rtbw;WDL;7;7-WDL;833728556f89086863e729d9133cd348;wdl7.txt
KQQNvKQB.rtbw;WDL;7;7-WDL;d54c68234bd3642ab0576b15eb51a1b7;wdl7.txt
KQQNvKQN.rtbw;WDL;7;7-WDL;0559a28411db2bf2091697744eec1240;wdl7.txt
KQQNvKQQ.rtbw;WDL;7;7-WDL;4bc819633789e02610708a4b508c7b3b;wdl7.txt
KQQNvKQR.rtbw;WDL;7;7-WDL;fcd77e7b47552b11f13bfd8e0ba4da19;wdl7.txt
KQQNvKRB.rtbw;WDL;7;7-WDL;b7179f516022c8a06d754b7de1dc4af9;wdl7.txt
KQQNvKRN.rtbw;WDL;7;7-WDL;2b9c6e83e05d596d8716b291ce7ef22f;wdl7.txt
KQQNvKRR.rtbw;WDL;7;7-WDL;be689166f40fbfe23597a7dd2c95f84a;wdl7.txt
KQQQvKBB.rtbw;WDL;7;7-WDL;705857285ea119c1ffd0ca7d55a3cea1;wdl7.txt
KQQQvKBN.rtbw;WDL;7;7-WDL;993763618124c2157d7f00da8b87ef55;wdl7.txt
KQQQvKNN.rtbw;WDL;7;7-WDL;df94b424b0c0fe9b87ed59bb7f66af10;wdl7.txt
KQQQvKQB.rtbw;WDL;7;7-WDL;fbbe711ab9c428f202065cd8c6321426;wdl7.txt
KQQQvKQN.rtbw;WDL;7;7-WDL;53025675a955cddd2c4553f89ed3934d;wdl7.txt
KQQQvKQQ.rtbw;WDL;7;7-WDL;3f698556bc6d7a67cc8612c7d3d3d914;wdl7.txt
KQQQvKQR.rtbw;WDL;7;7-WDL;4a561552f9bbf5a97055032777ce0a67;wdl7.txt
KQQQvKRB.rtbw;WDL;7;7-WDL;d573f5441f86ec73c0778b8beec90873;wdl7.txt
KQQQvKRN.rtbw;WDL;7;7-WDL;27b125317caa9f8ac3842dd3bf0307d1;wdl7.txt
KQQQvKRR.rtbw;WDL;7;7-WDL;103529bb4d5dd9503ccc992559345293;wdl7.txt
KQQRvKBB.rtbw;WDL;7;7-WDL;646203609cf8316227aeafb9a856adef;wdl7.txt
KQQRvKBN.rtbw;WDL;7;7-WDL;587f5b0e25fd425a26a3ba6d283a3b64;wdl7.txt
KQQRvKNN.rtbw;WDL;7;7-WDL;54df29903e7bfd5f04b362a9fda470a2;wdl7.txt
KQQRvKQB.rtbw;WDL;7;7-WDL;9c2e9ade5746e855a3022f47b7554d15;wdl7.txt
KQQRvKQN.rtbw;WDL;7;7-WDL;5b9ebcad52a28e196952a079016f0406;wdl7.txt
KQQRvKQQ.rtbw;WDL;7;7-WDL;119098c777e0ae4163797dccd66fb0f0;wdl7.txt
KQQRvKQR.rtbw;WDL;7;7-WDL;6c73b839774f0902386015bde5db9c19;wdl7.txt
KQQRvKRB.rtbw;WDL;7;7-WDL;e2806cff04cd58ceed6087093ee2caa9;wdl7.txt
KQQRvKRN.rtbw;WDL;7;7-WDL;626107ec3f3148a89a1bd3ad30db9436;wdl7.txt
KQQRvKRR.rtbw;WDL;7;7-WDL;108227c37edb84ff45fb6f2872eacff1;wdl7.txt
KQRBvKBB.rtbw;WDL;7;7-WDL;b9e12b9889970214fa191afa35a379a2;wdl7.txt
KQRBvKBN.rtbw;WDL;7;7-WDL;a4c53c4cb82b5ad9c21d67e419435b9e;wdl7.txt
KQRBvKNN.rtbw;WDL;7;7-WDL;a15509ffa63dec6c147397670db4aeb2;wdl7.txt
KQRBvKQB.rtbw;WDL;7;7-WDL;c8195d3e0f00b87a05f8a2e8c85379c0;wdl7.txt
KQRBvKQN.rtbw;WDL;7;7-WDL;b749eeb1ddb1663578dfa0aa671a5447;wdl7.txt
KQRBvKQQ.rtbw;WDL;7;7-WDL;d71fa403a79c6455b89d41677760fa8a;wdl7.txt
KQRBvKQR.rtbw;WDL;7;7-WDL;f68b1f9765eb654100014be75d12a915;wdl7.txt
KQRBvKRB.rtbw;WDL;7;7-WDL;d33c54a4ae019dc456bbafda5cbca78b;wdl7.txt
KQRBvKRN.rtbw;WDL;7;7-WDL;16c52132fac27584b1d6be4d9dde7dcd;wdl7.txt
KQRBvKRR.rtbw;WDL;7;7-WDL;44d1f889c34816f2b2667a01d1d640da;wdl7.txt
KQRNvKBB.rtbw;WDL;7;7-WDL;9efb1b7760827d92dcaa377bb9231148;wdl7.txt
KQRNvKBN.rtbw;WDL;7;7-WDL;3a21a7be89d327df7fc4b49bd2ea75cd;wdl7.txt
KQRNvKNN.rtbw;WDL;7;7-WDL;b3cce3e8a90ebebc07d887042128542b;wdl7.txt
KQRNvKQB.rtbw;WDL;7;7-WDL;9127c1b689ad5cf9e8accd9a4f6c9171;wdl7.txt
KQRNvKQN.rtbw;WDL;7;7-WDL;1d27d92ddad5b503b208b2cb9622387b;wdl7.txt
KQRNvKQQ.rtbw;WDL;7;7-WDL;91307e39ebe5f7b79117be71428cdd25;wdl7.txt
KQRNvKQR.rtbw;WDL;7;7-WDL;0d785980c02dfdaa4463972cbe35427d;wdl7.txt
KQRNvKRB.rtbw;WDL;7;7-WDL;ba62eb293e93c38f92c3b4439fa7dedd;wdl7.txt
KQRNvKRN.rtbw;WDL;7;7-WDL;c56cef7504b5a5438933d841d3ed9009;wdl7.txt
KQRNvKRR.rtbw;WDL;7;7-WDL;48115c07e5ee60961493f5baf1b83e8c;wdl7.txt
KQRRvKBB.rtbw;WDL;7;7-WDL;a1dbee32c205204fcb3831a846ff72dc;wdl7.txt
KQRRvKBN.rtbw;WDL;7;7-WDL;58a6c072331e780200e21a1deaca4420;wdl7.txt
KQRRvKNN.rtbw;WDL;7;7-WDL;7d1128baf38e8ae11c549dc76b6bec2f;wdl7.txt
KQRRvKQB.rtbw;WDL;7;7-WDL;bd04efdedf2e5b5c766125e4fd02e5a4;wdl7.txt
KQRRvKQN.rtbw;WDL;7;7-WDL;346f3787af12b254c5a976e65dec3cc0;wdl7.txt
KQRRvKQQ.rtbw;WDL;7;7-WDL;8e6b90cc8167cee7e964f12d92fb3fa9;wdl7.txt
KQRRvKQR.rtbw;WDL;7;7-WDL;4346aa18131514cc03c7eb272c9ca21b;wdl7.txt
KQRRvKRB.rtbw;WDL;7;7-WDL;691ae3837f06aacee5b43c5a99434426;wdl7.txt
KQRRvKRN.rtbw;WDL;7;7-WDL;e2d703c88932d38d6de6239f6272cc59;wdl7.txt
KQRRvKRR.rtbw;WDL;7;7-WDL;8a610188097d6d8f312c9970f07986b3;wdl7.txt
KRBBvKBB.rtbw;WDL;7;7-WDL;928470dd6c3fb97ad85a36a19359bf6e;wdl7.txt
KRBBvKBN.rtbw;WDL;7;7-WDL;5b56d4369baee0332b701dec9eb30311;wdl7.txt
KRBBvKNN.rtbw;WDL;7;7-WDL;de1ef8e07587d459a43d065e5181178e;wdl7.txt
KRBBvKQB.rtbw;WDL;7;7-WDL;e202bff277b4b8f191f7dbf8076b5dd3;wdl7.txt
KRBBvKQN.rtbw;WDL;7;7-WDL;1c567b37dec83705cb4044f3d0c800cd;wdl7.txt
KRBBvKQQ.rtbw;WDL;7;7-WDL;c01673fcdf49e5c22e3fd80ec08a696b;wdl7.txt
KRBBvKQR.rtbw;WDL;7;7-WDL;b053194090d448359fb5112f03be7a76;wdl7.txt
KRBBvKRB.rtbw;WDL;7;7-WDL;84d947f29d6ce7a7797f0ac38592367d;wdl7.txt
KRBBvKRN.rtbw;WDL;7;7-WDL;8b9142d8cafeaf1a484f10769f25f497;wdl7.txt
KRBBvKRR.rtbw;WDL;7;7-WDL;5703d20efd94f80bcd4275ee6bac52b2;wdl7.txt
KRBNvKBB.rtbw;WDL;7;7-WDL;e29ea9c8c319a7d8146ac016b2e6f222;wdl7.txt
KRBNvKBN.rtbw;WDL;7;7-WDL;2cd50337dd35c93d6c11c198a60cbe12;wdl7.txt
KRBNvKNN.rtbw;WDL;7;7-WDL;e7b0e7cfe59abb1416ded0cbcb92bd7d;wdl7.txt
KRBNvKQB.rtbw;WDL;7;7-WDL;d4cad2100fa90068a9e7dc98174267ae;wdl7.txt
KRBNvKQN.rtbw;WDL;7;7-WDL;6f6869c02049237268829f82b52efa7e;wdl7.txt
KRBNvKQQ.rtbw;WDL;7;7-WDL;98cd8ca73fa3a712149ed1fcf8861265;wdl7.txt
KRBNvKQR.rtbw;WDL;7;7-WDL;d78ab3fc60f0b9e8f7c92bb0d5623ebd;wdl7.txt
KRBNvKRB.rtbw;WDL;7;7-WDL;29ead28a6f1958807648254ba763c907;wdl7.txt
KRBNvKRN.rtbw;WDL;7;7-WDL;59a6f5de05ef0c0d7dbfa09b2eb13fb9;wdl7.txt
KRBNvKRR.rtbw;WDL;7;7-WDL;58d2405bebde19f969bbc684ca2ba0a5;wdl7.txt
KRNNvKBB.rtbw;WDL;7;7-WDL;6e2668cf39ad2891d6449620f2f30839;wdl7.txt
KRNNvKBN.rtbw;WDL;7;7-WDL;da132968c2d4157756e84de9ae51e3a3;wdl7.txt
KRNNvKNN.rtbw;WDL;7;7-WDL;8d44eb7f94b0c0c37b53ca46c39138d3;wdl7.txt
KRNNvKQB.rtbw;WDL;7;7-WDL;ed2398abb096dd04687e2ae6fa2f9d27;wdl7.txt
KRNNvKQN.rtbw;WDL;7;7-WDL;88f33bd1ace8c2ccdd36becb50957023;wdl7.txt
KRNNvKQQ.rtbw;WDL;7;7-WDL;c3b3894209a4f74da7e0a1e73a90dd2f;wdl7.txt
KRNNvKQR.rtbw;WDL;7;7-WDL;13aa9b6052f6db42a0550f4b8bb25644;wdl7.txt
KRNNvKRB.rtbw;WDL;7;7-WDL;e90cde48a794d1fb9cd02afabe9d6708;wdl7.txt
KRNNvKRN.rtbw;WDL;7;7-WDL;7b3e3003b6adcad37f653c9448bed885;wdl7.txt
KRNNvKRR.rtbw;WDL;7;7-WDL;1967a928750cb9712264d3b0e3ce3c3f;wdl7.txt
KRRBvKBB.rtbw;WDL;7;7-WDL;884923ff38038e412edfff86ff26b2bb;wdl7.txt
KRRBvKBN.rtbw;WDL;7;7-WDL;de42c835c7f4eafd81178d2d1bec5a68;wdl7.txt
KRRBvKNN.rtbw;WDL;7;7-WDL;0f6dabcb30bada9dbb9e2a1d70230f96;wdl7.txt
KRRBvKQB.rtbw;WDL;7;7-WDL;464cbd62748eb54efbd183bc98547d19;wdl7.txt
KRRBvKQN.rtbw;WDL;7;7-WDL;f0489877cf432bf55a889f99dc37bb50;wdl7.txt
KRRBvKQQ.rtbw;WDL;7;7-WDL;1605b1d2bb9edc7dd93451b38416e4dd;wdl7.txt
KRRBvKQR.rtbw;WDL;7;7-WDL;a557108014d364fce90faa0b89459dd3;wdl7.txt
KRRBvKRB.rtbw;WDL;7;7-WDL;5680f06a1c8939166f343764f5685441;wdl7.txt
KRRBvKRN.rtbw;WDL;7;7-WDL;198e95cde200e3a8d5f5383deec05c67;wdl7.txt
KRRBvKRR.rtbw;WDL;7;7-WDL;23e1d1e58e79a33351bc312d1a697192;wdl7.txt
KRRNvKBB.rtbw;WDL;7;7-WDL;66ee41e203438b1bf13685526db3b700;wdl7.txt
KRRNvKBN.rtbw;WDL;7;7-WDL;6ccb716a670947316d6e0dfd112a9315;wdl7.txt
KRRNvKNN.rtbw;WDL;7;7-WDL;90da2bffd5a5d39c23abfc80347b6659;wdl7.txt
KRRNvKQB.rtbw;WDL;7;7-WDL;7e92b0c67c1de404250ed5a7ec387e92;wdl7.txt
KRRNvKQN.rtbw;WDL;7;7-WDL;19ab5b3bc1e3cc6ab69d0db1e544439a;wdl7.txt
KRRNvKQQ.rtbw;WDL;7;7-WDL;790b7b96ee23cf3adc780b7899ec152c;wdl7.txt
KRRNvKQR.rtbw;WDL;7;7-WDL;bdf86b9af7fca1d980bb14946281fb37;wdl7.txt
KRRNvKRB.rtbw;WDL;7;7-WDL;ab508c3e1249a37c69595faaca2b6e94;wdl7.txt
KRRNvKRN.rtbw;WDL;7;7-WDL;537a93e9213d61fff9a70eebf8976628;wdl7.txt
KRRNvKRR.rtbw;WDL;7;7-WDL;4dbf3d072f17d3142fc1b52e15b65a04;wdl7.txt
KRRRvKBB.rtbw;WDL;7;7-WDL;1c6a4557f20e51dcb3edde19d1578365;wdl7.txt
KRRRvKBN.rtbw;WDL;7;7-WDL;c38ca213b174f1fedf0cefd6255214a4;wdl7.txt
KRRRvKNN.rtbw;WDL;7;7-WDL;118aeb3511861ea3575963a10bd75fcf;wdl7.txt
KRRRvKQB.rtbw;WDL;7;7-WDL;9b73f96ef68e80b309ebbd33e57a8f49;wdl7.txt
KRRRvKQN.rtbw;WDL;7;7-WDL;8c73fff5441d61bb68ac807d83ee7280;wdl7.txt
KRRRvKQQ.rtbw;WDL;7;7-WDL;aa66125e86923007ad29d8920c3ece46;wdl7.txt
KRRRvKQR.rtbw;WDL;7;7-WDL;256d93c99193dd38d3e5432a9d2b80d7;wdl7.txt
KRRRvKRB.rtbw;WDL;7;7-WDL;37cc6e9db93d4937bc4f2aab797e1ba3;wdl7.txt
KRRRvKRN.rtbw;WDL;7;7-WDL;4de3194541f9c528a0ce013ce53ea120;wdl7.txt
KRRRvKRR.rtbw;WDL;7;7-WDL;2e03087299f57ed4892cad2175483833;wdl7.txt
KBBBBvKP.rtbw;WDL;7;7-WDL;fe94d43eefe320dc3b862e3e59bc082f;wdl7.txt
KBBBNvKP.rtbw;WDL;7;7-WDL;46de5b68be8704b53c3aef0c4e2fcfa5;wdl7.txt
KBBBPvKB.rtbw;WDL;7;7-WDL;bf2dcecaf698e474211ef3e841dd78e7;wdl7.txt
KBBBPvKN.rtbw;WDL;7;7-WDL;ec367746067556ddb21a32d0d038e997;wdl7.txt
KBBBPvKP.rtbw;WDL;7;7-WDL;f584a42e896f1efbbf06855c282f4ae0;wdl7.txt
KBBBPvKQ.rtbw;WDL;7;7-WDL;6826ae80bf4907bc5694b107bc8f2a23;wdl7.txt
KBBBPvKR.rtbw;WDL;7;7-WDL;fadf9ace0dafa2d737ed1626f6356f19;wdl7.txt
KBBNNvKP.rtbw;WDL;7;7-WDL;4117756d326fb937d189b630e0dac9da;wdl7.txt
KBBNPvKB.rtbw;WDL;7;7-WDL;35f72d6e73cedbff670ea84a96865b6a;wdl7.txt
KBBNPvKN.rtbw;WDL;7;7-WDL;b8b8841fa0b6cb179b7425f31e1e9170;wdl7.txt
KBBNPvKP.rtbw;WDL;7;7-WDL;69e6f9488077b44914c08a76a47d5ab8;wdl7.txt
KBBNPvKQ.rtbw;WDL;7;7-WDL;173f1b5fa6c0dfd392c8cd19fb6ca6c5;wdl7.txt
KBBNPvKR.rtbw;WDL;7;7-WDL;c30c2ae1d283757810340e3552b7aa09;wdl7.txt
KBBPPvKB.rtbw;WDL;7;7-WDL;eee13939da8fdb7a5ac3c41b567d3e52;wdl7.txt
KBBPPvKN.rtbw;WDL;7;7-WDL;73ed85bd986daf5dff51fa20cbad12fd;wdl7.txt
KBBPPvKP.rtbw;WDL;7;7-WDL;dd3d42014f9128971de9ab6f47841b5c;wdl7.txt
KBBPPvKQ.rtbw;WDL;7;7-WDL;c209a7a9d88ff85fc3f3473c15f10885;wdl7.txt
KBBPPvKR.rtbw;WDL;7;7-WDL;a0a3d9f32779284a1814db4e93c63865;wdl7.txt
KBNNNvKP.rtbw;WDL;7;7-WDL;71f739949d28bcfcc1421a923622c6ba;wdl7.txt
KBNNPvKB.rtbw;WDL;7;7-WDL;68ebd907f0c46ad652bf134c5eee29b3;wdl7.txt
KBNNPvKN.rtbw;WDL;7;7-WDL;eff644cfa9557db59d91569dc6696ad9;wdl7.txt
KBNNPvKP.rtbw;WDL;7;7-WDL;9e7231cc93698af988e9c819bf8e6b3a;wdl7.txt
KBNNPvKQ.rtbw;WDL;7;7-WDL;d2ac8d55ef7ee36cdec5daddebb88c24;wdl7.txt
KBNNPvKR.rtbw;WDL;7;7-WDL;a3a7c0a707158a7465ca3cc865535000;wdl7.txt
KBNPPvKB.rtbw;WDL;7;7-WDL;aa889ec381372d6111903e31e5cb0a3d;wdl7.txt
KBNPPvKN.rtbw;WDL;7;7-WDL;08ab56eb158dffa01947dce26da8e792;wdl7.txt
KBNPPvKP.rtbw;WDL;7;7-WDL;0471ea5f94f4bbcdb693fe4df6b71f81;wdl7.txt
KBNPPvKQ.rtbw;WDL;7;7-WDL;8d8909ec7a21d8522fbc7a85a0fb7de2;wdl7.txt
KBNPPvKR.rtbw;WDL;7;7-WDL;b0a67c5399f0494a9715a033916c531f;wdl7.txt
KBPPPvKB.rtbw;WDL;7;7-WDL;00da7d25e1279bfa330aa903878edb05;wdl7.txt
KBPPPvKN.rtbw;WDL;7;7-WDL;937ede8469341222cbad6c8b46413e4d;wdl7.txt
KBPPPvKP.rtbw;WDL;7;7-WDL;7a9b7412009a4a6c73d089ab7fff3c25;wdl7.txt
KBPPPvKQ.rtbw;WDL;7;7-WDL;9adcd684ce2c921968b30944a5383d16;wdl7.txt
KBPPPvKR.rtbw;WDL;7;7-WDL;e183a0a00ad17cbcc1760a21a4aec91f;wdl7.txt
KNNNNvKP.rtbw;WDL;7;7-WDL;555d70ef17447adbc0682abb5de7b97f;wdl7.txt
KNNNPvKB.rtbw;WDL;7;7-WDL;b30152251babe2222cfb04a793c872d6;wdl7.txt
KNNNPvKN.rtbw;WDL;7;7-WDL;551533ed23093983a2bfe9fe52462b34;wdl7.txt
KNNNPvKP.rtbw;WDL;7;7-WDL;ad45b251fac23fac549803a6c82ec298;wdl7.txt
KNNNPvKQ.rtbw;WDL;7;7-WDL;1910da003c73739eef7d5bab291ecbad;wdl7.txt
KNNNPvKR.rtbw;WDL;7;7-WDL;9ac5c5217ccb9a8f119277a2785a9303;wdl7.txt
KNNPPvKB.rtbw;WDL;7;7-WDL;fcf13236530e0532c987c350f8525a82;wdl7.txt
KNNPPvKN.rtbw;WDL;7;7-WDL;c2afe59a92059a0a45c24ff74043debd;wdl7.txt
KNNPPvKP.rtbw;WDL;7;7-WDL;9e4546a4ee7723bdc9404a3c5e8c4c41;wdl7.txt
KNNPPvKQ.rtbw;WDL;7;7-WDL;b738e5603d9e9580967748f6db879894;wdl7.txt
KNNPPvKR.rtbw;WDL;7;7-WDL;606c1b7c114ae9a8723f22b20ea0d1b8;wdl7.txt
KNPPPvKB.rtbw;WDL;7;7-WDL;b7795212c2ed2d05819dd6587e734bfc;wdl7.txt
KNPPPvKN.rtbw;WDL;7;7-WDL;9519a38aafc5dedc28942c01a7581e7f;wdl7.txt
KNPPPvKP.rtbw;WDL;7;7-WDL;0e719ec2054c005dbb48cfc41aca47d6;wdl7.txt
KNPPPvKQ.rtbw;WDL;7;7-WDL;f3acf50241ff25ef7a322229ef05c1e1;wdl7.txt
KNPPPvKR.rtbw;WDL;7;7-WDL;ec7156cfd6f308cfa1f79f3fa7d70e74;wdl7.txt
KPPPPvKB.rtbw;WDL;7;7-WDL;6dca5b654379aea9065a7359c304f841;wdl7.txt
KPPPPvKN.rtbw;WDL;7;7-WDL;f5f4a27462a8aeb3cf0baa1ef5fcfc1b;wdl7.txt
KPPPPvKP.rtbw;WDL;7;7-WDL;9ea0e254da9e0f8c4f052cb50ba97b62;wdl7.txt
KPPPPvKQ.rtbw;WDL;7;7-WDL;91fd76dcd3bd0f0877e605e346316b88;wdl7.txt
KPPPPvKR.rtbw;WDL;7;7-WDL;32a15e3d9eb8a7d329a01364f2439c05;wdl7.txt
KQBBBvKP.rtbw;WDL;7;7-WDL;725d730e25b5198b71c1e667bc388cff;wdl7.txt
KQBBNvKP.rtbw;WDL;7;7-WDL;cf1625668465d79c18469ba80174e9b9;wdl7.txt
KQBBPvKB.rtbw;WDL;7;7-WDL;520bbdcd93738512b9acdde89022dd47;wdl7.txt
KQBBPvKN.rtbw;WDL;7;7-WDL;f896de709d173ae1400f98c16d59439d;wdl7.txt
KQBBPvKP.rtbw;WDL;7;7-WDL;655ddeba47aa2d11624bc72a5cd5486f;wdl7.txt
KQBBPvKQ.rtbw;WDL;7;7-WDL;0eb623720f9d28ffe7d64f4020cff220;wdl7.txt
KQBBPvKR.rtbw;WDL;7;7-WDL;7b86dc05f3185888fabf000fbd8b54fa;wdl7.txt
KQBNNvKP.rtbw;WDL;7;7-WDL;f1e71f3f705d14aebc30068e1c41c093;wdl7.txt
KQBNPvKB.rtbw;WDL;7;7-WDL;02edd2ca32c5dac5350c028a75fd6565;wdl7.txt
KQBNPvKN.rtbw;WDL;7;7-WDL;bfd4eed6051c903ce66564ba74901bfa;wdl7.txt
KQBNPvKP.rtbw;WDL;7;7-WDL;1ce5e751f109a64e009b22a08be50b80;wdl7.txt
KQBNPvKQ.rtbw;WDL;7;7-WDL;5e59b07dc723d4b2fef9036755e8d396;wdl7.txt
KQBNPvKR.rtbw;WDL;7;7-WDL;e8ed82653a5a05a9ef636327ed75fb97;wdl7.txt
KQBPPvKB.rtbw;WDL;7;7-WDL;b55f5df867be9ab66755fffe482acbd6;wdl7.txt
KQBPPvKN.rtbw;WDL;7;7-WDL;30d6adfb7df6e9f34bc74c424a145078;wdl7.txt
KQBPPvKP.rtbw;WDL;7;7-WDL;bacb11daaccf70433efaed82b44f097f;wdl7.txt
KQBPPvKQ.rtbw;WDL;7;7-WDL;3284db7009135e28df45e95a01d0f366;wdl7.txt
KQBPPvKR.rtbw;WDL;7;7-WDL;9b2508fd0300649c51fa23884b6ba05b;wdl7.txt
KQNNNvKP.rtbw;WDL;7;7-WDL;7477b44fecb847bd38442cd5e6dd4155;wdl7.txt
KQNNPvKB.rtbw;WDL;7;7-WDL;e4709034550a28d9975772e5b4509baf;wdl7.txt
KQNNPvKN.rtbw;WDL;7;7-WDL;7db72765c557faa5552ee882cc3aec92;wdl7.txt
KQNNPvKP.rtbw;WDL;7;7-WDL;304c9cd75b244b5652e303c8a1be2a4d;wdl7.txt
KQNNPvKQ.rtbw;WDL;7;7-WDL;20c78ec991ded866467d09b8c69b2976;wdl7.txt
KQNNPvKR.rtbw;WDL;7;7-WDL;5e81a5a38aeb8b620d05435e8a0a1b9f;wdl7.txt
KQNPPvKB.rtbw;WDL;7;7-WDL;16f9b42b0ce3ca7788580985dcb9acb1;wdl7.txt
KQNPPvKN.rtbw;WDL;7;7-WDL;2f7f425af7689fce375f3bc35277eafd;wdl7.txt
KQNPPvKP.rtbw;WDL;7;7-WDL;54e5fd021d6f3090fddcc083be872a98;wdl7.txt
KQNPPvKQ.rtbw;WDL;7;7-WDL;c018c442aba314f9f2c1e74a29d3c944;wdl7.txt
KQNPPvKR.rtbw;WDL;7;7-WDL;18149dba7b899cd134e9c12fd1d49cc7;wdl7.txt
KQPPPvKB.rtbw;WDL;7;7-WDL;7ff5f76eaf91db4551ce47fb804628dc;wdl7.txt
KQPPPvKN.rtbw;WDL;7;7-WDL;f2bd06039ff12ebe8cb96b16efb15aa7;wdl7.txt
KQPPPvKP.rtbw;WDL;7;7-WDL;6c86278fd246355be76d6390fb272bb9;wdl7.txt
KQPPPvKQ.rtbw;WDL;7;7-WDL;f17cd4a78a9ed07c9f3dca003d7ec355;wdl7.txt
KQPPPvKR.rtbw;WDL;7;7-WDL;b0f330e6ff12c1030c24640cde631049;wdl7.txt
KQQBBvKP.rtbw;WDL;7;7-WDL;d114d4e4f5895936fdeabcc7bfd477ae;wdl7.txt
KQQBNvKP.rtbw;WDL;7;7-WDL;1b181f847b56cc833b6627ac264e1704;wdl7.txt
KQQBPvKB.rtbw;WDL;7;7-WDL;f36389678d982c2dcd53f71b6dbf303c;wdl7.txt
KQQBPvKN.rtbw;WDL;7;7-WDL;963429a4a47c4c473c656914acb51e32;wdl7.txt
KQQBPvKP.rtbw;WDL;7;7-WDL;524eecaf859056f7677f7cde3b8a7575;wdl7.txt
KQQBPvKQ.rtbw;WDL;7;7-WDL;b8d62747da754ab9055bb96ac3f72e3f;wdl7.txt
KQQBPvKR.rtbw;WDL;7;7-WDL;ce0480771fa8fbd36b52d4f997e430c6;wdl7.txt
KQQNNvKP.rtbw;WDL;7;7-WDL;e6cb94f94320c70a2e7fb3eb6232f0df;wdl7.txt
KQQNPvKB.rtbw;WDL;7;7-WDL;b8148b7ceb4db8e38bf239e741df0bb5;wdl7.txt
KQQNPvKN.rtbw;WDL;7;7-WDL;1c1f4a5f4aff43000dd8520b1d3780b0;wdl7.txt
KQQNPvKP.rtbw;WDL;7;7-WDL;7fd28a742f585d06e39b19d366539942;wdl7.txt
KQQNPvKQ.rtbw;WDL;7;7-WDL;ce2aecab653737e737cf8e7f13a00f3f;wdl7.txt
KQQNPvKR.rtbw;WDL;7;7-WDL;9cf573cbe363caf7400f10c6e3310d56;wdl7.txt
KQQPPvKB.rtbw;WDL;7;7-WDL;d2e72aa8904bf46f00d0aece9b71fa5a;wdl7.txt
KQQPPvKN.rtbw;WDL;7;7-WDL;7f06b4da8dd5fad8fe55d454ced07b74;wdl7.txt
KQQPPvKP.rtbw;WDL;7;7-WDL;7ce7fb200db1487bb64b31837754fbcd;wdl7.txt
KQQPPvKQ.rtbw;WDL;7;7-WDL;16bcdf5c5e0bcdd13df4d90363ba1c0f;wdl7.txt
KQQPPvKR.rtbw;WDL;7;7-WDL;f3e05a93e4941365b4dc9242cba8f0f6;wdl7.txt
KQQQBvKP.rtbw;WDL;7;7-WDL;642c30c1f3362c1d925acd29a725ae70;wdl7.txt
KQQQNvKP.rtbw;WDL;7;7-WDL;8ba92ab169962bd55dae176dc90290bd;wdl7.txt
KQQQPvKB.rtbw;WDL;7;7-WDL;444d3c0e490a6f548fdbb791107c7e22;wdl7.txt
KQQQPvKN.rtbw;WDL;7;7-WDL;d07cb437dd4f03b24785e3521d870bb3;wdl7.txt
KQQQPvKP.rtbw;WDL;7;7-WDL;821183d593d638dec59bd353fa933916;wdl7.txt
KQQQPvKQ.rtbw;WDL;7;7-WDL;c1c0c3e9d9573a5874afe18d3aeb541b;wdl7.txt
KQQQPvKR.rtbw;WDL;7;7-WDL;e0fff192047111ab9389816ffcba831c;wdl7.txt
KQQQQvKP.rtbw;WDL;7;7-WDL;afa187bad769e82836db4f8f7e50fe0f;wdl7.txt
KQQQRvKP.rtbw;WDL;7;7-WDL;b3dce6969dd50cbc6f8249f82d9eeeee;wdl7.txt
KQQRBvKP.rtbw;WDL;7;7-WDL;969449cc7e90fbac9f2a2c37bd2ef81d;wdl7.txt
KQQRNvKP.rtbw;WDL;7;7-WDL;6ac86da84ccea36a8afc4ca128c94be1;wdl7.txt
KQQRPvKB.rtbw;WDL;7;7-WDL;7ea2442a6e517bcfed2ec9aa9cc6b19c;wdl7.txt
KQQRPvKN.rtbw;WDL;7;7-WDL;265420ac4f7a3795a5dde7c4c3607f9a;wdl7.txt
KQQRPvKP.rtbw;WDL;7;7-WDL;da9d184cbcd53f57964c328820cab1f0;wdl7.txt
KQQRPvKQ.rtbw;WDL;7;7-WDL;391286f58d51dac3c66b7edbdc7a3652;wdl7.txt
KQQRPvKR.rtbw;WDL;7;7-WDL;ce71e9778f0a0b88465d6af5512df033;wdl7.txt
KQQRRvKP.rtbw;WDL;7;7-WDL;37ed03271246a9e1fef35db1f3b31114;wdl7.txt
KQRBBvKP.rtbw;WDL;7;7-WDL;8b636556b99149975eb11858256a136f;wdl7.txt
KQRBNvKP.rtbw;WDL;7;7-WDL;fd3389a394c33f7a2ae12a9342ca7fdc;wdl7.txt
KQRBPvKB.rtbw;WDL;7;7-WDL;e86faf1e1d1e82d1a8a1bb31e2ede901;wdl7.txt
KQRBPvKN.rtbw;WDL;7;7-WDL;3cabbe1f65050928252c96929e8d49cc;wdl7.txt
KQRBPvKP.rtbw;WDL;7;7-WDL;784e40487688439e0b97b7b21f4f89af;wdl7.txt
KQRBPvKQ.rtbw;WDL;7;7-WDL;a616ec6f5a9b326354d6c2cd93255193;wdl7.txt
KQRBPvKR.rtbw;WDL;7;7-WDL;9ad41c776fd074ef3b6a716b0f62f22f;wdl7.txt
KQRNNvKP.rtbw;WDL;7;7-WDL;51e792833e710c0f8f76308ad74dbfdc;wdl7.txt
KQRNPvKB.rtbw;WDL;7;7-WDL;d59edbf3bcb75201440286ca29a2fd4b;wdl7.txt
KQRNPvKN.rtbw;WDL;7;7-WDL;14e94c9ecb931b56c80eb265a6efde1d;wdl7.txt
KQRNPvKP.rtbw;WDL;7;7-WDL;de7b4fb4b7dd762d9d481b2a3158470c;wdl7.txt
KQRNPvKQ.rtbw;WDL;7;7-WDL;905c1bf0918aa4c68e9e058fe5958614;wdl7.txt
KQRNPvKR.rtbw;WDL;7;7-WDL;09219e37bda5729c75e241e4a9f5d0bb;wdl7.txt
KQRPPvKB.rtbw;WDL;7;7-WDL;81bcf127149adf9b171f7857dc56b0e6;wdl7.txt
KQRPPvKN.rtbw;WDL;7;7-WDL;96ca470a591da6f9e0fac7b685944f9c;wdl7.txt
KQRPPvKP.rtbw;WDL;7;7-WDL;ec49734e13162eaa1c372c09847f4abf;wdl7.txt
KQRPPvKQ.rtbw;WDL;7;7-WDL;7fa676d399d5c6fbb4e51c1dd850c7c4;wdl7.txt
KQRPPvKR.rtbw;WDL;7;7-WDL;d21e4c275fdbf4f2cfd5eb1c8a66e8c5;wdl7.txt
KQRRBvKP.rtbw;WDL;7;7-WDL;5ed858fc466e59a1e7a6379d1adff639;wdl7.txt
KQRRNvKP.rtbw;WDL;7;7-WDL;958f93cd46c9b4721a4d9ce65feb50b9;wdl7.txt
KQRRPvKB.rtbw;WDL;7;7-WDL;e4a9bd85dad44d9ff6aebba85c809329;wdl7.txt
KQRRPvKN.rtbw;WDL;7;7-WDL;08489d64e7bf53fc448a6220efee2e66;wdl7.txt
KQRRPvKP.rtbw;WDL;7;7-WDL;c298725bf7c17d2bcc5555a2e88fe644;wdl7.txt
KQRRPvKQ.rtbw;WDL;7;7-WDL;7f4cce0450bc7924bb13ebfa0fb8861f;wdl7.txt
KQRRPvKR.rtbw;WDL;7;7-WDL;2c8e131ee6a749e3aefe9eaa0cab8aa2;wdl7.txt
KQRRRvKP.rtbw;WDL;7;7-WDL;fed0b71d2060cc6c4a0f5b9c3ecfef10;wdl7.txt
KRBBBvKP.rtbw;WDL;7;7-WDL;02cce052d59e59ca101c4bc4ec1aa996;wdl7.txt
KRBBNvKP.rtbw;WDL;7;7-WDL;311bd5605dc81502cbd50b27ca7d88d3;wdl7.txt
KRBBPvKB.rtbw;WDL;7;7-WDL;5f5c1c4f93c5992b547bf6a55e196f94;wdl7.txt
KRBBPvKN.rtbw;WDL;7;7-WDL;62d317dcbba895472fbdf270396c149f;wdl7.txt
KRBBPvKP.rtbw;WDL;7;7-WDL;651229ec1436b91447374160ff278642;wdl7.txt
KRBBPvKQ.rtbw;WDL;7;7-WDL;cb7942644e073b2f7343abad08dedb52;wdl7.txt
KRBBPvKR.rtbw;WDL;7;7-WDL;05e44f4d59543ea55b76726c461fa90b;wdl7.txt
KRBNNvKP.rtbw;WDL;7;7-WDL;daa2f75deb3bd096c52bc52241b7e3f3;wdl7.txt
KRBNPvKB.rtbw;WDL;7;7-WDL;9322bd801a0f2a0f6ef3660307b945b7;wdl7.txt
KRBNPvKN.rtbw;WDL;7;7-WDL;5ae84a49b9b9070fa87991d9ad757762;wdl7.txt
KRBNPvKP.rtbw;WDL;7;7-WDL;c5eae8d4831455a2108621c8cea9d7ff;wdl7.txt
KRBNPvKQ.rtbw;WDL;7;7-WDL;a21a4282d934f88d66263d4c58bf9698;wdl7.txt
KRBNPvKR.rtbw;WDL;7;7-WDL;22a13e565f1a639983bbef79c410e860;wdl7.txt
KRBPPvKB.rtbw;WDL;7;7-WDL;be72b2fce3ed4b488076d2b131c0f017;wdl7.txt
KRBPPvKN.rtbw;WDL;7;7-WDL;035833b80804d2edc9b91ac51935e88b;wdl7.txt
KRBPPvKP.rtbw;WDL;7;7-WDL;d79117fee3ceae07029c320200fa8889;wdl7.txt
KRBPPvKQ.rtbw;WDL;7;7-WDL;ddff984068056231639cb5aaa57a8195;wdl7.txt
KRBPPvKR.rtbw;WDL;7;7-WDL;93ec3d3a1abd39e34c6ea2d27fcb3650;wdl7.txt
KRNNNvKP.rtbw;WDL;7;7-WDL;a667cda52084d8f295a994072f690105;wdl7.txt
KRNNPvKB.rtbw;WDL;7;7-WDL;2761b944ffdbc33feae3190d91624e00;wdl7.txt
KRNNPvKN.rtbw;WDL;7;7-WDL;3d1b01e6d04fe8280921d491e8fbc833;wdl7.txt
KRNNPvKP.rtbw;WDL;7;7-WDL;60c867327ebeed555caff16886a2e547;wdl7.txt
KRNNPvKQ.rtbw;WDL;7;7-WDL;10c507bbb177d92ef6e7fb99878028a4;wdl7.txt
KRNNPvKR.rtbw;WDL;7;7-WDL;74261bd29aa32d585ceacfda9c44f99c;wdl7.txt
KRNPPvKB.rtbw;WDL;7;7-WDL;41224b627689117a965c20d28054d235;wdl7.txt
KRNPPvKN.rtbw;WDL;7;7-WDL;9e4181ddd3cc4c85b8cb04ec9bfcc3d4;wdl7.txt
KRNPPvKP.rtbw;WDL;7;7-WDL;68e8c7ae9aa3778770fe1b7097369808;wdl7.txt
KRNPPvKQ.rtbw;WDL;7;7-WDL;b8171c6cfc39c1fb621b83fe6b15cb05;wdl7.txt
KRNPPvKR.rtbw;WDL;7;7-WDL;73dae3bcc76855c735c88fd806447e4f;wdl7.txt
KRPPPvKB.rtbw;WDL;7;7-WDL;8bc50e773d3bc5446e88c097b9564ceb;wdl7.txt
KRPPPvKN.rtbw;WDL;7;7-WDL;760b2656869a51b98b32a01158f26686;wdl7.txt
KRPPPvKP.rtbw;WDL;7;7-WDL;fd05c695482ae53b1f48194cdb17c87d;wdl7.txt
KRPPPvKQ.rtbw;WDL;7;7-WDL;909e97f358921f9b6d2803ae74da24e0;wdl7.txt
KRPPPvKR.rtbw;WDL;7;7-WDL;eb492437614a1672c614b19a8154da80;wdl7.txt
KRRBBvKP.rtbw;WDL;7;7-WDL;456b603efa727e2ed4cb48bef753b56d;wdl7.txt
KRRBNvKP.rtbw;WDL;7;7-WDL;9ddbe96c39536841f5b331539cb1e3e0;wdl7.txt
KRRBPvKB.rtbw;WDL;7;7-WDL;0f62ddc1ea5a75a6bc537167a2425d19;wdl7.txt
KRRBPvKN.rtbw;WDL;7;7-WDL;76615466183ef7f9614fd3c57a9e0971;wdl7.txt
KRRBPvKP.rtbw;WDL;7;7-WDL;a0f4bd693fe2ee0552ca36e7c690bb04;wdl7.txt
KRRBPvKQ.rtbw;WDL;7;7-WDL;14233bb197284e72d93df63ca4ca1ac0;wdl7.txt
KRRBPvKR.rtbw;WDL;7;7-WDL;48a28af29e717570703f8ad596abc473;wdl7.txt
KRRNNvKP.rtbw;WDL;7;7-WDL;ad0f5ef6f6e444ebe962d9a7d815202a;wdl7.txt
KRRNPvKB.rtbw;WDL;7;7-WDL;6a78e903d5a43bd5c3ed1b9c82958c82;wdl7.txt
KRRNPvKN.rtbw;WDL;7;7-WDL;31d4d361a33fb30d91634a0af453de5e;wdl7.txt
KRRNPvKP.rtbw;WDL;7;7-WDL;a4a6e57f7af65c9c387665c073a8cb7b;wdl7.txt
KRRNPvKQ.rtbw;WDL;7;7-WDL;e2d42432408689018c844d82e2b66f6d;wdl7.txt
KRRNPvKR.rtbw;WDL;7;7-WDL;f163769022c91347571c80f6dd22f16d;wdl7.txt
KRRPPvKB.rtbw;WDL;7;7-WDL;adc7d05a4bcf7086541dca93720b4472;wdl7.txt
KRRPPvKN.rtbw;WDL;7;7-WDL;f04cd87c4c97647af0765d6494471fdd;wdl7.txt
KRRPPvKP.rtbw;WDL;7;7-WDL;344ccb8ac11d3d7a9cb0c99d360c4e79;wdl7.txt
KRRPPvKQ.rtbw;WDL;7;7-WDL;bec5dee95927b385e906154b7fa72d98;wdl7.txt
KRRPPvKR.rtbw;WDL;7;7-WDL;96916d1ebfda3727521527a4bef3d98b;wdl7.txt
KRRRBvKP.rtbw;WDL;7;7-WDL;4877709be57ae17aed59d6d84d59b791;wdl7.txt
KRRRNvKP.rtbw;WDL;7;7-WDL;6772ea96fce2881457753b9aae0fe1ba;wdl7.txt
KRRRPvKB.rtbw;WDL;7;7-WDL;29841ce5d55b7f23452be10f30465994;wdl7.txt
KRRRPvKN.rtbw;WDL;7;7-WDL;638cb17400ff0fcc4921dfa16edd0792;wdl7.txt
KRRRPvKP.rtbw;WDL;7;7-WDL;7986cb08b05cbac93d2fcd32ee71ea35;wdl7.txt
KRRRPvKQ.rtbw;WDL;7;7-WDL;258c281184e245f957484b67af52427b;wdl7.txt
KRRRPvKR.rtbw;WDL;7;7-WDL;ad60b4509920d4205e613f8c860ab054;wdl7.txt
KRRRRvKP.rtbw;WDL;7;7-WDL;ad208fa376ab39c79eec89ee882de5b1;wdl7.txt
KBBBBvKB.rtbw;WDL;7;7-WDL;d864103f23932b164e2ff8988c7e8146;wdl7.txt
KBBBBvKN.rtbw;WDL;7;7-WDL;0ef48f6756619b8d779671ad908ff723;wdl7.txt
KBBBBvKQ.rtbw;WDL;7;7-WDL;ac239bb2be598352dbda634ef9e9e35d;wdl7.txt
KBBBBvKR.rtbw;WDL;7;7-WDL;6946f331cb900435cf169d9c3230aa72;wdl7.txt
KBBBNvKB.rtbw;WDL;7;7-WDL;c790bc3510b875ad5f9048fa4e3ce764;wdl7.txt
KBBBNvKN.rtbw;WDL;7;7-WDL;bff3d43146d5ed499cb4b83b7ca00af2;wdl7.txt
KBBBNvKQ.rtbw;WDL;7;7-WDL;f10ec26816bc3dcd4b8df349feed1235;wdl7.txt
KBBBNvKR.rtbw;WDL;7;7-WDL;01659a1350dff9986e8910aa5878cabc;wdl7.txt
KBBNNvKB.rtbw;WDL;7;7-WDL;4bbd6ad3b626b5a7f60a17dd498509ac;wdl7.txt
KBBNNvKN.rtbw;WDL;7;7-WDL;eca1734ebfc4728ce79e56400dc76b05;wdl7.txt
KBBNNvKQ.rtbw;WDL;7;7-WDL;a17944da2d4a68f964b1beae8e568ca3;wdl7.txt
KBBNNvKR.rtbw;WDL;7;7-WDL;5279c60a864aa3a50d67a6a7ab686c52;wdl7.txt
KBNNNvKB.rtbw;WDL;7;7-WDL;0a5c99fcd154501cfa22f369c3c36e60;wdl7.txt
KBNNNvKN.rtbw;WDL;7;7-WDL;24a0548471c14a642ea991f73f99f3d7;wdl7.txt
KBNNNvKQ.rtbw;WDL;7;7-WDL;b9f5c1e167d3d752606151853ffe48c4;wdl7.txt
KBNNNvKR.rtbw;WDL;7;7-WDL;0a0f02d446422016c4d0974d1f1f7c5d;wdl7.txt
KNNNNvKB.rtbw;WDL;7;7-WDL;9e8836149055077277bf1c8c5bfb73ff;wdl7.txt
KNNNNvKN.rtbw;WDL;7;7-WDL;8f44975f5632fc6bbebf7a6f3e63156b;wdl7.txt
KNNNNvKQ.rtbw;WDL;7;7-WDL;e98eede9d642795c1cbaabbe06d7e955;wdl7.txt
KNNNNvKR.rtbw;WDL;7;7-WDL;f49193b87e98820d5c4747564ce264b6;wdl7.txt
KQBBBvKB.rtbw;WDL;7;7-WDL;8ad8260136e871796666f6bcfb4606a6;wdl7.txt
KQBBBvKN.rtbw;WDL;7;7-WDL;692d502426e3635fb378c0f1681f7522;wdl7.txt
KQBBBvKQ.rtbw;WDL;7;7-WDL;affdc90645a4b9a4d3b69de41bbd5b1b;wdl7.txt
KQBBBvKR.rtbw;WDL;7;7-WDL;f5587fba7ed1d962522b8b88b48107dd;wdl7.txt
KQBBNvKB.rtbw;WDL;7;7-WDL;498d82138bfaabd33dd5bccb24046f1a;wdl7.txt
KQBBNvKN.rtbw;WDL;7;7-WDL;d945c84e8d0437afbc38be94d0e65c35;wdl7.txt
KQBBNvKQ.rtbw;WDL;7;7-WDL;19c73df8554c74aad03da8f5a4dafbde;wdl7.txt
KQBBNvKR.rtbw;WDL;7;7-WDL;ccde8beb93c327aaccc50f032e0e0763;wdl7.txt
KQBNNvKB.rtbw;WDL;7;7-WDL;a25db0de51e2f36fd16d14768c1416b5;wdl7.txt
KQBNNvKN.rtbw;WDL;7;7-WDL;7abb2176de24c444738204d9083ee7be;wdl7.txt
KQBNNvKQ.rtbw;WDL;7;7-WDL;cc12c024c7d411ee4b35481153fc2c59;wdl7.txt
KQBNNvKR.rtbw;WDL;7;7-WDL;f31d26710c6f49a459e2d25723152812;wdl7.txt
KQNNNvKB.rtbw;WDL;7;7-WDL;42701149969aa924d67ba3927010e2e1;wdl7.txt
KQNNNvKN.rtbw;WDL;7;7-WDL;0163b2391fef858e795f55f0f6cc459a;wdl7.txt
KQNNNvKQ.rtbw;WDL;7;7-WDL;6b41fc0eb5285b5977e6799756df3d83;wdl7.txt
KQNNNvKR.rtbw;WDL;7;7-WDL;60b35509ad980336b7cd48f40eee7835;wdl7.txt
KQQBBvKB.rtbw;WDL;7;7-WDL;bb5b348e3e88fc375897e4f1e8f946b3;wdl7.txt
KQQBBvKN.rtbw;WDL;7;7-WDL;03f32e280c8ce4c6540c9d5d30ab1bff;wdl7.txt
KQQBBvKQ.rtbw;WDL;7;7-WDL;70e0d66c5442527e7fdfc6f4692f99c0;wdl7.txt
KQQBBvKR.rtbw;WDL;7;7-WDL;baf8ed0f90e1176d34cbc04c64e2a266;wdl7.txt
KQQBNvKB.rtbw;WDL;7;7-WDL;4c53b59f067d7215b4ba5c05d6caab15;wdl7.txt
KQQBNvKN.rtbw;WDL;7;7-WDL;e797e2846c964884cbbeb949e9ac327c;wdl7.txt
KQQBNvKQ.rtbw;WDL;7;7-WDL;345bdc3c765b63f4e354a7f206cd77df;wdl7.txt
KQQBNvKR.rtbw;WDL;7;7-WDL;40d84dbcb8d5da1d6505fb8c729d13a8;wdl7.txt
KQQNNvKB.rtbw;WDL;7;7-WDL;1f6134757d63bbd4c4c6a3c434c9171f;wdl7.txt
KQQNNvKN.rtbw;WDL;7;7-WDL;9d67122d56a256535cfc8518f644922b;wdl7.txt
KQQNNvKQ.rtbw;WDL;7;7-WDL;781be838ec34789c4f78262e666ef191;wdl7.txt
KQQNNvKR.rtbw;WDL;7;7-WDL;3ee694078c0f93c3458c3d39903e6061;wdl7.txt
KQQQBvKB.rtbw;WDL;7;7-WDL;04914fb23f46ada506edf5c327d1aae0;wdl7.txt
KQQQBvKN.rtbw;WDL;7;7-WDL;89f1599b205164c8c238f61d7860c0d9;wdl7.txt
KQQQBvKQ.rtbw;WDL;7;7-WDL;8d46861b1b137f6de59c0999d2db4ec2;wdl7.txt
KQQQBvKR.rtbw;WDL;7;7-WDL;b5cc491c5a9f440235a2ae9140a72e4a;wdl7.txt
KQQQNvKB.rtbw;WDL;7;7-WDL;f7e6675eb65651f6d719917ed20ce09e;wdl7.txt
KQQQNvKN.rtbw;WDL;7;7-WDL;075237014f36b62913513b4ec51ff2b0;wdl7.txt
KQQQNvKQ.rtbw;WDL;7;7-WDL;d8af46d5ec7562a30fb79ebb7ef3fd1d;wdl7.txt
KQQQNvKR.rtbw;WDL;7;7-WDL;f20089e2645678012609a185cc226b69;wdl7.txt
KQQQQvKB.rtbw;WDL;7;7-WDL;b3242b52f9ed9d181fdb729ec5f0926b;wdl7.txt
KQQQQvKN.rtbw;WDL;7;7-WDL;0ac7f45b96f54cf8f69d76b3259f3f2b;wdl7.txt
KQQQQvKQ.rtbw;WDL;7;7-WDL;b3ca4a4353b7cb864a09e6865bc245fb;wdl7.txt
KQQQQvKR.rtbw;WDL;7;7-WDL;3b6f1abd298dd8bc2f329676892ee31c;wdl7.txt
KQQQRvKB.rtbw;WDL;7;7-WDL;7e113d797312a94e2897274871824133;wdl7.txt
KQQQRvKN.rtbw;WDL;7;7-WDL;c464c760a8260467a58cd27b34552083;wdl7.txt
KQQQRvKQ.rtbw;WDL;7;7-WDL;229d067fd9c99a3ad7b2c80c9a6e123c;wdl7.txt
KQQQRvKR.rtbw;WDL;7;7-WDL;94549082858932d18645a6e1dda6e69f;wdl7.txt
KQQRBvKB.rtbw;WDL;7;7-WDL;e30bd6a644309c530b1fd7a785750402;wdl7.txt
KQQRBvKN.rtbw;WDL;7;7-WDL;8add18825970f535d44aea3a0a5c8a4b;wdl7.txt
KQQRBvKQ.rtbw;WDL;7;7-WDL;5440a555430b0d6949bfc911b4f80109;wdl7.txt
KQQRBvKR.rtbw;WDL;7;7-WDL;ec1302bdf787223fef5477583ae1410a;wdl7.txt
KQQRNvKB.rtbw;WDL;7;7-WDL;599be71a4e889adae7aced81d1ada92a;wdl7.txt
KQQRNvKN.rtbw;WDL;7;7-WDL;d963a1b9d4f4687d9f4e6deaf267027c;wdl7.txt
KQQRNvKQ.rtbw;WDL;7;7-WDL;586015227c8249f68041974e78283289;wdl7.txt
KQQRNvKR.rtbw;WDL;7;7-WDL;620b06b99b8d1d1191a9057ed6b681af;wdl7.txt
KQQRRvKB.rtbw;WDL;7;7-WDL;55ef3fba5f6944ef2e478752d8cd8f53;wdl7.txt
KQQRRvKN.rtbw;WDL;7;7-WDL;6fce848b57c9672f2bdb07ec099997e9;wdl7.txt
KQQRRvKQ.rtbw;WDL;7;7-WDL;b3ca9eac1dc6cb3503dfbd26074fb6de;wdl7.txt
KQQRRvKR.rtbw;WDL;7;7-WDL;da9a537e9092987ec6b2b895a15bdb65;wdl7.txt
KQRBBvKB.rtbw;WDL;7;7-WDL;4548b2265be19649b720d21426042c41;wdl7.txt
KQRBBvKN.rtbw;WDL;7;7-WDL;a731ec53feac59ec8d8997cdae988f17;wdl7.txt
KQRBBvKQ.rtbw;WDL;7;7-WDL;cddc85a2aadf25d4bf1f5c8076e894e0;wdl7.txt
KQRBBvKR.rtbw;WDL;7;7-WDL;8cd1bef7fe8c07d8d2af7d0d99ce1a1e;wdl7.txt
KQRBNvKB.rtbw;WDL;7;7-WDL;faf2387f439de141d696b8fb90aa40f9;wdl7.txt
KQRBNvKN.rtbw;WDL;7;7-WDL;e22518db142974daef52fcaf60d3c289;wdl7.txt
KQRBNvKQ.rtbw;WDL;7;7-WDL;e43d8f1d88a551c0c2b6c742244c4eb7;wdl7.txt
KQRBNvKR.rtbw;WDL;7;7-WDL;2416c897e027a2eda5dd9a50e6822af7;wdl7.txt
KQRNNvKB.rtbw;WDL;7;7-WDL;c52438b6f36cba4bfc74f58a16538038;wdl7.txt
KQRNNvKN.rtbw;WDL;7;7-WDL;9c9b0f43858abfac37ad1e6d50de32c1;wdl7.txt
KQRNNvKQ.rtbw;WDL;7;7-WDL;b5c4195fa8d79f586a27707b7f59a6ad;wdl7.txt
KQRNNvKR.rtbw;WDL;7;7-WDL;46dbd133927092d8926177141034d42b;wdl7.txt
KQRRBvKB.rtbw;WDL;7;7-WDL;043f5d712595381ca627c5a8d3a6dac0;wdl7.txt
KQRRBvKN.rtbw;WDL;7;7-WDL;fd6345becdc11cd6c3a73043ec70bdce;wdl7.txt
KQRRBvKQ.rtbw;WDL;7;7-WDL;6a255b59055dceeb027e949f2f806a6b;wdl7.txt
KQRRBvKR.rtbw;WDL;7;7-WDL;762eb105ce0a2ae4f0ddf5bc4ede89e8;wdl7.txt
KQRRNvKB.rtbw;WDL;7;7-WDL;84ad0342f62f3ddd1c6294db4c319723;wdl7.txt
KQRRNvKN.rtbw;WDL;7;7-WDL;4d84cb7968e0b931580f4c3b8d0b301f;wdl7.txt
KQRRNvKQ.rtbw;WDL;7;7-WDL;7e8f31fa36d790226af0bfbde4c3cf2b;wdl7.txt
KQRRNvKR.rtbw;WDL;7;7-WDL;8d5a73b1db67abe78e770877a5afc573;wdl7.txt
KQRRRvKB.rtbw;WDL;7;7-WDL;486a2ee90409cfe857dca0198186bf1f;wdl7.txt
KQRRRvKN.rtbw;WDL;7;7-WDL;9c68efbeb9240217c501b0d076a72167;wdl7.txt
KQRRRvKQ.rtbw;WDL;7;7-WDL;df9017a1cc01672921a8457260bc6a8e;wdl7.txt
KQRRRvKR.rtbw;WDL;7;7-WDL;16c58221b8ce4a6303b1c93efb5863bf;wdl7.txt
KRBBBvKB.rtbw;WDL;7;7-WDL;447e4a8ad280e63854e7d9691d3c4d4c;wdl7.txt
KRBBBvKN.rtbw;WDL;7;7-WDL;ef365425d5ecd752dbdec4c3458d5708;wdl7.txt
KRBBBvKQ.rtbw;WDL;7;7-WDL;cdfbfc1c147b93bf117bc06da6763388;wdl7.txt
KRBBBvKR.rtbw;WDL;7;7-WDL;c863ba8be2ec8659bc6842d6a31ecf92;wdl7.txt
KRBBNvKB.rtbw;WDL;7;7-WDL;a3dcbf78305f96be502cda3a9e761994;wdl7.txt
KRBBNvKN.rtbw;WDL;7;7-WDL;a97148de6492d475af950430af23159d;wdl7.txt
KRBBNvKQ.rtbw;WDL;7;7-WDL;514bfad83a5e7a050da9634128b82add;wdl7.txt
KRBBNvKR.rtbw;WDL;7;7-WDL;b9a03818d64887ba42a5ef57c9b308a3;wdl7.txt
KRBNNvKB.rtbw;WDL;7;7-WDL;9d35dc4b1665595fb15ab7deef4eed8b;wdl7.txt
KRBNNvKN.rtbw;WDL;7;7-WDL;9721e6fab039ede17ff72f43e86ea1e9;wdl7.txt
KRBNNvKQ.rtbw;WDL;7;7-WDL;a90bcf2ed5ae8058fba7c4831d0f4199;wdl7.txt
KRBNNvKR.rtbw;WDL;7;7-WDL;29f16aa5b4acd933bf093f8a968880f0;wdl7.txt
KRNNNvKB.rtbw;WDL;7;7-WDL;753f8dee7a2a52f56b23e9f7852e8fba;wdl7.txt
KRNNNvKN.rtbw;WDL;7;7-WDL;ec12cce5846ba75576960ee101e9c018;wdl7.txt
KRNNNvKQ.rtbw;WDL;7;7-WDL;13794194170b350fca3f9b05ab4f36eb;wdl7.txt
KRNNNvKR.rtbw;WDL;7;7-WDL;0fb67fbc791b61e59178f383d628749f;wdl7.txt
KRRBBvKB.rtbw;WDL;7;7-WDL;7cec1ba9c5a22e579486b33ce57320fb;wdl7.txt
KRRBBvKN.rtbw;WDL;7;7-WDL;4106deb30d9641957c474be0c1ef96db;wdl7.txt
KRRBBvKQ.rtbw;WDL;7;7-WDL;be75252492cf18e0ded4d50e859dc440;wdl7.txt
KRRBBvKR.rtbw;WDL;7;7-WDL;a9df186ba2d23bd8ebde1cfbcbd283eb;wdl7.txt
KRRBNvKB.rtbw;WDL;7;7-WDL;3f319902b959592558f72ef5c6e39fff;wdl7.txt
KRRBNvKN.rtbw;WDL;7;7-WDL;b934ed06163027cabb85bf08f95ca419;wdl7.txt
KRRBNvKQ.rtbw;WDL;7;7-WDL;d2f4930c5c76b0a7b7e34b0e26fc8b86;wdl7.txt
KRRBNvKR.rtbw;WDL;7;7-WDL;96f473c1a23633abfd400b4db8b2916a;wdl7.txt
KRRNNvKB.rtbw;WDL;7;7-WDL;b92f55bf101397b556d0c471bfb8d4bd;wdl7.txt
KRRNNvKN.rtbw;WDL;7;7-WDL;893479466f670964807e1fbcc5606ea3;wdl7.txt
KRRNNvKQ.rtbw;WDL;7;7-WDL;6264d7028800c786e2347a39dded555f;wdl7.txt
KRRNNvKR.rtbw;WDL;7;7-WDL;d41020894a3b1d9b3648b45741aede18;wdl7.txt
KRRRBvKB.rtbw;WDL;7;7-WDL;91ee3acbfaa9008863ddc22a2793787a;wdl7.txt
KRRRBvKN.rtbw;WDL;7;7-WDL;cf25aba6385c36c51241a936238fee61;wdl7.txt
KRRRBvKQ.rtbw;WDL;7;7-WDL;f7bbc4d6bab9d834be5ece695519e4b6;wdl7.txt
KRRRBvKR.rtbw;WDL;7;7-WDL;4cefc523112e1504e3dc04f2f65ea7a6;wdl7.txt
KRRRNvKB.rtbw;WDL;7;7-WDL;0ca9a1d63a106bbfe7073c91cb994ca3;wdl7.txt
KRRRNvKN.rtbw;WDL;7;7-WDL;cbd33c0b97be324a1eee007076d7f00d;wdl7.txt
KRRRNvKQ.rtbw;WDL;7;7-WDL;64e1ea43d91e3fec0e266751f6e6a3e9;wdl7.txt
KRRRNvKR.rtbw;WDL;7;7-WDL;dbe7902266d9f88237177cd7a307b80f;wdl7.txt
KRRRRvKB.rtbw;WDL;7;7-WDL;d8edc8e40d27a72b0decd4185ae46c3a;wdl7.txt
KRRRRvKN.rtbw;WDL;7;7-WDL;520749e0847f7e51dd5a624c828950a5;wdl7.txt
KRRRRvKQ.rtbw;WDL;7;7-WDL;299ebe374826113a87e79dff4b15a3ea;wdl7.txt
KRRRRvKR.rtbw;WDL;7;7-WDL;f644a4e69abbbb911cc3158e514adb9d;wdl7.txt
KBBBBPvK.rtbw;WDL;7;7-WDL;2b9d878e030a8a69b4e607cefacb955d;wdl7.txt
KBBBNPvK.rtbw;WDL;7;7-WDL;61a4cb7d1037743c692ff1d18c9de2fc;wdl7.txt
KBBBPPvK.rtbw;WDL;7;7-WDL;e7851b860d9528c21739b538db2d2914;wdl7.txt
KBBNNPvK.rtbw;WDL;7;7-WDL;eecb0950010b9b0117abefd7ffac3ffe;wdl7.txt
KBBNPPvK.rtbw;WDL;7;7-WDL;7f0744349b054b64e1beb40032627140;wdl7.txt
KBBPPPvK.rtbw;WDL;7;7-WDL;58e1e277634ea511f00682b1b08362de;wdl7.txt
KBNNNPvK.rtbw;WDL;7;7-WDL;953bb353cddf00bec42148f225f11418;wdl7.txt
KBNNPPvK.rtbw;WDL;7;7-WDL;888e85dca15e64af33652564d3ee8ea3;wdl7.txt
KBNPPPvK.rtbw;WDL;7;7-WDL;d76b93c81322406d106c2fd8aca37379;wdl7.txt
KBPPPPvK.rtbw;WDL;7;7-WDL;1334c2d7b165393cd5fb5ff60919c921;wdl7.txt
KNNNNPvK.rtbw;WDL;7;7-WDL;92827e461de35a35b39bed51f6b4c6e8;wdl7.txt
KNNNPPvK.rtbw;WDL;7;7-WDL;dc9cc11b379307828d476c0e69ca28d2;wdl7.txt
KNNPPPvK.rtbw;WDL;7;7-WDL;de4a419a0faa16c8600db7b5b822d234;wdl7.txt
KNPPPPvK.rtbw;WDL;7;7-WDL;a4a920b99dec62174f635f73d6b59fb2;wdl7.txt
KPPPPPvK.rtbw;WDL;7;7-WDL;8871233e4c4855286171e340387a1bfa;wdl7.txt
KQBBBPvK.rtbw;WDL;7;7-WDL;a042a5f2db21c03eaedce0fa1b8b9cff;wdl7.txt
KQBBNPvK.rtbw;WDL;7;7-WDL;bce4b4ebc2b3929888b214adea59cfff;wdl7.txt
KQBBPPvK.rtbw;WDL;7;7-WDL;f19ee7011ed4fb68fcc2bce3fd0cd866;wdl7.txt
KQBNNPvK.rtbw;WDL;7;7-WDL;2dd7183116dd35728cdbeccfc92698ed;wdl7.txt
KQBNPPvK.rtbw;WDL;7;7-WDL;f44cecde68d8cbbae97e06d0e993f15b;wdl7.txt
KQBPPPvK.rtbw;WDL;7;7-WDL;5bc9e4de896e64b87013fb68f45df85e;wdl7.txt
KQNNNPvK.rtbw;WDL;7;7-WDL;283e5a8b1d36cdf45f7ea4c5bea8d8a8;wdl7.txt
KQNNPPvK.rtbw;WDL;7;7-WDL;ecd69830a380ea5f75fa0cabbc99b75f;wdl7.txt
KQNPPPvK.rtbw;WDL;7;7-WDL;75900b337d38cd28a6d3e596c161f0ae;wdl7.txt
KQPPPPvK.rtbw;WDL;7;7-WDL;de3398aeea5531e41ebc733317bfb3a5;wdl7.txt
KQQBBPvK.rtbw;WDL;7;7-WDL;c3f59f4b519cfc4b89d078f52a93518f;wdl7.txt
KQQBNPvK.rtbw;WDL;7;7-WDL;3285b17ce11e9990ffabcfd0c19376b7;wdl7.txt
KQQBPPvK.rtbw;WDL;7;7-WDL;0719c3b1ad7968a1c874ef54d4c463f4;wdl7.txt
KQQNNPvK.rtbw;WDL;7;7-WDL;9e387e16eddc0601954bed8ee48b1c19;wdl7.txt
KQQNPPvK.rtbw;WDL;7;7-WDL;8a751a9faf8c53167a5ee327e25dd39a;wdl7.txt
KQQPPPvK.rtbw;WDL;7;7-WDL;510f32e36886a217ac546f94d971cb90;wdl7.txt
KQQQBPvK.rtbw;WDL;7;7-WDL;ddc24885d1bebe5fc97b9543e98b63f8;wdl7.txt
KQQQNPvK.rtbw;WDL;7;7-WDL;bf234369605d39c9eb55287a94df1a47;wdl7.txt
KQQQPPvK.rtbw;WDL;7;7-WDL;73af95657d6ed2c0e38740475fb3f153;wdl7.txt
KQQQQPvK.rtbw;WDL;7;7-WDL;97124b60e6d2cfd99425ffb6218dfcc1;wdl7.txt
KQQQRPvK.rtbw;WDL;7;7-WDL;96846f8b34298b88e1764360b0ba8314;wdl7.txt
KQQRBPvK.rtbw;WDL;7;7-WDL;24411cfd7ab4db5f06de7a1ca41be878;wdl7.txt
KQQRNPvK.rtbw;WDL;7;7-WDL;1384f5f1fa8ea9f190b9293eea83f501;wdl7.txt
KQQRPPvK.rtbw;WDL;7;7-WDL;56fc90170355e122abb86b1b49c0257b;wdl7.txt
KQQRRPvK.rtbw;WDL;7;7-WDL;47b90cfd872814013e24b9adc8854368;wdl7.txt
KQRBBPvK.rtbw;WDL;7;7-WDL;a96421023a8ab433f8588023098f299c;wdl7.txt
KQRBNPvK.rtbw;WDL;7;7-WDL;cea0ef8620049c1f2fda102a54c76293;wdl7.txt
KQRBPPvK.rtbw;WDL;7;7-WDL;8527050387e3082c9b63eb598b1933c1;wdl7.txt
KQRNNPvK.rtbw;WDL;7;7-WDL;1b86f966443e5317646e87f6df2a6771;wdl7.txt
KQRNPPvK.rtbw;WDL;7;7-WDL;16f1fc2efb3e51ba63718d632cbefa67;wdl7.txt
KQRPPPvK.rtbw;WDL;7;7-WDL;4c52c5e3fbbcda956a1e75d1b07cb140;wdl7.txt
KQRRBPvK.rtbw;WDL;7;7-WDL;552a28cb573c1cf508f200ee88431f06;wdl7.txt
KQRRNPvK.rtbw;WDL;7;7-WDL;d0ae9d4341a9f423278534e37557b373;wdl7.txt
KQRRPPvK.rtbw;WDL;7;7-WDL;7797e9b08af136ba8c778ababbc0c331;wdl7.txt
KQRRRPvK.rtbw;WDL;7;7-WDL;f59e2d3d04d2cf7430f4d21911541dc4;wdl7.txt
KRBBBPvK.rtbw;WDL;7;7-WDL;50acffe2d1a8aa1d437e803e79a5d038;wdl7.txt
KRBBNPvK.rtbw;WDL;7;7-WDL;f4966e5266e35e105fd149f4ae5a730d;wdl7.txt
KRBBPPvK.rtbw;WDL;7;7-WDL;4988bc72ee5d27ecfbcd0a0b3214fc75;wdl7.txt
KRBNNPvK.rtbw;WDL;7;7-WDL;fdc5ca7fab00d5eeba211de1c527a8db;wdl7.txt
KRBNPPvK.rtbw;WDL;7;7-WDL;f5d4dfd355062b8151939d2ae5c1655a;wdl7.txt
KRBPPPvK.rtbw;WDL;7;7-WDL;70eff604855378b1f6f0698f78f9953b;wdl7.txt
KRNNNPvK.rtbw;WDL;7;7-WDL;d6765b90ee2578f5a209328a31584706;wdl7.txt
KRNNPPvK.rtbw;WDL;7;7-WDL;7b9ee8d887ab515c1c43d0662f9b05dc;wdl7.txt
KRNPPPvK.rtbw;WDL;7;7-WDL;85fea3b311d89e9c990900ac9cda1114;wdl7.txt
KRPPPPvK.rtbw;WDL;7;7-WDL;4b7936b87e89fa404b954683b78127f1;wdl7.txt
KRRBBPvK.rtbw;WDL;7;7-WDL;a8e1e6b575e7ca3f612dda4d7e39b980;wdl7.txt
KRRBNPvK.rtbw;WDL;7;7-WDL;05c87e7f2255a73b721a2f87b5ca0f9b;wdl7.txt
KRRBPPvK.rtbw;WDL;7;7-WDL;0429621e76f29257c6753eaa4a1c65f6;wdl7.txt
KRRNNPvK.rtbw;WDL;7;7-WDL;72eb1d6ea47212c3b43e7e41d8cc7700;wdl7.txt
KRRNPPvK.rtbw;WDL;7;7-WDL;c15f9f0b101368e22a1b955d13d94069;wdl7.txt
KRRPPPvK.rtbw;WDL;7;7-WDL;19611fef608ab397d5d262ae945295e1;wdl7.txt
KRRRBPvK.rtbw;WDL;7;7-WDL;e86a0f8b648d09dbbd0a59d0a3fe8e73;wdl7.txt
KRRRNPvK.rtbw;WDL;7;7-WDL;80d8f5235a57291cd727ffd06eaf39b4;wdl7.txt
KRRRPPvK.rtbw;WDL;7;7-WDL;d4d683507a2481373d286272c6d94612;wdl7.txt
KRRRRPvK.rtbw;WDL;7;7-WDL;eb4c49115fa7149bcea9e4ce872e7706;wdl7.txt
KBBBBBvK.rtbw;WDL;7;7-WDL;f48f824968d0572d68383c3898d6bf0e;wdl7.txt
KBBBBNvK.rtbw;WDL;7;7-WDL;4acf670f7e888fb6f1a98999820ec8dc;wdl7.txt
KBBBNNvK.rtbw;WDL;7;7-WDL;2fd2b8196b6bee8e1e0f5863128e80a8;wdl7.txt
KBBNNNvK.rtbw;WDL;7;7-WDL;95fcf1597140703d9cd84d09899c8bc7;wdl7.txt
KBNNNNvK.rtbw;WDL;7;7-WDL;368d82fd27db7038d1547542e02f108d;wdl7.txt
KNNNNNvK.rtbw;WDL;7;7-WDL;5326220b1e71f3ac44b5a8b5190aefbd;wdl7.txt
KQBBBBvK.rtbw;WDL;7;7-WDL;276482333636fe3983b426115b018086;wdl7.txt
KQBBBNvK.rtbw;WDL;7;7-WDL;e00f2d93779860acc793aa71d9c150ba;wdl7.txt
KQBBNNvK.rtbw;WDL;7;7-WDL;6e5879f6a7c191eb2dee575557142020;wdl7.txt
KQBNNNvK.rtbw;WDL;7;7-WDL;d987aee31518dfa3c5f425d85a12ad2e;wdl7.txt
KQNNNNvK.rtbw;WDL;7;7-WDL;a79eb06154a3fb56c319d7194708cdb6;wdl7.txt
KQQBBBvK.rtbw;WDL;7;7-WDL;a6bb437bde8cf94fd72781e72b3f3e3d;wdl7.txt
KQQBBNvK.rtbw;WDL;7;7-WDL;9550bf04b6f5f8b3cf19910b23dff861;wdl7.txt
KQQBNNvK.rtbw;WDL;7;7-WDL;f186464b960f1b0baf87b56a864ab16c;wdl7.txt
KQQNNNvK.rtbw;WDL;7;7-WDL;d0f63fb91fe0f3f2475659220a3a98fb;wdl7.txt
KQQQBBvK.rtbw;WDL;7;7-WDL;703283df232cc405e5a1e8d6d0321083;wdl7.txt
KQQQBNvK.rtbw;WDL;7;7-WDL;5b379a15a82dc03a06e7773407bca189;wdl7.txt
KQQQNNvK.rtbw;WDL;7;7-WDL;fe6d38aa9e3a8b4227f497fc0375b508;wdl7.txt
KQQQQBvK.rtbw;WDL;7;7-WDL;5c83a48aada325f36ae525d157744ec9;wdl7.txt
KQQQQNvK.rtbw;WDL;7;7-WDL;8d14fc0638f021175d19cfb36fcd23b9;wdl7.txt
KQQQQQvK.rtbw;WDL;7;7-WDL;bddf4aafe28982d24887a6b983eb1c7e;wdl7.txt
KQQQQRvK.rtbw;WDL;7;7-WDL;a94d17425e9cdcb77f5e3498d8408bf9;wdl7.txt
KQQQRBvK.rtbw;WDL;7;7-WDL;205d8eafcfddb53091b7ebbf9fbe386b;wdl7.txt
KQQQRNvK.rtbw;WDL;7;7-WDL;222b2ed3ec6c8dd9ce5c30c12aeebe50;wdl7.txt
KQQQRRvK.rtbw;WDL;7;7-WDL;bb82eeabb12c93894d17f064a6cb5321;wdl7.txt
KQQRBBvK.rtbw;WDL;7;7-WDL;a02859b54308d0f8a01d1d957a48fa92;wdl7.txt
KQQRBNvK.rtbw;WDL;7;7-WDL;caf981ad028a04bfa69d9631013acc19;wdl7.txt
KQQRNNvK.rtbw;WDL;7;7-WDL;4ec6aa4467da6cd795c0441b56af9109;wdl7.txt
KQQRRBvK.rtbw;WDL;7;7-WDL;0a7289106da17a3ec1e1ee1c2dd669e9;wdl7.txt
KQQRRNvK.rtbw;WDL;7;7-WDL;42733daca9372f0df2063fc534f7b780;wdl7.txt
KQQRRRvK.rtbw;WDL;7;7-WDL;849cbc5cbffaeaf6551819fc3d6f9036;wdl7.txt
KQRBBBvK.rtbw;WDL;7;7-WDL;51ec4e3115a4381d3f0872cb2d4497a1;wdl7.txt
KQRBBNvK.rtbw;WDL;7;7-WDL;c130fe3838043158679408b408d61160;wdl7.txt
KQRBNNvK.rtbw;WDL;7;7-WDL;a2c916713fa968d8f238cd4ac3268b46;wdl7.txt
KQRNNNvK.rtbw;WDL;7;7-WDL;83ab52155944cdfa34e725fbf80790c9;wdl7.txt
KQRRBBvK.rtbw;WDL;7;7-WDL;80e04f1053a36ed281f1d55d1130962e;wdl7.txt
KQRRBNvK.rtbw;WDL;7;7-WDL;557c74c3da671ade9584f6c64a604203;wdl7.txt
KQRRNNvK.rtbw;WDL;7;7-WDL;e32496e2b69f01db29b3a9e08a843415;wdl7.txt
KQRRRBvK.rtbw;WDL;7;7-WDL;dc2b195ae4a2d15dc3fbf60745f4198d;wdl7.txt
KQRRRNvK.rtbw;WDL;7;7-WDL;45e00b68ee008e4fe9fa41e3a863245f;wdl7.txt
KQRRRRvK.rtbw;WDL;7;7-WDL;fd210e95baa31d17906cc9845af11cbe;wdl7.txt
KRBBBBvK.rtbw;WDL;7;7-WDL;1761e0136539dfbc1c6ac454bb2e3498;wdl7.txt
KRBBBNvK.rtbw;WDL;7;7-WDL;de8ccccd7f3a9c09b0febc7b8887f52a;wdl7.txt
KRBBNNvK.rtbw;WDL;7;7-WDL;24899cfb5f332000254a008f2961b228;wdl7.txt
KRBNNNvK.rtbw;WDL;7;7-WDL;725ae7c8094e398a7d736faaa2709238;wdl7.txt
KRNNNNvK.rtbw;WDL;7;7-WDL;19645c25f228b12b58d23e723957d495;wdl7.txt
KRRBBBvK.rtbw;WDL;7;7-WDL;5af7b22e580c29435035e38cb71079bb;wdl7.txt
KRRBBNvK.rtbw;WDL;7;7-WDL;ace9363c68e2affdd3a2a39a384ce0ab;wdl7.txt
KRRBNNvK.rtbw;WDL;7;7-WDL;88abd28251dd27ae82d8839f9d228ca7;wdl7.txt
KRRNNNvK.rtbw;WDL;7;7-WDL;c075c0dffe64a7c2b0f116f9fdf3dc65;wdl7.txt
KRRRBBvK.rtbw;WDL;7;7-WDL;d23e94697d1c3f5eb91a4d72a7431d66;wdl7.txt
KRRRBNvK.rtbw;WDL;7;7-WDL;234f746cac32db23bb187463e707f751;wdl7.txt
KRRRNNvK.rtbw;WDL;7;7-WDL;5ef30c55eac4277e3c2d394a58d5a866;wdl7.txt
KRRRRBvK.rtbw;WDL;7;7-WDL;acbd8737be3e71573a26862e59546bc4;wdl7.txt
KRRRRNvK.rtbw;WDL;7;7-WDL;8d51db518cc6ce655de5b13196bc90b6;wdl7.txt
KRRRRRvK.rtbw;WDL;7;7-WDL;1194934634bc2f94c63d38caf9411163;wdl7.txt
KBBBvKBP.rtbz;DTZ;7;7-DTZ;84216b89223cf5978abf04da3db96e55;dtz7.txt
KBBBvKNP.rtbz;DTZ;7;7-DTZ;c0d1493485542632e60a3109a2137d14;dtz7.txt
KBBBvKPP.rtbz;DTZ;7;7-DTZ;5306e566e820be27e9524049c000c12b;dtz7.txt
KBBBvKQP.rtbz;DTZ;7;7-DTZ;4e210bdae1f2e34a2db6f2dc6077a8f9;dtz7.txt
KBBBvKRP.rtbz;DTZ;7;7-DTZ;49afb776d01c637ebfd072e1b6ece0d8;dtz7.txt
KBBNvKBP.rtbz;DTZ;7;7-DTZ;401c188dfaf9b546b616a1d4d76fcf0c;dtz7.txt
KBBNvKNP.rtbz;DTZ;7;7-DTZ;105fb096ae0a66faec1c804af6763378;dtz7.txt
KBBNvKPP.rtbz;DTZ;7;7-DTZ;2d86985c383225fd45a3f485603c7559;dtz7.txt
KBBNvKQP.rtbz;DTZ;7;7-DTZ;2fbd1bb41abd44d1b703f8c54b0edc0d;dtz7.txt
KBBNvKRP.rtbz;DTZ;7;7-DTZ;5a296c489b3fba5118955413a6f19d62;dtz7.txt
KBBPvKBB.rtbz;DTZ;7;7-DTZ;0a2242549af5315e9004f6816b5f6cb1;dtz7.txt
KBBPvKBN.rtbz;DTZ;7;7-DTZ;841771df123356f0fef64c61c1ce375a;dtz7.txt
KBBPvKBP.rtbz;DTZ;7;7-DTZ;d8605ef163480a33828a118dbc63eb7b;dtz7.txt
KBBPvKNN.rtbz;DTZ;7;7-DTZ;2bf38c4379e6289adfced4e5d6d0d7e0;dtz7.txt
KBBPvKNP.rtbz;DTZ;7;7-DTZ;51e3a577fcc1c518670107a59b981fce;dtz7.txt
KBBPvKPP.rtbz;DTZ;7;7-DTZ;f926c1ee62b96f556fdd81338896304e;dtz7.txt
KBBPvKQB.rtbz;DTZ;7;7-DTZ;ee83793beb0257ebc8c2212b21d7771a;dtz7.txt
KBBPvKQN.rtbz;DTZ;7;7-DTZ;105ac6e556afeb3a3c69ad57281f61ef;dtz7.txt
KBBPvKQP.rtbz;DTZ;7;7-DTZ;abe5bcc1a89de31aa8d865dea00d5eb7;dtz7.txt
KBBPvKQQ.rtbz;DTZ;7;7-DTZ;03ef26fab4b9915f175c7b56407641ec;dtz7.txt
KBBPvKQR.rtbz;DTZ;7;7-DTZ;ddbcb49bb40648f2d6cc7f39ee049b54;dtz7.txt
KBBPvKRB.rtbz;DTZ;7;7-DTZ;4e6af678d64c14d1071bdeeb591e7abb;dtz7.txt
KBBPvKRN.rtbz;DTZ;7;7-DTZ;34fa50e23ea3d1694fc52c961329c91d;dtz7.txt
KBBPvKRP.rtbz;DTZ;7;7-DTZ;e01533ee82c6352067934be9e5f510e8;dtz7.txt
KBBPvKRR.rtbz;DTZ;7;7-DTZ;1d53192e2c7bef3398335ad5459e38b6;dtz7.txt
KBNNvKBP.rtbz;DTZ;7;7-DTZ;5fa2dffaaadc65196d35e7247cef79ff;dtz7.txt
KBNNvKNP.rtbz;DTZ;7;7-DTZ;c92bf84bd61deaf8734b534c5baeb000;dtz7.txt
KBNNvKPP.rtbz;DTZ;7;7-DTZ;c85975801f2b0c00b4d2ab0913717db9;dtz7.txt
KBNNvKQP.rtbz;DTZ;7;7-DTZ;c9896e53f34f92170b46dac933d17913;dtz7.txt
KBNNvKRP.rtbz;DTZ;7;7-DTZ;aeb270d36d0528a87221b17f555c8bae;dtz7.txt
KBNPvKBB.rtbz;DTZ;7;7-DTZ;29d41cb4ac5568cad7741e4761937535;dtz7.txt
KBNPvKBN.rtbz;DTZ;7;7-DTZ;e018dbf715923111f89259f4bd668010;dtz7.txt
KBNPvKBP.rtbz;DTZ;7;7-DTZ;de1000a40db7d5a96c4ebb8fe4ebaf7e;dtz7.txt
KBNPvKNN.rtbz;DTZ;7;7-DTZ;f76f388be304a74510c71959a53fa4e5;dtz7.txt
KBNPvKNP.rtbz;DTZ;7;7-DTZ;a825138be9ea8a101d0000e129b125e7;dtz7.txt
KBNPvKPP.rtbz;DTZ;7;7-DTZ;eabbfa093c06d305aa149fb4bc27867c;dtz7.txt
KBNPvKQB.rtbz;DTZ;7;7-DTZ;817f29f5445559cce1c5ef967931cd9b;dtz7.txt
KBNPvKQN.rtbz;DTZ;7;7-DTZ;162614fd583a7e38827d3dd6f5b91209;dtz7.txt
KBNPvKQP.rtbz;DTZ;7;7-DTZ;2825e0ea9ecb9b5a7ef51ea687a977bb;dtz7.txt
KBNPvKQQ.rtbz;DTZ;7;7-DTZ;2b8397f38f800eb2fe1c66ab5673b6d2;dtz7.txt
KBNPvKQR.rtbz;DTZ;7;7-DTZ;ed04bfa198c606a59d6eab5b0cfc5513;dtz7.txt
KBNPvKRB.rtbz;DTZ;7;7-DTZ;c29187ecffb7f68235ae138ff03b90ca;dtz7.txt
KBNPvKRN.rtbz;DTZ;7;7-DTZ;8290d3e7d0b4bda3b86b3639dc6f67d3;dtz7.txt
KBNPvKRP.rtbz;DTZ;7;7-DTZ;d895493a329c9dc14974f57a7046872e;dtz7.txt
KBNPvKRR.rtbz;DTZ;7;7-DTZ;613ec9dd13ac34561d764e6f3539ae00;dtz7.txt
KBPPvKBB.rtbz;DTZ;7;7-DTZ;cb88379d816b3523f5834f422c4ea7c1;dtz7.txt
KBPPvKBN.rtbz;DTZ;7;7-DTZ;41e80978ecd00e6895fb8a52049b8385;dtz7.txt
KBPPvKBP.rtbz;DTZ;7;7-DTZ;dc41d61120c3cef0907d68da9c87e1df;dtz7.txt
KBPPvKNN.rtbz;DTZ;7;7-DTZ;8dc1efb0246a4cf1ddc7c8537c4edd51;dtz7.txt
KBPPvKNP.rtbz;DTZ;7;7-DTZ;ece6848887a321e1440ebf528268305c;dtz7.txt
KBPPvKPP.rtbz;DTZ;7;7-DTZ;b8d01e0dcf8f695b85ded7aef1331e82;dtz7.txt
KBPPvKQB.rtbz;DTZ;7;7-DTZ;669cf481252e96d3057a0b5de2e9146f;dtz7.txt
KBPPvKQN.rtbz;DTZ;7;7-DTZ;0790d84850898cfd2cb483760f80eed5;dtz7.txt
KBPPvKQP.rtbz;DTZ;7;7-DTZ;c7435b03f9e6caecc6d5402e7ed54c1d;dtz7.txt
KBPPvKQQ.rtbz;DTZ;7;7-DTZ;7afcd0041de2dc54b6568f66d8854d70;dtz7.txt
KBPPvKQR.rtbz;DTZ;7;7-DTZ;d7ec1077a06b39dcf71ebd071ff50697;dtz7.txt
KBPPvKRB.rtbz;DTZ;7;7-DTZ;565d104b8f8064680a1fd75c7556e6c1;dtz7.txt
KBPPvKRN.rtbz;DTZ;7;7-DTZ;a2c50e65f4d8457b6208548499b248b1;dtz7.txt
KBPPvKRP.rtbz;DTZ;7;7-DTZ;13a168fb67a0e8d6b9b53355a4b705e5;dtz7.txt
KBPPvKRR.rtbz;DTZ;7;7-DTZ;551eed1825eb83655cb5193280afc728;dtz7.txt
KNNNvKBP.rtbz;DTZ;7;7-DTZ;17f806dbe46d0f0646a781b0b10004d0;dtz7.txt
KNNNvKNP.rtbz;DTZ;7;7-DTZ;e689a12b92fb5183c3a47bf51e7725a6;dtz7.txt
KNNNvKPP.rtbz;DTZ;7;7-DTZ;3fb3b1827c51a7ac25bf82a7db6d6c4e;dtz7.txt
KNNNvKQP.rtbz;DTZ;7;7-DTZ;3e9ed0e051b31b29c18cbc7a33591f8f;dtz7.txt
KNNNvKRP.rtbz;DTZ;7;7-DTZ;fe3769a5120c2041501f4f85358ec69b;dtz7.txt
KNNPvKBB.rtbz;DTZ;7;7-DTZ;843c4b7feb5773abac48923b0b7d1470;dtz7.txt
KNNPvKBN.rtbz;DTZ;7;7-DTZ;552f1b7bf1ed17ef791cde98fcc48996;dtz7.txt
KNNPvKBP.rtbz;DTZ;7;7-DTZ;7dc16a2ed7dffa0ac998dac4b5e32d69;dtz7.txt
KNNPvKNN.rtbz;DTZ;7;7-DTZ;d279696c9a7d138df1780fe0b2227e79;dtz7.txt
KNNPvKNP.rtbz;DTZ;7;7-DTZ;145edcf2800f7509a75399b43a550dd7;dtz7.txt
KNNPvKPP.rtbz;DTZ;7;7-DTZ;71c81f25895e9522fddd6eaa9ed1f02e;dtz7.txt
KNNPvKQB.rtbz;DTZ;7;7-DTZ;2c7bdc914e7b04429cc7fcba1894279a;dtz7.txt
KNNPvKQN.rtbz;DTZ;7;7-DTZ;33162d8485c710402d29a2bf02eeacb3;dtz7.txt
KNNPvKQP.rtbz;DTZ;7;7-DTZ;f6a40e2e938485f1c00dd8e51f4b5e0e;dtz7.txt
KNNPvKQQ.rtbz;DTZ;7;7-DTZ;a86a0d74d2c3274f25859fb32b9856e0;dtz7.txt
KNNPvKQR.rtbz;DTZ;7;7-DTZ;8758c4c03add7dc1d8d8de0f048d1a89;dtz7.txt
KNNPvKRB.rtbz;DTZ;7;7-DTZ;628ecac5c48e4e8a8cbc6779a5a83d8f;dtz7.txt
KNNPvKRN.rtbz;DTZ;7;7-DTZ;511d9a571a8f870e6e950cdbcdb4ce4e;dtz7.txt
KNNPvKRP.rtbz;DTZ;7;7-DTZ;730645fcec17508af35e3b7a3e1f88d1;dtz7.txt
KNNPvKRR.rtbz;DTZ;7;7-DTZ;7d8f9778b767d56816b4b25d4f0e3924;dtz7.txt
KNPPvKBB.rtbz;DTZ;7;7-DTZ;c9603a8fc7528053fd4a46f22d46aada;dtz7.txt
KNPPvKBN.rtbz;DTZ;7;7-DTZ;86309a0c633c254e3e8d7b7567b767e5;dtz7.txt
KNPPvKBP.rtbz;DTZ;7;7-DTZ;00334747f2c3ca9efd4be74144b24a63;dtz7.txt
KNPPvKNN.rtbz;DTZ;7;7-DTZ;81bf7ca70e82cd597fa616decf6735d0;dtz7.txt
KNPPvKNP.rtbz;DTZ;7;7-DTZ;08d2f240a1312b389b4986075d083845;dtz7.txt
KNPPvKPP.rtbz;DTZ;7;7-DTZ;b65d4e54c5c3442ef97f3b03b94f9f19;dtz7.txt
KNPPvKQB.rtbz;DTZ;7;7-DTZ;9d169b9b465e4059d22a4eea099a9963;dtz7.txt
KNPPvKQN.rtbz;DTZ;7;7-DTZ;1bf6aa1036fb663d30d1590a7176483e;dtz7.txt
KNPPvKQP.rtbz;DTZ;7;7-DTZ;36d3022e7e6abb0257066c9135a3765a;dtz7.txt
KNPPvKQQ.rtbz;DTZ;7;7-DTZ;2761c47b43c1cecd9ce272791945b341;dtz7.txt
KNPPvKQR.rtbz;DTZ;7;7-DTZ;6a42d8f1770c7e13ae98556cb434903a;dtz7.txt
KNPPvKRB.rtbz;DTZ;7;7-DTZ;a15e0909658e2798560a1a876689a6c5;dtz7.txt
KNPPvKRN.rtbz;DTZ;7;7-DTZ;c95afe877737e7b97ee408c6289ee944;dtz7.txt
KNPPvKRP.rtbz;DTZ;7;7-DTZ;1549f0be6de2fe923f7d19d4714a0acb;dtz7.txt
KNPPvKRR.rtbz;DTZ;7;7-DTZ;478b455181434f0b0c17138725d17bb3;dtz7.txt
KPPPvKBB.rtbz;DTZ;7;7-DTZ;c02c3f9d649e38d8683b946636145b73;dtz7.txt
KPPPvKBN.rtbz;DTZ;7;7-DTZ;504d10acb74d7ff42a4524efccd16540;dtz7.txt
KPPPvKBP.rtbz;DTZ;7;7-DTZ;00a325a214aa8dc23c75ae5110a6ed6f;dtz7.txt
KPPPvKNN.rtbz;DTZ;7;7-DTZ;1bf35cde8c5bc17825bda1749f825bfb;dtz7.txt
KPPPvKNP.rtbz;DTZ;7;7-DTZ;44e7a8e0e71d1cac9a92dcd8fb203a2f;dtz7.txt
KPPPvKPP.rtbz;DTZ;7;7-DTZ;c1792968047ff70ce8cd0342075edfb3;dtz7.txt
KPPPvKQB.rtbz;DTZ;7;7-DTZ;3f5587170d1ff4d378ce1845b2fc59d3;dtz7.txt
KPPPvKQN.rtbz;DTZ;7;7-DTZ;c3ba6ae874806cc777cc5708803334b5;dtz7.txt
KPPPvKQP.rtbz;DTZ;7;7-DTZ;8eee9a19a911ad723acc3af26a8f94c0;dtz7.txt
KPPPvKQQ.rtbz;DTZ;7;7-DTZ;11e24521b39cf8409df4bd555aca1abb;dtz7.txt
KPPPvKQR.rtbz;DTZ;7;7-DTZ;fe25bc68d8182ed008331eb9645e310f;dtz7.txt
KPPPvKRB.rtbz;DTZ;7;7-DTZ;0272712d29b11080ca427c4f3e985fb6;dtz7.txt
KPPPvKRN.rtbz;DTZ;7;7-DTZ;0cb68838093a816d6e9f083f37789476;dtz7.txt
KPPPvKRP.rtbz;DTZ;7;7-DTZ;9230a2651fdb4985344f4f281a647517;dtz7.txt
KPPPvKRR.rtbz;DTZ;7;7-DTZ;bc47adb1f66f83a82a4d70b5221b1b02;dtz7.txt
KQBBvKBP.rtbz;DTZ;7;7-DTZ;64a789b6dfe08cb2c6b2855bb4d4dfac;dtz7.txt
KQBBvKNP.rtbz;DTZ;7;7-DTZ;d0b62470ab0177d50016b58f95c1676f;dtz7.txt
KQBBvKPP.rtbz;DTZ;7;7-DTZ;106994ae6c8736b7c4582bf27f802753;dtz7.txt
KQBBvKQP.rtbz;DTZ;7;7-DTZ;fd20f29a0e3e3834a41bea4d5bae8d0a;dtz7.txt
KQBBvKRP.rtbz;DTZ;7;7-DTZ;ac6e42aefe6f0c3645f464b798af4a0f;dtz7.txt
KQBNvKBP.rtbz;DTZ;7;7-DTZ;eb61e8da9b546ad19ca296e6292af886;dtz7.txt
KQBNvKNP.rtbz;DTZ;7;7-DTZ;0a88830c00938a09f0d3e543aa2e9992;dtz7.txt
KQBNvKPP.rtbz;DTZ;7;7-DTZ;ccf94b584e044e56decadc7dc6821259;dtz7.txt
KQBNvKQP.rtbz;DTZ;7;7-DTZ;66caf7271982580ffe43840cc1bcd488;dtz7.txt
KQBNvKRP.rtbz;DTZ;7;7-DTZ;ae7370ccb9ba8dcf30db542fd9ae4e4f;dtz7.txt
KQBPvKBB.rtbz;DTZ;7;7-DTZ;03ea49bea3e90b952e55a3a25a496072;dtz7.txt
KQBPvKBN.rtbz;DTZ;7;7-DTZ;28d900c7aa2a7406c9f0802d9bd3b8d9;dtz7.txt
KQBPvKBP.rtbz;DTZ;7;7-DTZ;875c5120e919332f4da08092c697caab;dtz7.txt
KQBPvKNN.rtbz;DTZ;7;7-DTZ;d3958a61c896ed054453b0db4686ca13;dtz7.txt
KQBPvKNP.rtbz;DTZ;7;7-DTZ;1a07c49c6349f0a6ba850b1e4bd7ad92;dtz7.txt
KQBPvKPP.rtbz;DTZ;7;7-DTZ;b4ede5d8af470a5ded76aed9bcefcbe8;dtz7.txt
KQBPvKQB.rtbz;DTZ;7;7-DTZ;ddf6f749d358d2f077b23750fef1677f;dtz7.txt
KQBPvKQN.rtbz;DTZ;7;7-DTZ;4e35d6c71578388d4e5dc5ad6cd028d0;dtz7.txt
KQBPvKQP.rtbz;DTZ;7;7-DTZ;b2a656cd02793c64e935a3f13636a43a;dtz7.txt
KQBPvKQQ.rtbz;DTZ;7;7-DTZ;eb0a0524ced18fb557badda2290fabd1;dtz7.txt
KQBPvKQR.rtbz;DTZ;7;7-DTZ;9eae342f70e06bc3fd09e0fb3f08d468;dtz7.txt
KQBPvKRB.rtbz;DTZ;7;7-DTZ;76121b88a07264cf728ef907223d8304;dtz7.txt
KQBPvKRN.rtbz;DTZ;7;7-DTZ;4b8f89716a6e008a7e7925bf4839b8d2;dtz7.txt
KQBPvKRP.rtbz;DTZ;7;7-DTZ;d272b1da3386e5746f005e671db46681;dtz7.txt
KQBPvKRR.rtbz;DTZ;7;7-DTZ;a379adcc6715d25a04e8fa66d26a98ad;dtz7.txt
KQNNvKBP.rtbz;DTZ;7;7-DTZ;b514adf6f03794496e3202f90657cf45;dtz7.txt
KQNNvKNP.rtbz;DTZ;7;7-DTZ;76bf8e9811ce776386b5447021b70c22;dtz7.txt
KQNNvKPP.rtbz;DTZ;7;7-DTZ;118d4e78a57877a2795c90bc46db7235;dtz7.txt
KQNNvKQP.rtbz;DTZ;7;7-DTZ;524e97a6744104057b75bb13f57b91cc;dtz7.txt
KQNNvKRP.rtbz;DTZ;7;7-DTZ;5f999d7a4db11913c348584e40436d6d;dtz7.txt
KQNPvKBB.rtbz;DTZ;7;7-DTZ;82864608df092c1a3248d2d0e9aec9f8;dtz7.txt
KQNPvKBN.rtbz;DTZ;7;7-DTZ;81b263e8f97a2136c12dd0b2660095ce;dtz7.txt
KQNPvKBP.rtbz;DTZ;7;7-DTZ;674fa2e4616b34b65925f6af7f1bbafa;dtz7.txt
KQNPvKNN.rtbz;DTZ;7;7-DTZ;4bd4a7cf34761351717cf8d24bea9b99;dtz7.txt
KQNPvKNP.rtbz;DTZ;7;7-DTZ;1e1801bdbeeac93e6e3aaeb6cd90b981;dtz7.txt
KQNPvKPP.rtbz;DTZ;7;7-DTZ;d3a0cb4bd995067305fc785f7e49e951;dtz7.txt
KQNPvKQB.rtbz;DTZ;7;7-DTZ;4dea07bf0ef8f13e3b79072d361396b9;dtz7.txt
KQNPvKQN.rtbz;DTZ;7;7-DTZ;2f245acdb6008bdc3744ec6500070bfc;dtz7.txt
KQNPvKQP.rtbz;DTZ;7;7-DTZ;70e2f08d72ce7e47463e440a1aecaecb;dtz7.txt
KQNPvKQQ.rtbz;DTZ;7;7-DTZ;96ed41f40fe2a58e460d971254358db8;dtz7.txt
KQNPvKQR.rtbz;DTZ;7;7-DTZ;d44748f0e4e475394f3cd2771396a487;dtz7.txt
KQNPvKRB.rtbz;DTZ;7;7-DTZ;33e19cbdb2a7ed627402b7252455e630;dtz7.txt
KQNPvKRN.rtbz;DTZ;7;7-DTZ;ba5a339d818efeca194ac890754a3ab5;dtz7.txt
KQNPvKRP.rtbz;DTZ;7;7-DTZ;53b326d8a66d6ef4f31d82647df582e0;dtz7.txt
KQNPvKRR.rtbz;DTZ;7;7-DTZ;0a3648a2b360fa5836303f38bc26f27b;dtz7.txt
KQPPvKBB.rtbz;DTZ;7;7-DTZ;0ac1ce912d915d8955c1d0d76392c7ea;dtz7.txt
KQPPvKBN.rtbz;DTZ;7;7-DTZ;864e2fc681a0c984a4c1c3cb0ff1829f;dtz7.txt
KQPPvKBP.rtbz;DTZ;7;7-DTZ;62add68c0669fa21984a91e2d40da378;dtz7.txt
KQPPvKNN.rtbz;DTZ;7;7-DTZ;54f3822097d0517dacb676df26d926f6;dtz7.txt
KQPPvKNP.rtbz;DTZ;7;7-DTZ;8cbe8cc09c78a6b74773b74a6f6fa948;dtz7.txt
KQPPvKPP.rtbz;DTZ;7;7-DTZ;f2ea679ce3319804a25ff1e20b136d4c;dtz7.txt
KQPPvKQB.rtbz;DTZ;7;7-DTZ;6e7663e5fb5b9e391341aa3a3df378af;dtz7.txt
KQPPvKQN.rtbz;DTZ;7;7-DTZ;3abb4799770b211c4b94e3dc1f582b50;dtz7.txt
KQPPvKQP.rtbz;DTZ;7;7-DTZ;e75d668775c9e8814d42c8a15eb06c9e;dtz7.txt
KQPPvKQQ.rtbz;DTZ;7;7-DTZ;77cf04f58b6c03f79506c0100fffbe76;dtz7.txt
KQPPvKQR.rtbz;DTZ;7;7-DTZ;315369e415b89e4527a01f5eb4cae384;dtz7.txt
KQPPvKRB.rtbz;DTZ;7;7-DTZ;ad843ccfce010f8cff6e13d689e7eacf;dtz7.txt
KQPPvKRN.rtbz;DTZ;7;7-DTZ;10a1033fe52aa934eea5e0aadcfe5cc2;dtz7.txt
KQPPvKRP.rtbz;DTZ;7;7-DTZ;9f111d25d8b9079f6cf2a5301ebf2257;dtz7.txt
KQPPvKRR.rtbz;DTZ;7;7-DTZ;f16f2cb3d9395206213b8c0c282a0e5a;dtz7.txt
KQQBvKBP.rtbz;DTZ;7;7-DTZ;2d1fd41f50c0bc94ce0906fe07a6fbbd;dtz7.txt
KQQBvKNP.rtbz;DTZ;7;7-DTZ;82ee6eb2627509aed57851fc276ab1b8;dtz7.txt
KQQBvKPP.rtbz;DTZ;7;7-DTZ;250404c4cd3b3d7497682ed2b149e616;dtz7.txt
KQQBvKQP.rtbz;DTZ;7;7-DTZ;7d03ad4eb34e1fbeec875034ecb4ad49;dtz7.txt
KQQBvKRP.rtbz;DTZ;7;7-DTZ;34f0d245bcde5ed1f4706b959a798f39;dtz7.txt
KQQNvKBP.rtbz;DTZ;7;7-DTZ;5dd3105b86eaa0baef2dc26b1115fdb9;dtz7.txt
KQQNvKNP.rtbz;DTZ;7;7-DTZ;46f5285ab21a8f71e45e632ecf419b6a;dtz7.txt
KQQNvKPP.rtbz;DTZ;7;7-DTZ;f8514e8d6f561d7ebe7da8e090c19e02;dtz7.txt
KQQNvKQP.rtbz;DTZ;7;7-DTZ;20cd2933bb87b0e41fdb4b7eca01deea;dtz7.txt
KQQNvKRP.rtbz;DTZ;7;7-DTZ;f404af80bf59a2b17c3ee8b93c6d0966;dtz7.txt
KQQPvKBB.rtbz;DTZ;7;7-DTZ;27e1b1f4b414f2672a583a1da84c8389;dtz7.txt
KQQPvKBN.rtbz;DTZ;7;7-DTZ;f89f23224da7d29a71a5065368e20249;dtz7.txt
KQQPvKBP.rtbz;DTZ;7;7-DTZ;c0a62ad5243c4c421d06f37b28d1e2de;dtz7.txt
KQQPvKNN.rtbz;DTZ;7;7-DTZ;b21cbefe383e60907847bba49bb08159;dtz7.txt
KQQPvKNP.rtbz;DTZ;7;7-DTZ;400737d64e38cf71bcec424fd7ee7c77;dtz7.txt
KQQPvKPP.rtbz;DTZ;7;7-DTZ;efcc0982e9cc7414dd478fbe79bded03;dtz7.txt
KQQPvKQB.rtbz;DTZ;7;7-DTZ;e56fde548804009252dab5c80fa8aba7;dtz7.txt
KQQPvKQN.rtbz;DTZ;7;7-DTZ;5c151a1e16d71099ab52aac271cbcc97;dtz7.txt
KQQPvKQP.rtbz;DTZ;7;7-DTZ;7a856b9ff68e17dfb54bb825d2197d78;dtz7.txt
KQQPvKQQ.rtbz;DTZ;7;7-DTZ;856fbd87c957ffaef46044097ba8bfd6;dtz7.txt
KQQPvKQR.rtbz;DTZ;7;7-DTZ;87a01b323b0260e6bd4d602817338441;dtz7.txt
KQQPvKRB.rtbz;DTZ;7;7-DTZ;fbf515e67b42d44cce96b6d7f2f8debc;dtz7.txt
KQQPvKRN.rtbz;DTZ;7;7-DTZ;b39e5ca2581534a03e55cfe3ad96400a;dtz7.txt
KQQPvKRP.rtbz;DTZ;7;7-DTZ;d268e2b5e75736a03a5a77a7090493bf;dtz7.txt
KQQPvKRR.rtbz;DTZ;7;7-DTZ;4d65c24fee5abdd26314a17e85a37832;dtz7.txt
KQQQvKBP.rtbz;DTZ;7;7-DTZ;d6c7445d42a21ff56321e614664913e0;dtz7.txt
KQQQvKNP.rtbz;DTZ;7;7-DTZ;ca9651c10203bc76bf2cf73f7aeff004;dtz7.txt
KQQQvKPP.rtbz;DTZ;7;7-DTZ;c0ad7b3e7bd40cf40da1f24a336d388b;dtz7.txt
KQQQvKQP.rtbz;DTZ;7;7-DTZ;4288636bbc915e17bbe26fcc0f2bd832;dtz7.txt
KQQQvKRP.rtbz;DTZ;7;7-DTZ;1db49232580bfa3491c5e2440982dd0a;dtz7.txt
KQQRvKBP.rtbz;DTZ;7;7-DTZ;ced5c9118e93b226ed39c08b3472ac5c;dtz7.txt
KQQRvKNP.rtbz;DTZ;7;7-DTZ;a926606d0141f260de23d8d15f748f8d;dtz7.txt
KQQRvKPP.rtbz;DTZ;7;7-DTZ;8e2e4c2a2b82b9e13e45771de7d6bf4d;dtz7.txt
KQQRvKQP.rtbz;DTZ;7;7-DTZ;726e31f3289a9f48bc5ef8a58610912f;dtz7.txt
KQQRvKRP.rtbz;DTZ;7;7-DTZ;08ac3b2c475dbe56ec07a3c108966d59;dtz7.txt
KQRBvKBP.rtbz;DTZ;7;7-DTZ;7ec3baac6e996dd4bc3746d2ed91fce3;dtz7.txt
KQRBvKNP.rtbz;DTZ;7;7-DTZ;da3ff7cc7517babfede0470df3b84106;dtz7.txt
KQRBvKPP.rtbz;DTZ;7;7-DTZ;ea2513eda73ae2d2717f623097c4f2d1;dtz7.txt
KQRBvKQP.rtbz;DTZ;7;7-DTZ;44e6daa9232aedc0d431f6436d31672f;dtz7.txt
KQRBvKRP.rtbz;DTZ;7;7-DTZ;937a3583672f174442bbc85cc216de3c;dtz7.txt
KQRNvKBP.rtbz;DTZ;7;7-DTZ;9b50b57daeca778c346a40fd596ce0d4;dtz7.txt
KQRNvKNP.rtbz;DTZ;7;7-DTZ;02eb97acd29d4c240f246c3edfcc879f;dtz7.txt
KQRNvKPP.rtbz;DTZ;7;7-DTZ;112b7003e4a884f76676ce34176ccc18;dtz7.txt
KQRNvKQP.rtbz;DTZ;7;7-DTZ;ddacd5d1c3dccb195386f89fc984727c;dtz7.txt
KQRNvKRP.rtbz;DTZ;7;7-DTZ;ca4335de9937f147882bc65d41aa327c;dtz7.txt
KQRPvKBB.rtbz;DTZ;7;7-DTZ;75d50e966d98ae55f561a82455ab08c8;dtz7.txt
KQRPvKBN.rtbz;DTZ;7;7-DTZ;a7e813d90b2f9609fe332190447844bc;dtz7.txt
KQRPvKBP.rtbz;DTZ;7;7-DTZ;35080f096421a6bc7d5bb2ba43356829;dtz7.txt
KQRPvKNN.rtbz;DTZ;7;7-DTZ;7931cbe6064b6beeaf00ee085bd1498a;dtz7.txt
KQRPvKNP.rtbz;DTZ;7;7-DTZ;68810d46721ed54a19b2f54bb44ae802;dtz7.txt
KQRPvKPP.rtbz;DTZ;7;7-DTZ;add0243fcbaa5231f89c438e2b9ea5f9;dtz7.txt
KQRPvKQB.rtbz;DTZ;7;7-DTZ;bdb7a8680258006b1a2b016d2d86786d;dtz7.txt
KQRPvKQN.rtbz;DTZ;7;7-DTZ;a4527646429244736f6b1abbcabbb1df;dtz7.txt
KQRPvKQP.rtbz;DTZ;7;7-DTZ;802fae13785fca6e10f92e19716af5b9;dtz7.txt
KQRPvKQQ.rtbz;DTZ;7;7-DTZ;646f74c7d3851e27223904126bb0e1c7;dtz7.txt
KQRPvKQR.rtbz;DTZ;7;7-DTZ;4705532c33370992cc6c62683c1a8967;dtz7.txt
KQRPvKRB.rtbz;DTZ;7;7-DTZ;e85bf6aace5e37c91586810c1042ae4c;dtz7.txt
KQRPvKRN.rtbz;DTZ;7;7-DTZ;5e77094de50d689feb57226390e1d674;dtz7.txt
KQRPvKRP.rtbz;DTZ;7;7-DTZ;915b221a4e9c32a6d424947002e8f59f;dtz7.txt
KQRPvKRR.rtbz;DTZ;7;7-DTZ;08cc197a86de4c50691c57d291ecfe97;dtz7.txt
KQRRvKBP.rtbz;DTZ;7;7-DTZ;31333f203cc26690dd82936203f4c946;dtz7.txt
KQRRvKNP.rtbz;DTZ;7;7-DTZ;4ef4fe6ecc34a9af3802d0c8f4253930;dtz7.txt
KQRRvKPP.rtbz;DTZ;7;7-DTZ;8b0bdff344996a043b9dd837d4e0baf3;dtz7.txt
KQRRvKQP.rtbz;DTZ;7;7-DTZ;80e7727eb81a785bac46443122e8b978;dtz7.txt
KQRRvKRP.rtbz;DTZ;7;7-DTZ;6289691ea658af75e42b20f145416a71;dtz7.txt
KRBBvKBP.rtbz;DTZ;7;7-DTZ;721294dd64739412f7c6052af6e7d7f2;dtz7.txt
KRBBvKNP.rtbz;DTZ;7;7-DTZ;b264bc04ac43117ecab85cbe15b6284e;dtz7.txt
KRBBvKPP.rtbz;DTZ;7;7-DTZ;00898c3942233a9c8d9aa6a85f448c7e;dtz7.txt
KRBBvKQP.rtbz;DTZ;7;7-DTZ;b9449d6456d4b472225ef302623dd757;dtz7.txt
KRBBvKRP.rtbz;DTZ;7;7-DTZ;0cbfa0b27a43afc7b2bc35ff7354773a;dtz7.txt
KRBNvKBP.rtbz;DTZ;7;7-DTZ;8009ff6041b9687f5d08ae6e189445db;dtz7.txt
KRBNvKNP.rtbz;DTZ;7;7-DTZ;ce4e637285e4addaf317b9cad7ee8149;dtz7.txt
KRBNvKPP.rtbz;DTZ;7;7-DTZ;33a7080015823b259cace7b43ec44795;dtz7.txt
KRBNvKQP.rtbz;DTZ;7;7-DTZ;bb5505264b97af1277109304d62c0e44;dtz7.txt
KRBNvKRP.rtbz;DTZ;7;7-DTZ;91a3653f0adbf52c4739446e9651dfb3;dtz7.txt
KRBPvKBB.rtbz;DTZ;7;7-DTZ;2c43c4cdd0f99f58d3b335af275e28ee;dtz7.txt
KRBPvKBN.rtbz;DTZ;7;7-DTZ;ef9f8550ae7ad6f5d0017bf8e14a6ff5;dtz7.txt
KRBPvKBP.rtbz;DTZ;7;7-DTZ;9386ea111c913d021710f585577cc2de;dtz7.txt
KRBPvKNN.rtbz;DTZ;7;7-DTZ;2443c1f92955aea38a63767205d7eed9;dtz7.txt
KRBPvKNP.rtbz;DTZ;7;7-DTZ;1070e85dfe9bbbdbe6a04abc3971fe1a;dtz7.txt
KRBPvKPP.rtbz;DTZ;7;7-DTZ;1c9df134fa52a0d277915ac2ccb58481;dtz7.txt
KRBPvKQB.rtbz;DTZ;7;7-DTZ;d8e97230fd411541698f3862b4ffd84f;dtz7.txt
KRBPvKQN.rtbz;DTZ;7;7-DTZ;638aae3e60c8e2f31d06224358403a6c;dtz7.txt
KRBPvKQP.rtbz;DTZ;7;7-DTZ;89762b7f3f8cca192222b2c136d517af;dtz7.txt
KRBPvKQQ.rtbz;DTZ;7;7-DTZ;7bcbaedeade9993320a0c247ae98ac0c;dtz7.txt
KRBPvKQR.rtbz;DTZ;7;7-DTZ;64e05bfb83542b7fc3fa14e1684bad30;dtz7.txt
KRBPvKRB.rtbz;DTZ;7;7-DTZ;6161d9c2dae607ddc8eb0d6fba47aeb1;dtz7.txt
KRBPvKRN.rtbz;DTZ;7;7-DTZ;5bd3bb9ddd5d5bdd9aa42b02a4f8deff;dtz7.txt
KRBPvKRP.rtbz;DTZ;7;7-DTZ;500a827c6c679ea689b20b735ca56af8;dtz7.txt
KRBPvKRR.rtbz;DTZ;7;7-DTZ;4999b45b081088288350ac724ece0ea9;dtz7.txt
KRNNvKBP.rtbz;DTZ;7;7-DTZ;4594b16bfb682c3f27458a922e5f0e3f;dtz7.txt
KRNNvKNP.rtbz;DTZ;7;7-DTZ;b7b9a170125d9b111b415c74df480679;dtz7.txt
KRNNvKPP.rtbz;DTZ;7;7-DTZ;973f8acc680fcc8a7ad7b14cfac9ae1a;dtz7.txt
KRNNvKQP.rtbz;DTZ;7;7-DTZ;47da3190a9ec33e42b34ae323b142e04;dtz7.txt
KRNNvKRP.rtbz;DTZ;7;7-DTZ;733d907205eba28e384ec5861ca624b9;dtz7.txt
KRNPvKBB.rtbz;DTZ;7;7-DTZ;a0e9900e198cbc2df7c60774abaffe16;dtz7.txt
KRNPvKBN.rtbz;DTZ;7;7-DTZ;416590929d3d58a37895cb6aff7eac4f;dtz7.txt
KRNPvKBP.rtbz;DTZ;7;7-DTZ;c92dad50e22becdf5433f7548e4e98d8;dtz7.txt
KRNPvKNN.rtbz;DTZ;7;7-DTZ;81aa7155fbd477266b7f4c6ec5c925b0;dtz7.txt
KRNPvKNP.rtbz;DTZ;7;7-DTZ;10a589c9f5ba9ac1602b12915dc4b821;dtz7.txt
KRNPvKPP.rtbz;DTZ;7;7-DTZ;c0850f96fe5ca0c67c82d25a29b66a58;dtz7.txt
KRNPvKQB.rtbz;DTZ;7;7-DTZ;ca09e5cfb48a1a320da2a963856b57dc;dtz7.txt
KRNPvKQN.rtbz;DTZ;7;7-DTZ;1514ead8b401c03841a2390379dfbcc2;dtz7.txt
KRNPvKQP.rtbz;DTZ;7;7-DTZ;b3d158757aa89240c03686a071f770fb;dtz7.txt
KRNPvKQQ.rtbz;DTZ;7;7-DTZ;5e52655ab3d33c6f541070821d992fe5;dtz7.txt
KRNPvKQR.rtbz;DTZ;7;7-DTZ;961a2b29e0d3b54e70e6df333b662f09;dtz7.txt
KRNPvKRB.rtbz;DTZ;7;7-DTZ;32d3706bbf6123321a4231fc6f302315;dtz7.txt
KRNPvKRN.rtbz;DTZ;7;7-DTZ;adab6cbf3a71e4913c7437b7ad99ab2f;dtz7.txt
KRNPvKRP.rtbz;DTZ;7;7-DTZ;c7d82e449382fe4e03ce06d2d7f899b9;dtz7.txt
KRNPvKRR.rtbz;DTZ;7;7-DTZ;c2d37500a51e2037844868116ceffd8a;dtz7.txt
KRPPvKBB.rtbz;DTZ;7;7-DTZ;e9694d62870c4522bc4edddc027f5dcb;dtz7.txt
KRPPvKBN.rtbz;DTZ;7;7-DTZ;490bdb1ebf6d18b12ff8fb12b74bc278;dtz7.txt
KRPPvKBP.rtbz;DTZ;7;7-DTZ;392daa7a957e051d6108c7e1b843a25f;dtz7.txt
KRPPvKNN.rtbz;DTZ;7;7-DTZ;efe3fdbd63dbef1e43417535a6764b49;dtz7.txt
KRPPvKNP.rtbz;DTZ;7;7-DTZ;e7cc18f6c13fbc52d40414260677557e;dtz7.txt
KRPPvKPP.rtbz;DTZ;7;7-DTZ;38f0a141f6cec5ccb7b2d889da910655;dtz7.txt
KRPPvKQB.rtbz;DTZ;7;7-DTZ;7c40539ca1fe2ad548f1ba21d197a193;dtz7.txt
KRPPvKQN.rtbz;DTZ;7;7-DTZ;b98bab254722e71b81c68f8903f16e3f;dtz7.txt
KRPPvKQP.rtbz;DTZ;7;7-DTZ;b78da204fbf17d25c2b21c305d95dc0b;dtz7.txt
KRPPvKQQ.rtbz;DTZ;7;7-DTZ;5292dbc08164d8f27c250ef268e009ae;dtz7.txt
KRPPvKQR.rtbz;DTZ;7;7-DTZ;50808c0c2c34a3966e69e7d9095f94b0;dtz7.txt
KRPPvKRB.rtbz;DTZ;7;7-DTZ;480679b82bec88b7af5c4acb3e4cdbc6;dtz7.txt
KRPPvKRN.rtbz;DTZ;7;7-DTZ;e978dbb71b48a427df68ec6ad28efd38;dtz7.txt
KRPPvKRP.rtbz;DTZ;7;7-DTZ;437202748600c3e4cbf931cd604a7083;dtz7.txt
KRPPvKRR.rtbz;DTZ;7;7-DTZ;caac4a22eb27736eff127172f4f52524;dtz7.txt
KRRBvKBP.rtbz;DTZ;7;7-DTZ;ee83f8df4331c6c5cef8c440d407763e;dtz7.txt
KRRBvKNP.rtbz;DTZ;7;7-DTZ;ef86a0f9c8b94a7f66bbfaebbc8f57b0;dtz7.txt
KRRBvKPP.rtbz;DTZ;7;7-DTZ;91c6ae8fe3ba2988a82a641aafb95970;dtz7.txt
KRRBvKQP.rtbz;DTZ;7;7-DTZ;4e254b956b60636dc15adeb60165f312;dtz7.txt
KRRBvKRP.rtbz;DTZ;7;7-DTZ;7164c6615499ad4bd79d6b06650eb6da;dtz7.txt
KRRNvKBP.rtbz;DTZ;7;7-DTZ;71fe7f1486d4e92c9652bdc7ff60da74;dtz7.txt
KRRNvKNP.rtbz;DTZ;7;7-DTZ;fd0033c595fdc205b1c64237ecdef6da;dtz7.txt
KRRNvKPP.rtbz;DTZ;7;7-DTZ;b3775d83e36ab4266297ea6e2851c19e;dtz7.txt
KRRNvKQP.rtbz;DTZ;7;7-DTZ;62f2c22e7ca381878e660c470abcedff;dtz7.txt
KRRNvKRP.rtbz;DTZ;7;7-DTZ;038687afd557bf20f398d17205e02da2;dtz7.txt
KRRPvKBB.rtbz;DTZ;7;7-DTZ;ebfa86550ddab6a9dd1379bf51f6f81f;dtz7.txt
KRRPvKBN.rtbz;DTZ;7;7-DTZ;4cab1b66f8fe44786fc057a0a0736339;dtz7.txt
KRRPvKBP.rtbz;DTZ;7;7-DTZ;41eb45a4da83a685fd167e7a3d9de044;dtz7.txt
KRRPvKNN.rtbz;DTZ;7;7-DTZ;13d715cdffd84463e067dc1ca2d9bd29;dtz7.txt
KRRPvKNP.rtbz;DTZ;7;7-DTZ;3e2fe6dc603235599058c283f8ed2fc4;dtz7.txt
KRRPvKPP.rtbz;DTZ;7;7-DTZ;b9be9c95a5bd91b221fddaf79fa71404;dtz7.txt
KRRPvKQB.rtbz;DTZ;7;7-DTZ;aa1b0d9493f6f0c92203bfeff1fd2fce;dtz7.txt
KRRPvKQN.rtbz;DTZ;7;7-DTZ;8830f14abc9da98b35b249e513a39dd9;dtz7.txt
KRRPvKQP.rtbz;DTZ;7;7-DTZ;6ff3c8db3de670a260306b4872aae062;dtz7.txt
KRRPvKQQ.rtbz;DTZ;7;7-DTZ;15dca07bc9605a729ef756309bb21d7f;dtz7.txt
KRRPvKQR.rtbz;DTZ;7;7-DTZ;51db2c8e9906ad576c4b9cff9e04f797;dtz7.txt
KRRPvKRB.rtbz;DTZ;7;7-DTZ;5fde322c4c17d26e84bba0a427d40c4b;dtz7.txt
KRRPvKRN.rtbz;DTZ;7;7-DTZ;663c3b2fb5047e53fa97784112a971fd;dtz7.txt
KRRPvKRP.rtbz;DTZ;7;7-DTZ;2aff79eacf7c83e9e89230d27ad63933;dtz7.txt
KRRPvKRR.rtbz;DTZ;7;7-DTZ;16b0f59310efe205488027e8b1fee96c;dtz7.txt
KRRRvKBP.rtbz;DTZ;7;7-DTZ;00ad639176f3626f866e45d93c107721;dtz7.txt
KRRRvKNP.rtbz;DTZ;7;7-DTZ;0fc4b7070504108ba7a6d54f2c63e0db;dtz7.txt
KRRRvKPP.rtbz;DTZ;7;7-DTZ;c0c2de40964f10ef0cef9852d6c33887;dtz7.txt
KRRRvKQP.rtbz;DTZ;7;7-DTZ;2c7207e302784349315d9ca8fc907dec;dtz7.txt
KRRRvKRP.rtbz;DTZ;7;7-DTZ;e9902cb2286d80ffa593504366fefad3;dtz7.txt
KBBBvKBB.rtbz;DTZ;7;7-DTZ;9f7d4126a480b40aa8f9f1640f071d0a;dtz7.txt
KBBBvKBN.rtbz;DTZ;7;7-DTZ;9cb0e0e2ee34301e499ba0818f11f5e6;dtz7.txt
KBBBvKNN.rtbz;DTZ;7;7-DTZ;1676284b92f53d5b7c6c1f62928879a4;dtz7.txt
KBBBvKQB.rtbz;DTZ;7;7-DTZ;e2ab1e0a99af9774b888f90e2c46632f;dtz7.txt
KBBBvKQN.rtbz;DTZ;7;7-DTZ;dd4c8468ecb4d1986100f4afda0ca9b2;dtz7.txt
KBBBvKQQ.rtbz;DTZ;7;7-DTZ;5a11b02a4844262cd691b3dbd5bd745d;dtz7.txt
KBBBvKQR.rtbz;DTZ;7;7-DTZ;5bed3034dda698b7878c141b523f40eb;dtz7.txt
KBBBvKRB.rtbz;DTZ;7;7-DTZ;3abb8d96f3ac5e542ed4ce7660114bf5;dtz7.txt
KBBBvKRN.rtbz;DTZ;7;7-DTZ;d328cdca82d3a9d5f73321726ddc4739;dtz7.txt
KBBBvKRR.rtbz;DTZ;7;7-DTZ;2d91f011af7bfc7134f07321d471e3a9;dtz7.txt
KBBNvKBB.rtbz;DTZ;7;7-DTZ;e2ae24c2abb7450d550d699ee7c7f0a2;dtz7.txt
KBBNvKBN.rtbz;DTZ;7;7-DTZ;24be6b5f2d638e34e2f41bcfc130a22f;dtz7.txt
KBBNvKNN.rtbz;DTZ;7;7-DTZ;8671326fa59ea0895c0a3e38ca92d0ea;dtz7.txt
KBBNvKQB.rtbz;DTZ;7;7-DTZ;8ddeaf789c662ab6566df04df492e18b;dtz7.txt
KBBNvKQN.rtbz;DTZ;7;7-DTZ;0b6339e620636aacc6c877b54b6548c3;dtz7.txt
KBBNvKQQ.rtbz;DTZ;7;7-DTZ;517c1a86393bd8dca48f616231dabddd;dtz7.txt
KBBNvKQR.rtbz;DTZ;7;7-DTZ;4e366f76cdc0ab5b1200aa001e52b1de;dtz7.txt
KBBNvKRB.rtbz;DTZ;7;7-DTZ;91c4dce37a3985ed7fd7cc1d964f7ed0;dtz7.txt
KBBNvKRN.rtbz;DTZ;7;7-DTZ;162c9c68855afc98d52bc0f4cd5bc016;dtz7.txt
KBBNvKRR.rtbz;DTZ;7;7-DTZ;6b69565f58fb884022ddb63ae1d5177b;dtz7.txt
KBNNvKBB.rtbz;DTZ;7;7-DTZ;a59a3b1e8a29f33a9e5489fabea2a2d7;dtz7.txt
KBNNvKBN.rtbz;DTZ;7;7-DTZ;909e9f229d5d23afcaba01ae95197b97;dtz7.txt
KBNNvKNN.rtbz;DTZ;7;7-DTZ;85fe36f1f3927deb0059715d68e2c2fc;dtz7.txt
KBNNvKQB.rtbz;DTZ;7;7-DTZ;4e5caf8e362191e96083eaaf6004dc1d;dtz7.txt
KBNNvKQN.rtbz;DTZ;7;7-DTZ;ec2f096e77cfb5b2bbbe5b1f4e830f86;dtz7.txt
KBNNvKQQ.rtbz;DTZ;7;7-DTZ;4f45cbc6b10352cba3882ecc68e693b6;dtz7.txt
KBNNvKQR.rtbz;DTZ;7;7-DTZ;4b509dd59e4e47eb25de9e209c3e7b95;dtz7.txt
KBNNvKRB.rtbz;DTZ;7;7-DTZ;efa9089070104195f9a33fa14f78cc29;dtz7.txt
KBNNvKRN.rtbz;DTZ;7;7-DTZ;cdf605556b6ce5fc1f2274e43b6b6d53;dtz7.txt
KBNNvKRR.rtbz;DTZ;7;7-DTZ;518316bed64a9991c5fe3eeddd0fdcc3;dtz7.txt
KNNNvKBB.rtbz;DTZ;7;7-DTZ;d299bb603215f00882082194defc630d;dtz7.txt
KNNNvKBN.rtbz;DTZ;7;7-DTZ;fbe7567fc9fe5b6c2c5658c8e82bc86f;dtz7.txt
KNNNvKNN.rtbz;DTZ;7;7-DTZ;2fcc92c58ceea89452ea3f38c500db36;dtz7.txt
KNNNvKQB.rtbz;DTZ;7;7-DTZ;bbcfc66a347cefeb0c37bce4ffb00f2c;dtz7.txt
KNNNvKQN.rtbz;DTZ;7;7-DTZ;6ff38a995d748551e893e59491e9d159;dtz7.txt
KNNNvKQQ.rtbz;DTZ;7;7-DTZ;bd17d107de389f48d094b70da0026c04;dtz7.txt
KNNNvKQR.rtbz;DTZ;7;7-DTZ;7efad0df346bbf25523723c6978f994d;dtz7.txt
KNNNvKRB.rtbz;DTZ;7;7-DTZ;ed26628b3c4450d96037d627ffc2d407;dtz7.txt
KNNNvKRN.rtbz;DTZ;7;7-DTZ;0edeabd5bce696a97ee2e461e724b051;dtz7.txt
KNNNvKRR.rtbz;DTZ;7;7-DTZ;19455aec9095be583a52230f211191d7;dtz7.txt
KQBBvKBB.rtbz;DTZ;7;7-DTZ;f1a7ec3ab4b20fadd3116a9481c90913;dtz7.txt
KQBBvKBN.rtbz;DTZ;7;7-DTZ;4beb3b9bc2171d3af6f5154c2d262405;dtz7.txt
KQBBvKNN.rtbz;DTZ;7;7-DTZ;9bf6ac59c8896d8c8719cd95c7dfcc31;dtz7.txt
KQBBvKQB.rtbz;DTZ;7;7-DTZ;f7d57964499c74276932a15652430694;dtz7.txt
KQBBvKQN.rtbz;DTZ;7;7-DTZ;234caf45398287adca819137a8c9311d;dtz7.txt
KQBBvKQQ.rtbz;DTZ;7;7-DTZ;2644ef27d0660562497078b3fb1bccc5;dtz7.txt
KQBBvKQR.rtbz;DTZ;7;7-DTZ;ff0adecb677adfe01b09008713a9b430;dtz7.txt
KQBBvKRB.rtbz;DTZ;7;7-DTZ;f0761499b287b3228abe1d63813d221a;dtz7.txt
KQBBvKRN.rtbz;DTZ;7;7-DTZ;8c1d95ea8d6c4675d4b9f2bd1279a95a;dtz7.txt
KQBBvKRR.rtbz;DTZ;7;7-DTZ;3b682c905f27e44c64582382e2bfc706;dtz7.txt
KQBNvKBB.rtbz;DTZ;7;7-DTZ;1622d200685391f6e275f32db9ddaff7;dtz7.txt
KQBNvKBN.rtbz;DTZ;7;7-DTZ;0851e398d46e4994dafc3ed713f3eb67;dtz7.txt
KQBNvKNN.rtbz;DTZ;7;7-DTZ;f06b0f576056a4957939e078317543dc;dtz7.txt
KQBNvKQB.rtbz;DTZ;7;7-DTZ;688c20f40e3b77eb222368676bef0018;dtz7.txt
KQBNvKQN.rtbz;DTZ;7;7-DTZ;8dcbaba83ed13a96821d15204579b759;dtz7.txt
KQBNvKQQ.rtbz;DTZ;7;7-DTZ;d0530a93011c174b1ce3d3b1c1ab7cf0;dtz7.txt
KQBNvKQR.rtbz;DTZ;7;7-DTZ;b4ebffd8fdfe14649c1fb2874865b200;dtz7.txt
KQBNvKRB.rtbz;DTZ;7;7-DTZ;eaa29b1127c98878106130dee2aeb4f5;dtz7.txt
KQBNvKRN.rtbz;DTZ;7;7-DTZ;1037ad3c7647603c5aedf48cde5aa88c;dtz7.txt
KQBNvKRR.rtbz;DTZ;7;7-DTZ;55b02c6265dbac945903056f550f55e2;dtz7.txt
KQNNvKBB.rtbz;DTZ;7;7-DTZ;e226b64307bc96be11063bf6919accd6;dtz7.txt
KQNNvKBN.rtbz;DTZ;7;7-DTZ;07e0719ebf037b7fd97533e099e610ea;dtz7.txt
KQNNvKNN.rtbz;DTZ;7;7-DTZ;8e31261e06c94a25670b22529b1c23ef;dtz7.txt
KQNNvKQB.rtbz;DTZ;7;7-DTZ;b1da39668afc710ad65228515618b804;dtz7.txt
KQNNvKQN.rtbz;DTZ;7;7-DTZ;a936341ca93f509ddae69dfc81a7e288;dtz7.txt
KQNNvKQQ.rtbz;DTZ;7;7-DTZ;a01c96508aba08679e49a8fcc1cebfb3;dtz7.txt
KQNNvKQR.rtbz;DTZ;7;7-DTZ;2662112ae1d116e51053aae384826157;dtz7.txt
KQNNvKRB.rtbz;DTZ;7;7-DTZ;d113c79a710c25aa1c103d96c03fedd3;dtz7.txt
KQNNvKRN.rtbz;DTZ;7;7-DTZ;a5af9c90d7f51b9075751de038221e5d;dtz7.txt
KQNNvKRR.rtbz;DTZ;7;7-DTZ;964eefa4aca20ecd3325c3f1654694d4;dtz7.txt
KQQBvKBB.rtbz;DTZ;7;7-DTZ;8de536067d8c6e389584d5413b80a6f2;dtz7.txt
KQQBvKBN.rtbz;DTZ;7;7-DTZ;157a0919cf1da8637964247669a8d039;dtz7.txt
KQQBvKNN.rtbz;DTZ;7;7-DTZ;27f31b37e4397e70ecfc4b63ac1e2c9e;dtz7.txt
KQQBvKQB.rtbz;DTZ;7;7-DTZ;6e27d3e6a549b105c94266ec5a91a36c;dtz7.txt
KQQBvKQN.rtbz;DTZ;7;7-DTZ;1412250c1ead50532583542029a372cd;dtz7.txt
KQQBvKQQ.rtbz;DTZ;7;7-DTZ;64fb343a2af9b2b7602b473b8cd3fdd8;dtz7.txt
KQQBvKQR.rtbz;DTZ;7;7-DTZ;de69367b2ebd1c40ffe45879f7b1a8e5;dtz7.txt
KQQBvKRB.rtbz;DTZ;7;7-DTZ;f2ff4344e6469845e17e34a76ba0055b;dtz7.txt
KQQBvKRN.rtbz;DTZ;7;7-DTZ;213d2a439c91c3cd6c19190de8fd9a39;dtz7.txt
KQQBvKRR.rtbz;DTZ;7;7-DTZ;75374e419535daac7fb1e03a59ce8936;dtz7.txt
KQQNvKBB.rtbz;DTZ;7;7-DTZ;0c6f748c2d471a9afdfc5f4d45b09eab;dtz7.txt
KQQNvKBN.rtbz;DTZ;7;7-DTZ;7b68884ca7992231d19625040987af94;dtz7.txt
KQQNvKNN.rtbz;DTZ;7;7-DTZ;5bf3a9147800ee6b857b0de62ee5a9de;dtz7.txt
KQQNvKQB.rtbz;DTZ;7;7-DTZ;111e8069386bce1209ac1a8c40595b72;dtz7.txt
KQQNvKQN.rtbz;DTZ;7;7-DTZ;f7c8fa057e4ac4c8c4db4b8b414938e0;dtz7.txt
KQQNvKQQ.rtbz;DTZ;7;7-DTZ;2fc668dde796a7b4bdb83b0f627a9525;dtz7.txt
KQQNvKQR.rtbz;DTZ;7;7-DTZ;3d1b3ce6a61a71ee9704b57fb0c5a975;dtz7.txt
KQQNvKRB.rtbz;DTZ;7;7-DTZ;db3c1e39b46c83ecaae008a6bc9ab951;dtz7.txt
KQQNvKRN.rtbz;DTZ;7;7-DTZ;9e6d45f7535e7d547c58721f9af36bab;dtz7.txt
KQQNvKRR.rtbz;DTZ;7;7-DTZ;023c511fbce1b97a8cbaca25ba7b073c;dtz7.txt
KQQQvKBB.rtbz;DTZ;7;7-DTZ;8540c4b7accbf3cfad15f27da059a0cb;dtz7.txt
KQQQvKBN.rtbz;DTZ;7;7-DTZ;d8a8f320a65ea2315efa43a64ce8ea0d;dtz7.txt
KQQQvKNN.rtbz;DTZ;7;7-DTZ;cb2794075a715fa5df7995712ee15eb3;dtz7.txt
KQQQvKQB.rtbz;DTZ;7;7-DTZ;12a79dcb08b5394a0dc168cc149398e4;dtz7.txt
KQQQvKQN.rtbz;DTZ;7;7-DTZ;2405b372ddaf2ca79855346d5d5f55ae;dtz7.txt
KQQQvKQQ.rtbz;DTZ;7;7-DTZ;80d6da76f66c05344a641d293e39a16f;dtz7.txt
KQQQvKQR.rtbz;DTZ;7;7-DTZ;43ab7f664bbb81bfb963c874cb17ce94;dtz7.txt
KQQQvKRB.rtbz;DTZ;7;7-DTZ;9b31fefc0f79f42b0da7ca62c00ee4fb;dtz7.txt
KQQQvKRN.rtbz;DTZ;7;7-DTZ;b4efbb5d4811c7ae1506f24d92cbc448;dtz7.txt
KQQQvKRR.rtbz;DTZ;7;7-DTZ;c7a4f9a5dc95e2403ceea73a0980ba27;dtz7.txt
KQQRvKBB.rtbz;DTZ;7;7-DTZ;61e5e674ba4eb66d30cea742c9575dcb;dtz7.txt
KQQRvKBN.rtbz;DTZ;7;7-DTZ;a812238d9756b2bd4a0d23d8b8605d57;dtz7.txt
KQQRvKNN.rtbz;DTZ;7;7-DTZ;acc5546ca7e3e5081c708af78e07e685;dtz7.txt
KQQRvKQB.rtbz;DTZ;7;7-DTZ;0de272a1ee8e255e8d0f491e0274a651;dtz7.txt
KQQRvKQN.rtbz;DTZ;7;7-DTZ;ae17aacedb9c5894763e2327bdb5d220;dtz7.txt
KQQRvKQQ.rtbz;DTZ;7;7-DTZ;952a6c53f7f552d9047ac2f6a61b0790;dtz7.txt
KQQRvKQR.rtbz;DTZ;7;7-DTZ;a28cb425ef146ddb3532b865f201cbfd;dtz7.txt
KQQRvKRB.rtbz;DTZ;7;7-DTZ;d3bed95f46bf574eae0f98c45a9f4ac1;dtz7.txt
KQQRvKRN.rtbz;DTZ;7;7-DTZ;76bbb04f1505d6dbb06f2c25ad790f6a;dtz7.txt
KQQRvKRR.rtbz;DTZ;7;7-DTZ;ff0389cccc392ddd5ca07473768eac7e;dtz7.txt
KQRBvKBB.rtbz;DTZ;7;7-DTZ;8f48b8fd9b54167a471e8a47eaa887c7;dtz7.txt
KQRBvKBN.rtbz;DTZ;7;7-DTZ;be782b0f64e024b1941b577d0ea129a2;dtz7.txt
KQRBvKNN.rtbz;DTZ;7;7-DTZ;69fd7cfeecaa4b3c8733109dad6319a0;dtz7.txt
KQRBvKQB.rtbz;DTZ;7;7-DTZ;ead066e3a3f2935ce8eebc8d770e4c4b;dtz7.txt
KQRBvKQN.rtbz;DTZ;7;7-DTZ;1a5758f4097d74bb44a22fa0b7c7b94b;dtz7.txt
KQRBvKQQ.rtbz;DTZ;7;7-DTZ;61241d6deed6d6ed5d811da2bd0db5a2;dtz7.txt
KQRBvKQR.rtbz;DTZ;7;7-DTZ;8f51920139132396388fbb986c649a08;dtz7.txt
KQRBvKRB.rtbz;DTZ;7;7-DTZ;482016df97f3029ae72c94452b0303d4;dtz7.txt
KQRBvKRN.rtbz;DTZ;7;7-DTZ;81cdd930629787036ea6576c48dc6760;dtz7.txt
KQRBvKRR.rtbz;DTZ;7;7-DTZ;c1c34d629504a65a0628c0896aa410c6;dtz7.txt
KQRNvKBB.rtbz;DTZ;7;7-DTZ;85134c0c4779bbe273d1e4a0e2a2b8d1;dtz7.txt
KQRNvKBN.rtbz;DTZ;7;7-DTZ;b300aa4aa8f457900474aaec5d7992e9;dtz7.txt
KQRNvKNN.rtbz;DTZ;7;7-DTZ;b34f9ba8340ff2630a31614f40986c26;dtz7.txt
KQRNvKQB.rtbz;DTZ;7;7-DTZ;33df05942be71f5bb0f2d962d1220d90;dtz7.txt
KQRNvKQN.rtbz;DTZ;7;7-DTZ;fea479d86882f10a0a073c583dbd22fe;dtz7.txt
KQRNvKQQ.rtbz;DTZ;7;7-DTZ;cd3999e4ee3cf03e54fc400fe61224e7;dtz7.txt
KQRNvKQR.rtbz;DTZ;7;7-DTZ;f3c4570ff4279c73408764b379e3e999;dtz7.txt
KQRNvKRB.rtbz;DTZ;7;7-DTZ;7d0e4d187f0335f542e6f148c32e1e4e;dtz7.txt
KQRNvKRN.rtbz;DTZ;7;7-DTZ;73a686856209cb8f880ab5830f0e11f5;dtz7.txt
KQRNvKRR.rtbz;DTZ;7;7-DTZ;d242721c2a9e05e40a69db5c9c82214b;dtz7.txt
KQRRvKBB.rtbz;DTZ;7;7-DTZ;d1427396d4c778ee1c3a9b4a5c6e2620;dtz7.txt
KQRRvKBN.rtbz;DTZ;7;7-DTZ;ec4cb63a80ba6ce7841734a45b0f48b6;dtz7.txt
KQRRvKNN.rtbz;DTZ;7;7-DTZ;5c2a0637c40a2864e13740176eb6abd1;dtz7.txt
KQRRvKQB.rtbz;DTZ;7;7-DTZ;7858b172a7d0fb62de3ecc94407e5477;dtz7.txt
KQRRvKQN.rtbz;DTZ;7;7-DTZ;561c9aeaab1db839f974064b5f0b33ae;dtz7.txt
KQRRvKQQ.rtbz;DTZ;7;7-DTZ;21fb02abd6f38282ab881e1f549fcf6a;dtz7.txt
KQRRvKQR.rtbz;DTZ;7;7-DTZ;510c53dc7582bf6835def2930c8979b7;dtz7.txt
KQRRvKRB.rtbz;DTZ;7;7-DTZ;34bd018e91c4ce33ac531c5906ffb617;dtz7.txt
KQRRvKRN.rtbz;DTZ;7;7-DTZ;acee2ff3bf57bbf0dc7487c48a927f1b;dtz7.txt
KQRRvKRR.rtbz;DTZ;7;7-DTZ;aa2ae82403ea8c1cfa9bcd3306a6e08e;dtz7.txt
KRBBvKBB.rtbz;DTZ;7;7-DTZ;6cacdba4982c384f191e6b856051df4b;dtz7.txt
KRBBvKBN.rtbz;DTZ;7;7-DTZ;5f6fab12d5dff237f145432f7b5ac393;dtz7.txt
KRBBvKNN.rtbz;DTZ;7;7-DTZ;d0c19742dc40ce012f6f1850aa11c98b;dtz7.txt
KRBBvKQB.rtbz;DTZ;7;7-DTZ;d24922365cd756af4fd21c02a1a013a3;dtz7.txt
KRBBvKQN.rtbz;DTZ;7;7-DTZ;72777003e6371f204d11ebe743d91409;dtz7.txt
KRBBvKQQ.rtbz;DTZ;7;7-DTZ;4dea2b9a24a25032e40540c91df89e57;dtz7.txt
KRBBvKQR.rtbz;DTZ;7;7-DTZ;7abe16f6600828a768d47d6d98edefd4;dtz7.txt
KRBBvKRB.rtbz;DTZ;7;7-DTZ;80746ef1b423e3144f5b6b160d8c7688;dtz7.txt
KRBBvKRN.rtbz;DTZ;7;7-DTZ;dd108c1bea6a9518237afab2c1c6440a;dtz7.txt
KRBBvKRR.rtbz;DTZ;7;7-DTZ;6a1b7a57b17e4b684f70a5b3375741f8;dtz7.txt
KRBNvKBB.rtbz;DTZ;7;7-DTZ;1fabf8cfcd109d1e5c8911086fc21efc;dtz7.txt
KRBNvKBN.rtbz;DTZ;7;7-DTZ;1374b49d9b05b41eb2e07a9dfb3f17c4;dtz7.txt
KRBNvKNN.rtbz;DTZ;7;7-DTZ;0237e102d34e894d841cb777f3d7ef59;dtz7.txt
KRBNvKQB.rtbz;DTZ;7;7-DTZ;d6ff155414e36313ba3de140e2d3b5d0;dtz7.txt
KRBNvKQN.rtbz;DTZ;7;7-DTZ;da5897e3daba811c7bcf500bca0417a5;dtz7.txt
KRBNvKQQ.rtbz;DTZ;7;7-DTZ;7fd889ca6361e3470a7a21f44c83fdd6;dtz7.txt
KRBNvKQR.rtbz;DTZ;7;7-DTZ;7ecbb6b50bc237087e9c69665f2ea4cf;dtz7.txt
KRBNvKRB.rtbz;DTZ;7;7-DTZ;f03e45d7655fe1fe030400a2463aaeb0;dtz7.txt
KRBNvKRN.rtbz;DTZ;7;7-DTZ;5b94c7d91d7e04fa4c89fc455f972f5b;dtz7.txt
KRBNvKRR.rtbz;DTZ;7;7-DTZ;d7b594516aff516876b93a64be76a917;dtz7.txt
KRNNvKBB.rtbz;DTZ;7;7-DTZ;2207bb9440638648be5af6de6fafd654;dtz7.txt
KRNNvKBN.rtbz;DTZ;7;7-DTZ;15dd405f8e5d28f4d6aaedd415e05dec;dtz7.txt
KRNNvKNN.rtbz;DTZ;7;7-DTZ;8c1fc928d4ab81f47a6e92793f4e9382;dtz7.txt
KRNNvKQB.rtbz;DTZ;7;7-DTZ;3ec4d66b2e345d1fb2271b52e5d4422b;dtz7.txt
KRNNvKQN.rtbz;DTZ;7;7-DTZ;265cca36ee8fdea815e689ce511537a9;dtz7.txt
KRNNvKQQ.rtbz;DTZ;7;7-DTZ;d11ddb9cdbb8ac5ae0a2bbdad805196f;dtz7.txt
KRNNvKQR.rtbz;DTZ;7;7-DTZ;182784e7b18ccba235db95d49aa4ac93;dtz7.txt
KRNNvKRB.rtbz;DTZ;7;7-DTZ;c226d9d1012a687dd7e7651d10aa33fa;dtz7.txt
KRNNvKRN.rtbz;DTZ;7;7-DTZ;bf68ae0851ddc97b84f20f405e039182;dtz7.txt
KRNNvKRR.rtbz;DTZ;7;7-DTZ;30348f71c8028c382e7e4b5d85dcaa10;dtz7.txt
KRRBvKBB.rtbz;DTZ;7;7-DTZ;dc3d42b9a48a7b68e1cc7d2a80f5a49e;dtz7.txt
KRRBvKBN.rtbz;DTZ;7;7-DTZ;29a7d6ad145504b8eb8b6a88ee071d07;dtz7.txt
KRRBvKNN.rtbz;DTZ;7;7-DTZ;540d13679d7e03f6cc6ec2231c48fbb5;dtz7.txt
KRRBvKQB.rtbz;DTZ;7;7-DTZ;830bdc788eda5a8015c292f989d6543c;dtz7.txt
KRRBvKQN.rtbz;DTZ;7;7-DTZ;efcf825836f131bf6382031f019a975d;dtz7.txt
KRRBvKQQ.rtbz;DTZ;7;7-DTZ;4f09f1fed8bb2be61c68e0fea0bcea27;dtz7.txt
KRRBvKQR.rtbz;DTZ;7;7-DTZ;ae3a3d0dd4ba8ded54c43280de4998eb;dtz7.txt
KRRBvKRB.rtbz;DTZ;7;7-DTZ;d3b1b26dc64e5f23314e502df1478c49;dtz7.txt
KRRBvKRN.rtbz;DTZ;7;7-DTZ;400db00ec7e8b8b727d1276e54778fe2;dtz7.txt
KRRBvKRR.rtbz;DTZ;7;7-DTZ;32238c736e41a0df1cab23ee66fa0499;dtz7.txt
KRRNvKBB.rtbz;DTZ;7;7-DTZ;41c3b9a7967c20deebaf90a052699f79;dtz7.txt
KRRNvKBN.rtbz;DTZ;7;7-DTZ;ce3c1a658f7e05aca61313649821f24a;dtz7.txt
KRRNvKNN.rtbz;DTZ;7;7-DTZ;90c9656efd4b83816ac4b4accddd00fd;dtz7.txt
KRRNvKQB.rtbz;DTZ;7;7-DTZ;e349c50a70446e574d74ed628193f70f;dtz7.txt
KRRNvKQN.rtbz;DTZ;7;7-DTZ;210136024ca31fa26adaa1410420274c;dtz7.txt
KRRNvKQQ.rtbz;DTZ;7;7-DTZ;ff8d0b7b852551b23a11c6a7921fda76;dtz7.txt
KRRNvKQR.rtbz;DTZ;7;7-DTZ;d68669c11a6e34398d63bb3be97a3887;dtz7.txt
KRRNvKRB.rtbz;DTZ;7;7-DTZ;0ba8f23649e1ecdaf6f3d55ee1560b3d;dtz7.txt
KRRNvKRN.rtbz;DTZ;7;7-DTZ;e3bd1e7b517e8617d9a5247fc0966f26;dtz7.txt
KRRNvKRR.rtbz;DTZ;7;7-DTZ;8fff86d7300e2ca7c6c7ca05d6a7a816;dtz7.txt
KRRRvKBB.rtbz;DTZ;7;7-DTZ;a5998b2c6ea96a3b3c1ce034109a5945;dtz7.txt
KRRRvKBN.rtbz;DTZ;7;7-DTZ;e0d945237266aa92b6b504a566ea0aec;dtz7.txt
KRRRvKNN.rtbz;DTZ;7;7-DTZ;bddb102dc190a53eb60f7927a7bbb220;dtz7.txt
KRRRvKQB.rtbz;DTZ;7;7-DTZ;7ce39d7bf7cbe0b75317235d834453bf;dtz7.txt
KRRRvKQN.rtbz;DTZ;7;7-DTZ;c611e1a2fec45dabf713fbdea106c461;dtz7.txt
KRRRvKQQ.rtbz;DTZ;7;7-DTZ;ef869f91fa87b4544a6f0ad470acf9e0;dtz7.txt
KRRRvKQR.rtbz;DTZ;7;7-DTZ;8e088fa67ef4ce96d8183cadfe397084;dtz7.txt
KRRRvKRB.rtbz;DTZ;7;7-DTZ;08e2256f79c652c2d88b0fbc39e46294;dtz7.txt
KRRRvKRN.rtbz;DTZ;7;7-DTZ;11f7b65bee29122083128ec58a8e888a;dtz7.txt
KRRRvKRR.rtbz;DTZ;7;7-DTZ;47ed1341b233352cfb1a0ddf3d0d832f;dtz7.txt
KBBBBvKP.rtbz;DTZ;7;7-DTZ;4c687014b2f67f6530636adf8a5aa0a6;dtz7.txt
KBBBNvKP.rtbz;DTZ;7;7-DTZ;9ef16e9c2edf0a6c809a7ee7fcb9b811;dtz7.txt
KBBBPvKB.rtbz;DTZ;7;7-DTZ;005750e0c1d178e81bfd196da45666d1;dtz7.txt
KBBBPvKN.rtbz;DTZ;7;7-DTZ;c6ae3a3fd935459969c8dc105307ad20;dtz7.txt
KBBBPvKP.rtbz;DTZ;7;7-DTZ;e152eae43327fa13515a266eef659989;dtz7.txt
KBBBPvKQ.rtbz;DTZ;7;7-DTZ;9e0bdc7dfea0a34257e4d15766ce7543;dtz7.txt
KBBBPvKR.rtbz;DTZ;7;7-DTZ;93fc3cd94d28b0e541038027aa24258f;dtz7.txt
KBBNNvKP.rtbz;DTZ;7;7-DTZ;9c103bc2260c681964146f39ae9f06e0;dtz7.txt
KBBNPvKB.rtbz;DTZ;7;7-DTZ;bf0cd883ca138aabe6a01e54b313b5c1;dtz7.txt
KBBNPvKN.rtbz;DTZ;7;7-DTZ;a058bc2e17ece388c9a7f69ae8a831b3;dtz7.txt
KBBNPvKP.rtbz;DTZ;7;7-DTZ;256cbf26c0cbce8db4e3b00879cfd586;dtz7.txt
KBBNPvKQ.rtbz;DTZ;7;7-DTZ;1d120a2cee1010ddbb86809525428770;dtz7.txt
KBBNPvKR.rtbz;DTZ;7;7-DTZ;a356f0287dd2c0d3111dd348338b7d83;dtz7.txt
KBBPPvKB.rtbz;DTZ;7;7-DTZ;25764595233d84d2ee5477458dcf5366;dtz7.txt
KBBPPvKN.rtbz;DTZ;7;7-DTZ;cd947519b6e22c7c5f1659d80cc223a6;dtz7.txt
KBBPPvKP.rtbz;DTZ;7;7-DTZ;10615cf8ec54b4e358e23d83646300e3;dtz7.txt
KBBPPvKQ.rtbz;DTZ;7;7-DTZ;442de30e9bd9c32073f3b9d1c8530eec;dtz7.txt
KBBPPvKR.rtbz;DTZ;7;7-DTZ;978c6493c88c062a4e88284f556c50f2;dtz7.txt
KBNNNvKP.rtbz;DTZ;7;7-DTZ;4047aac5af5021927b951356bfc80308;dtz7.txt
KBNNPvKB.rtbz;DTZ;7;7-DTZ;0e1b722effe53fdd41b33bb871eb9a71;dtz7.txt
KBNNPvKN.rtbz;DTZ;7;7-DTZ;02ff0588d10b4ab95c7ff840bb553acc;dtz7.txt
KBNNPvKP.rtbz;DTZ;7;7-DTZ;73cff65d1d0467dc97e3c3780eba6082;dtz7.txt
KBNNPvKQ.rtbz;DTZ;7;7-DTZ;1d3311f3d1aa8043bcdbd0662a027204;dtz7.txt
KBNNPvKR.rtbz;DTZ;7;7-DTZ;aeb49d1ba2884a42c3449e63972e1f8a;dtz7.txt
KBNPPvKB.rtbz;DTZ;7;7-DTZ;5e9ad970723e5c2b97466488a193081d;dtz7.txt
KBNPPvKN.rtbz;DTZ;7;7-DTZ;a5f601424e950c210f78078e443b9de2;dtz7.txt
KBNPPvKP.rtbz;DTZ;7;7-DTZ;7a2c1ba142f1cc0f63c922de33d65663;dtz7.txt
KBNPPvKQ.rtbz;DTZ;7;7-DTZ;40b073e85d780d77c64435314561bcf6;dtz7.txt
KBNPPvKR.rtbz;DTZ;7;7-DTZ;04e434169ae20c024842f8f42b4e7250;dtz7.txt
KBPPPvKB.rtbz;DTZ;7;7-DTZ;9d008006d145351810898ff9fad83bf5;dtz7.txt
KBPPPvKN.rtbz;DTZ;7;7-DTZ;9167be7334cd758c36138285352d41ea;dtz7.txt
KBPPPvKP.rtbz;DTZ;7;7-DTZ;e570e1e05ff06b439357865cd5735cbe;dtz7.txt
KBPPPvKQ.rtbz;DTZ;7;7-DTZ;dcb82316b95717ac20bb8294cac1160e;dtz7.txt
KBPPPvKR.rtbz;DTZ;7;7-DTZ;8f47540f1bd95fda939b61478d85cb5c;dtz7.txt
KNNNNvKP.rtbz;DTZ;7;7-DTZ;da6a1f34d33a98e599c992f733183f23;dtz7.txt
KNNNPvKB.rtbz;DTZ;7;7-DTZ;f2c50ba47fda33e2313452aba483e581;dtz7.txt
KNNNPvKN.rtbz;DTZ;7;7-DTZ;36679c095f7029843e7916628b9d7955;dtz7.txt
KNNNPvKP.rtbz;DTZ;7;7-DTZ;e8e2396f8597a1bd379977590027a29a;dtz7.txt
KNNNPvKQ.rtbz;DTZ;7;7-DTZ;41b7c533b1e4702f10e0b1419fe3bf03;dtz7.txt
KNNNPvKR.rtbz;DTZ;7;7-DTZ;86559b8b6c5e8a39d57f34a40e0add36;dtz7.txt
KNNPPvKB.rtbz;DTZ;7;7-DTZ;f6625aed7001cfad23bc2ad11ed68cae;dtz7.txt
KNNPPvKN.rtbz;DTZ;7;7-DTZ;25d114f5bac71d83712e7db8b5df4ace;dtz7.txt
KNNPPvKP.rtbz;DTZ;7;7-DTZ;7e1a022d07dd590345bdaf2a9f2caebc;dtz7.txt
KNNPPvKQ.rtbz;DTZ;7;7-DTZ;e6f9ca176c2b80702002fa6ecfe95956;dtz7.txt
KNNPPvKR.rtbz;DTZ;7;7-DTZ;10dfccaae15fe66444b7fa1a42471d35;dtz7.txt
KNPPPvKB.rtbz;DTZ;7;7-DTZ;eec818bcec367f674a130a65ba8768f4;dtz7.txt
KNPPPvKN.rtbz;DTZ;7;7-DTZ;20a74850d5d64995dfa2f3276bebd324;dtz7.txt
KNPPPvKP.rtbz;DTZ;7;7-DTZ;4965ce4207a11b340e7bd099a243628c;dtz7.txt
KNPPPvKQ.rtbz;DTZ;7;7-DTZ;25547d8761f4570b8996efe356098abb;dtz7.txt
KNPPPvKR.rtbz;DTZ;7;7-DTZ;0b3230a6523184938d7237e98b3ab6d6;dtz7.txt
KPPPPvKB.rtbz;DTZ;7;7-DTZ;79f0c900c530bd6f9f979b2dad07d7ab;dtz7.txt
KPPPPvKN.rtbz;DTZ;7;7-DTZ;d0e9d15b070cbcdb1ecc820908c18515;dtz7.txt
KPPPPvKP.rtbz;DTZ;7;7-DTZ;d7ba4e957b55ee8da58ebdb6419ec2f2;dtz7.txt
KPPPPvKQ.rtbz;DTZ;7;7-DTZ;555e81659a72b6564d847ae2376a0f30;dtz7.txt
KPPPPvKR.rtbz;DTZ;7;7-DTZ;10a7911335fc458ed26223e72d9e4cda;dtz7.txt
KQBBBvKP.rtbz;DTZ;7;7-DTZ;857059d3f5db50e8a070040823d4d07a;dtz7.txt
KQBBNvKP.rtbz;DTZ;7;7-DTZ;218a471f644f89e263177c7561f81137;dtz7.txt
KQBBPvKB.rtbz;DTZ;7;7-DTZ;3aadec628586dc34d4ae72bf0834a3cf;dtz7.txt
KQBBPvKN.rtbz;DTZ;7;7-DTZ;ba48cde77f1bb526595b94224fca384c;dtz7.txt
KQBBPvKP.rtbz;DTZ;7;7-DTZ;c8812d5d3ffc77494444a765b98e7782;dtz7.txt
KQBBPvKQ.rtbz;DTZ;7;7-DTZ;daddf281c688ed0172d3df9bcf706475;dtz7.txt
KQBBPvKR.rtbz;DTZ;7;7-DTZ;d61c883823dc44f4fff503a19e8e91c9;dtz7.txt
KQBNNvKP.rtbz;DTZ;7;7-DTZ;34e0c12f48fc3b72ef43915b6ff65302;dtz7.txt
KQBNPvKB.rtbz;DTZ;7;7-DTZ;079e1278db49904353d2a01d70b1eea7;dtz7.txt
KQBNPvKN.rtbz;DTZ;7;7-DTZ;8fb691dec10df46e93b8b06a4019f101;dtz7.txt
KQBNPvKP.rtbz;DTZ;7;7-DTZ;693b1fdd1ca4c282b0fa97a6645b5c17;dtz7.txt
KQBNPvKQ.rtbz;DTZ;7;7-DTZ;207466ea523309e3ea6cc15f624c929d;dtz7.txt
KQBNPvKR.rtbz;DTZ;7;7-DTZ;91c5b3d0dca3c856c92e884badd11121;dtz7.txt
KQBPPvKB.rtbz;DTZ;7;7-DTZ;97b33166d36d7efb1ebac4f390ced20e;dtz7.txt
KQBPPvKN.rtbz;DTZ;7;7-DTZ;45c672f38bd6eac3c0da93616ca32d32;dtz7.txt
KQBPPvKP.rtbz;DTZ;7;7-DTZ;8b29e995f794329aa28385392c11a961;dtz7.txt
KQBPPvKQ.rtbz;DTZ;7;7-DTZ;8eb7a47f2192e8ae798bafbda4e19bd9;dtz7.txt
KQBPPvKR.rtbz;DTZ;7;7-DTZ;173b85dd7c4cbff9c9837e770398007a;dtz7.txt
KQNNNvKP.rtbz;DTZ;7;7-DTZ;39ec8efb3d73591caf65122bf5df9ecd;dtz7.txt
KQNNPvKB.rtbz;DTZ;7;7-DTZ;b61d2b239ce11e97e737d9aafaadb45f;dtz7.txt
KQNNPvKN.rtbz;DTZ;7;7-DTZ;09b37afaa68d659c781960d44ef7e4c5;dtz7.txt
KQNNPvKP.rtbz;DTZ;7;7-DTZ;17038ecf010ffe218771547a65fa0213;dtz7.txt
KQNNPvKQ.rtbz;DTZ;7;7-DTZ;24ec3c622bfe5a41fba64bfe08a39ed5;dtz7.txt
KQNNPvKR.rtbz;DTZ;7;7-DTZ;d2e227b4ab05f3682d47cb26b4810372;dtz7.txt
KQNPPvKB.rtbz;DTZ;7;7-DTZ;1a9d0046f828507b31e6f6039f200815;dtz7.txt
KQNPPvKN.rtbz;DTZ;7;7-DTZ;ebff79f193982d9c273774002ca5176a;dtz7.txt
KQNPPvKP.rtbz;DTZ;7;7-DTZ;c3355970d98951a32d5d0e7eaddc2d74;dtz7.txt
KQNPPvKQ.rtbz;DTZ;7;7-DTZ;1754a034af00853456a49efed10522a8;dtz7.txt
KQNPPvKR.rtbz;DTZ;7;7-DTZ;57702e9b64d27711a8114bc45580d32a;dtz7.txt
KQPPPvKB.rtbz;DTZ;7;7-DTZ;bff3ce84cda7577cbb424325bd7865cb;dtz7.txt
KQPPPvKN.rtbz;DTZ;7;7-DTZ;9e6580814355c4e86b69e88e2ab488c2;dtz7.txt
KQPPPvKP.rtbz;DTZ;7;7-DTZ;36677183b1c4fbdf6ef6727a6bf29db8;dtz7.txt
KQPPPvKQ.rtbz;DTZ;7;7-DTZ;8a81a6021c6402731fde4de79f8e4a53;dtz7.txt
KQPPPvKR.rtbz;DTZ;7;7-DTZ;eea9b0e15fb9d347c3ffc404a33a337c;dtz7.txt
KQQBBvKP.rtbz;DTZ;7;7-DTZ;8e9962d183dd39e298a6314f9b4313c6;dtz7.txt
KQQBNvKP.rtbz;DTZ;7;7-DTZ;e844fd42fb422d271c54c8ffdf63d11e;dtz7.txt
KQQBPvKB.rtbz;DTZ;7;7-DTZ;42c96c0b5b60c77db1eb7d1e8e556c1c;dtz7.txt
KQQBPvKN.rtbz;DTZ;7;7-DTZ;c8567195cb5f1a6b5fca8931c8ac7d7b;dtz7.txt
KQQBPvKP.rtbz;DTZ;7;7-DTZ;11ed7c6c9b39763850f0c27ded4276fd;dtz7.txt
KQQBPvKQ.rtbz;DTZ;7;7-DTZ;3ac582e71ec4cc67e9bc3ef1a1d72ade;dtz7.txt
KQQBPvKR.rtbz;DTZ;7;7-DTZ;460b7d68e8108a70c6aff6ae2a9423c9;dtz7.txt
KQQNNvKP.rtbz;DTZ;7;7-DTZ;dbf2fc7698f9a18fd0eefd724128b7cc;dtz7.txt
KQQNPvKB.rtbz;DTZ;7;7-DTZ;5efee528332d0352518fe59dd617d459;dtz7.txt
KQQNPvKN.rtbz;DTZ;7;7-DTZ;f42baf515cddd947d8d45b52ea864941;dtz7.txt
KQQNPvKP.rtbz;DTZ;7;7-DTZ;ce8da6382bb0fa885718109eb0a63c53;dtz7.txt
KQQNPvKQ.rtbz;DTZ;7;7-DTZ;c3aeefb3054c74e875993aa320a58751;dtz7.txt
KQQNPvKR.rtbz;DTZ;7;7-DTZ;bcb594331b78e51a24621fff750c17c2;dtz7.txt
KQQPPvKB.rtbz;DTZ;7;7-DTZ;883d7586187164fba62c408dba3b9445;dtz7.txt
KQQPPvKN.rtbz;DTZ;7;7-DTZ;a36830b3d0ccd58fc1d17c0f626ca204;dtz7.txt
KQQPPvKP.rtbz;DTZ;7;7-DTZ;b749ae137259ce244fb272ddae15b424;dtz7.txt
KQQPPvKQ.rtbz;DTZ;7;7-DTZ;1a92aa962885cc191b7ee0a67d6c7495;dtz7.txt
KQQPPvKR.rtbz;DTZ;7;7-DTZ;e8d2922507715db8e159134af8f16746;dtz7.txt
KQQQBvKP.rtbz;DTZ;7;7-DTZ;9e8dd6a92db970749ac27b478f58c6d5;dtz7.txt
KQQQNvKP.rtbz;DTZ;7;7-DTZ;23e90bf75d3a787f1f9a1f1de72545ae;dtz7.txt
KQQQPvKB.rtbz;DTZ;7;7-DTZ;edc3a5165daaac49de3b7bc2f9e58f7b;dtz7.txt
KQQQPvKN.rtbz;DTZ;7;7-DTZ;474dbe58aae0660b040054fbd5020526;dtz7.txt
KQQQPvKP.rtbz;DTZ;7;7-DTZ;2d7df0b28ff03c663c968f9b3aa8e12a;dtz7.txt
KQQQPvKQ.rtbz;DTZ;7;7-DTZ;73653ad5b45c4b002be21464f981564b;dtz7.txt
KQQQPvKR.rtbz;DTZ;7;7-DTZ;ee7b89e922114a500a5a32e89662b639;dtz7.txt
KQQQQvKP.rtbz;DTZ;7;7-DTZ;5828a4a095af30f57b00c2048cc8ac7a;dtz7.txt
KQQQRvKP.rtbz;DTZ;7;7-DTZ;f6c8e21af9e9d846ce9baca6e3460659;dtz7.txt
KQQRBvKP.rtbz;DTZ;7;7-DTZ;3d4e2792d9c9955b7d803f6581d01f60;dtz7.txt
KQQRNvKP.rtbz;DTZ;7;7-DTZ;d4a59455ebf167eb76bac0d12b297eb0;dtz7.txt
KQQRPvKB.rtbz;DTZ;7;7-DTZ;d2f2ec2eafd50053223948927324ca73;dtz7.txt
KQQRPvKN.rtbz;DTZ;7;7-DTZ;2d84a7c239fc2bc63eb7c2d4424a0ebe;dtz7.txt
KQQRPvKP.rtbz;DTZ;7;7-DTZ;f242aafab2ca07ee4286e5ef4737c281;dtz7.txt
KQQRPvKQ.rtbz;DTZ;7;7-DTZ;179efded5713996d855bb841be3791f5;dtz7.txt
KQQRPvKR.rtbz;DTZ;7;7-DTZ;7cdfdcf53ebbcd6bc03fb5f6bfad2a26;dtz7.txt
KQQRRvKP.rtbz;DTZ;7;7-DTZ;18b8370546582a352e5c50911637a0b7;dtz7.txt
KQRBBvKP.rtbz;DTZ;7;7-DTZ;d1db9a022444b1893de30f336d0f9946;dtz7.txt
KQRBNvKP.rtbz;DTZ;7;7-DTZ;df966737c26ff028999a5150ebf0f165;dtz7.txt
KQRBPvKB.rtbz;DTZ;7;7-DTZ;c7b7e7642632c9913c53d1e2f2639bbb;dtz7.txt
KQRBPvKN.rtbz;DTZ;7;7-DTZ;4bbd450ac3e476ef50caf9adf6e55a77;dtz7.txt
KQRBPvKP.rtbz;DTZ;7;7-DTZ;d8f614e48b178ae4d2f28b9e9fa8e908;dtz7.txt
KQRBPvKQ.rtbz;DTZ;7;7-DTZ;b7b5bbc55c2c21310f5a4d8d421f0c35;dtz7.txt
KQRBPvKR.rtbz;DTZ;7;7-DTZ;53244d41ccf1e23a2ad19aa99114de81;dtz7.txt
KQRNNvKP.rtbz;DTZ;7;7-DTZ;7c754c9e4300f265f717870b34f0b657;dtz7.txt
KQRNPvKB.rtbz;DTZ;7;7-DTZ;b0f3d3a5e31a2e47477c322dc9b3b27e;dtz7.txt
KQRNPvKN.rtbz;DTZ;7;7-DTZ;384f551164d33252556b3ad56b5497b4;dtz7.txt
KQRNPvKP.rtbz;DTZ;7;7-DTZ;a2d2c5987189adaa55c2a8fae1a76c96;dtz7.txt
KQRNPvKQ.rtbz;DTZ;7;7-DTZ;c7fdf3bb0aa55bba99a41e57ea2eee64;dtz7.txt
KQRNPvKR.rtbz;DTZ;7;7-DTZ;4f79dc61619809e5aff44d89fc2fa640;dtz7.txt
KQRPPvKB.rtbz;DTZ;7;7-DTZ;f51242f959931254871e02d61e4f35ee;dtz7.txt
KQRPPvKN.rtbz;DTZ;7;7-DTZ;4a2c607f4e1a2d52d5414be041a1638f;dtz7.txt
KQRPPvKP.rtbz;DTZ;7;7-DTZ;a8585aec7078b0b0af13db2f7b840411;dtz7.txt
KQRPPvKQ.rtbz;DTZ;7;7-DTZ;6e1cedac27c9f7f10edcbed598890bab;dtz7.txt
KQRPPvKR.rtbz;DTZ;7;7-DTZ;b35392868d8371734bc7a6e838ff0453;dtz7.txt
KQRRBvKP.rtbz;DTZ;7;7-DTZ;9a20a7b8a634a74c1618a01b46aee7b0;dtz7.txt
KQRRNvKP.rtbz;DTZ;7;7-DTZ;d690da0a3461df893ed0828bb0c43e93;dtz7.txt
KQRRPvKB.rtbz;DTZ;7;7-DTZ;7f844e77b93c3b00f10402ac1a131617;dtz7.txt
KQRRPvKN.rtbz;DTZ;7;7-DTZ;29840b339edab9bffea1b7b922d61df6;dtz7.txt
KQRRPvKP.rtbz;DTZ;7;7-DTZ;ebc55fcfcfdd748a7a6413cd3364518d;dtz7.txt
KQRRPvKQ.rtbz;DTZ;7;7-DTZ;fa74f66dd32561358ce5a18ae20d93b8;dtz7.txt
KQRRPvKR.rtbz;DTZ;7;7-DTZ;f4fe0374d222d5e19413e9c395784cab;dtz7.txt
KQRRRvKP.rtbz;DTZ;7;7-DTZ;bc5fd7386709b5f92f41f1c79a7cd177;dtz7.txt
KRBBBvKP.rtbz;DTZ;7;7-DTZ;b756f524794187fa14339ba07d51d282;dtz7.txt
KRBBNvKP.rtbz;DTZ;7;7-DTZ;23f1fd161dfc9bc6e364e11ddd1419b0;dtz7.txt
KRBBPvKB.rtbz;DTZ;7;7-DTZ;5a458c4c4d7602400e9aae287f2158a8;dtz7.txt
KRBBPvKN.rtbz;DTZ;7;7-DTZ;218a19b619f8b2a9f1b89b135de73bf4;dtz7.txt
KRBBPvKP.rtbz;DTZ;7;7-DTZ;cb76c475f9729bb08a8af5fa3db98e46;dtz7.txt
KRBBPvKQ.rtbz;DTZ;7;7-DTZ;71865a29ab6a004ed812c1839cb614c5;dtz7.txt
KRBBPvKR.rtbz;DTZ;7;7-DTZ;c18ddc6525e944169c8e5fe0f5c352dc;dtz7.txt
KRBNNvKP.rtbz;DTZ;7;7-DTZ;58a213fa5eeee9bc3d4a86ca4f6ae963;dtz7.txt
KRBNPvKB.rtbz;DTZ;7;7-DTZ;8a7ba1bc8c9cb9d138467c4b1eb88404;dtz7.txt
KRBNPvKN.rtbz;DTZ;7;7-DTZ;3db9853fc70874a77b411e38419dd64e;dtz7.txt
KRBNPvKP.rtbz;DTZ;7;7-DTZ;63a931f6c825d1c8fd7f82b6db81b7e6;dtz7.txt
KRBNPvKQ.rtbz;DTZ;7;7-DTZ;253819fc039e7928636a3f33fac85fa0;dtz7.txt
KRBNPvKR.rtbz;DTZ;7;7-DTZ;30c02582a0ce6713bbb005eddfb5c8b3;dtz7.txt
KRBPPvKB.rtbz;DTZ;7;7-DTZ;1adebd656d1473af8182e77e2ecb08d7;dtz7.txt
KRBPPvKN.rtbz;DTZ;7;7-DTZ;ef3e80bd8e435c898496be764a73d20e;dtz7.txt
KRBPPvKP.rtbz;DTZ;7;7-DTZ;aa384e00bb17c71f1c680982fceb1997;dtz7.txt
KRBPPvKQ.rtbz;DTZ;7;7-DTZ;03db1dc7c26afd565a0efa7455e163da;dtz7.txt
KRBPPvKR.rtbz;DTZ;7;7-DTZ;3d36419766cf51c91122c30e932f76c2;dtz7.txt
KRNNNvKP.rtbz;DTZ;7;7-DTZ;6c2298792a950340557db0a914fceedb;dtz7.txt
KRNNPvKB.rtbz;DTZ;7;7-DTZ;d8ef0926418a32fc949c9ed454ceae64;dtz7.txt
KRNNPvKN.rtbz;DTZ;7;7-DTZ;7371045cf076b82b6e1e18591dd4aab8;dtz7.txt
KRNNPvKP.rtbz;DTZ;7;7-DTZ;1fa14567e51ee162923c23951375df5a;dtz7.txt
KRNNPvKQ.rtbz;DTZ;7;7-DTZ;b10834d25929c5c880e13a7b872d93cc;dtz7.txt
KRNNPvKR.rtbz;DTZ;7;7-DTZ;f656fd78a88fd6a4ae4833dd77bb26a6;dtz7.txt
KRNPPvKB.rtbz;DTZ;7;7-DTZ;f88965372b9997a21fa42648aee567a8;dtz7.txt
KRNPPvKN.rtbz;DTZ;7;7-DTZ;7b1089eb2bb203e16136fc5f4de76bce;dtz7.txt
KRNPPvKP.rtbz;DTZ;7;7-DTZ;251bd08274cb79df4a5397a298b3ef14;dtz7.txt
KRNPPvKQ.rtbz;DTZ;7;7-DTZ;ddd923e59826cafed85c22ef284fdaa0;dtz7.txt
KRNPPvKR.rtbz;DTZ;7;7-DTZ;5ebe2cb40108cb909232436b74666925;dtz7.txt
KRPPPvKB.rtbz;DTZ;7;7-DTZ;88504de9c7c1d2255501fde733b5ff45;dtz7.txt
KRPPPvKN.rtbz;DTZ;7;7-DTZ;88c86369ce8bd02fd2ac497f2852f6ac;dtz7.txt
KRPPPvKP.rtbz;DTZ;7;7-DTZ;70219d73c42ec288638a3e0dab08ed2d;dtz7.txt
KRPPPvKQ.rtbz;DTZ;7;7-DTZ;3c3952544b539c93e641bad75f1d81d8;dtz7.txt
KRPPPvKR.rtbz;DTZ;7;7-DTZ;568bcc8d7a754ba1a7fd243574106fb3;dtz7.txt
KRRBBvKP.rtbz;DTZ;7;7-DTZ;fcdec0ec09b29f8564303907cb3230ef;dtz7.txt
KRRBNvKP.rtbz;DTZ;7;7-DTZ;866d32022c47028697a5084f0058a24e;dtz7.txt
KRRBPvKB.rtbz;DTZ;7;7-DTZ;318a86275c0695cb88b319e0955b77a5;dtz7.txt
KRRBPvKN.rtbz;DTZ;7;7-DTZ;63e1881351dd4bddd7ad154a52f6d562;dtz7.txt
KRRBPvKP.rtbz;DTZ;7;7-DTZ;e40859ac20dd30b86a8cce4c92ad16b1;dtz7.txt
KRRBPvKQ.rtbz;DTZ;7;7-DTZ;af7d1ddb4db6c99cd285c673c694f624;dtz7.txt
KRRBPvKR.rtbz;DTZ;7;7-DTZ;cc75ef923e0e70a6d136f53bbb7a33b6;dtz7.txt
KRRNNvKP.rtbz;DTZ;7;7-DTZ;c81183df4548755795d6037de1aabfa3;dtz7.txt
KRRNPvKB.rtbz;DTZ;7;7-DTZ;0b0594500ddcb817efa93dddb7105c63;dtz7.txt
KRRNPvKN.rtbz;DTZ;7;7-DTZ;ba7ac4ad0bf2bdff7f998d92f7bfd86a;dtz7.txt
KRRNPvKP.rtbz;DTZ;7;7-DTZ;81628737bda0ac82a02671a57c9fbe46;dtz7.txt
KRRNPvKQ.rtbz;DTZ;7;7-DTZ;f6e38a814a6c18957a6b04dbc9c4dde2;dtz7.txt
KRRNPvKR.rtbz;DTZ;7;7-DTZ;85a85fc36d1ef53c03a328a292cf75ad;dtz7.txt
KRRPPvKB.rtbz;DTZ;7;7-DTZ;d9a7186cb6482979ab614b5de4ae23cb;dtz7.txt
KRRPPvKN.rtbz;DTZ;7;7-DTZ;74e35600874b5699d3cb59042fc8a9e3;dtz7.txt
KRRPPvKP.rtbz;DTZ;7;7-DTZ;ee36248e2057d816bb7b2df0e3c1b867;dtz7.txt
KRRPPvKQ.rtbz;DTZ;7;7-DTZ;55ab974a1892c4ff51adf7ad57dbbd62;dtz7.txt
KRRPPvKR.rtbz;DTZ;7;7-DTZ;3415825b8377fcfa22af6c25473eddf5;dtz7.txt
KRRRBvKP.rtbz;DTZ;7;7-DTZ;ea227877ef96e003ff70cbebbed2e5b0;dtz7.txt
KRRRNvKP.rtbz;DTZ;7;7-DTZ;83b47980c2a5bed45169882e30706703;dtz7.txt
KRRRPvKB.rtbz;DTZ;7;7-DTZ;9b6c4f0085d443d22748ad6414535dbf;dtz7.txt
KRRRPvKN.rtbz;DTZ;7;7-DTZ;8b6f14b46f9b1a09577399776356c4bb;dtz7.txt
KRRRPvKP.rtbz;DTZ;7;7-DTZ;a04420116a14769e868580a4776e7724;dtz7.txt
KRRRPvKQ.rtbz;DTZ;7;7-DTZ;91a2561514540e67b50b9e4366c53f51;dtz7.txt
KRRRPvKR.rtbz;DTZ;7;7-DTZ;56fd232fccff335392a709700b2b8278;dtz7.txt
KRRRRvKP.rtbz;DTZ;7;7-DTZ;d53f5a0b667fbd5880ed60f47bed3729;dtz7.txt
KBBBBvKB.rtbz;DTZ;7;7-DTZ;cecdc2347f44b2ab320425a34aa50b46;dtz7.txt
KBBBBvKN.rtbz;DTZ;7;7-DTZ;e80939d9a0df3f753258016ae68454b7;dtz7.txt
KBBBBvKQ.rtbz;DTZ;7;7-DTZ;34c45095eeb7e59eb70f745c5e648645;dtz7.txt
KBBBBvKR.rtbz;DTZ;7;7-DTZ;3e8d5011be230c2d7962dd633f7798d7;dtz7.txt
KBBBNvKB.rtbz;DTZ;7;7-DTZ;90c76d207b76cf16e583148b765ff2d7;dtz7.txt
KBBBNvKN.rtbz;DTZ;7;7-DTZ;38879ec41c864e9cb760bdc1332f5601;dtz7.txt
KBBBNvKQ.rtbz;DTZ;7;7-DTZ;da9436db7e89cb696fa1f52d9205f117;dtz7.txt
KBBBNvKR.rtbz;DTZ;7;7-DTZ;5955f31f8d073fe556abe4e333b9eb5f;dtz7.txt
KBBNNvKB.rtbz;DTZ;7;7-DTZ;c19e17e25a7df135c8038edd8496f4a7;dtz7.txt
KBBNNvKN.rtbz;DTZ;7;7-DTZ;889b8ac4450706ea5e04e3b7f3fbfe24;dtz7.txt
KBBNNvKQ.rtbz;DTZ;7;7-DTZ;a3b0f14b56c832022cb846a2eb0b987b;dtz7.txt
KBBNNvKR.rtbz;DTZ;7;7-DTZ;4d5c5344a30f22681218869bd2846e79;dtz7.txt
KBNNNvKB.rtbz;DTZ;7;7-DTZ;008d07401202e35bfd49ffe3f03018c1;dtz7.txt
KBNNNvKN.rtbz;DTZ;7;7-DTZ;72cc094e40eff37decfe05eddc4db2ea;dtz7.txt
KBNNNvKQ.rtbz;DTZ;7;7-DTZ;6cc3f7eb9beb723f2f8f7bbbcad06fb8;dtz7.txt
KBNNNvKR.rtbz;DTZ;7;7-DTZ;fb20bdb1f530ca1139012d83e48ee604;dtz7.txt
KNNNNvKB.rtbz;DTZ;7;7-DTZ;680b3c926df1f0a79f5c0e3c871fc7b4;dtz7.txt
KNNNNvKN.rtbz;DTZ;7;7-DTZ;65bebd371e9ab01d6974b9a55d495cc1;dtz7.txt
KNNNNvKQ.rtbz;DTZ;7;7-DTZ;4b0b2f820d6689b6712eb1557fbda50e;dtz7.txt
KNNNNvKR.rtbz;DTZ;7;7-DTZ;389a5787d473754b4d6eb8bfc9390f73;dtz7.txt
KQBBBvKB.rtbz;DTZ;7;7-DTZ;f090b9f0445128a0388ed8498371b70f;dtz7.txt
KQBBBvKN.rtbz;DTZ;7;7-DTZ;3b489ec8e145ac6dbca072ae23fd7cf2;dtz7.txt
KQBBBvKQ.rtbz;DTZ;7;7-DTZ;bcc9fd8d153dd1983be8f5d6b2e16e84;dtz7.txt
KQBBBvKR.rtbz;DTZ;7;7-DTZ;f57bb6b4b3636501e20360a1802095c8;dtz7.txt
KQBBNvKB.rtbz;DTZ;7;7-DTZ;8ad60cca239990f17111d678d3127720;dtz7.txt
KQBBNvKN.rtbz;DTZ;7;7-DTZ;d7d9e03c35e77bd20452cc4b99feec47;dtz7.txt
KQBBNvKQ.rtbz;DTZ;7;7-DTZ;dfa8a7172d0621967bc9153e2479647e;dtz7.txt
KQBBNvKR.rtbz;DTZ;7;7-DTZ;d25b3794ae5f944e9337af8cda71fe63;dtz7.txt
KQBNNvKB.rtbz;DTZ;7;7-DTZ;38ea046d8af8aad00da193bcfa793404;dtz7.txt
KQBNNvKN.rtbz;DTZ;7;7-DTZ;e44e2af0b6955fec38772f44f7506366;dtz7.txt
KQBNNvKQ.rtbz;DTZ;7;7-DTZ;28ad2d3bbe7f72dfc507c1ff26a8eb91;dtz7.txt
KQBNNvKR.rtbz;DTZ;7;7-DTZ;852777ab296363023002e538ee1fe940;dtz7.txt
KQNNNvKB.rtbz;DTZ;7;7-DTZ;d10737b2b5bb6f63aa8d4d6b237d8b95;dtz7.txt
KQNNNvKN.rtbz;DTZ;7;7-DTZ;ff5c282b562df239680bbcaf37d542db;dtz7.txt
KQNNNvKQ.rtbz;DTZ;7;7-DTZ;b3ff6f0c982cc26cdb19510a6b42c1c7;dtz7.txt
KQNNNvKR.rtbz;DTZ;7;7-DTZ;8f996f4b42ccc38356cf64265a651743;dtz7.txt
KQQBBvKB.rtbz;DTZ;7;7-DTZ;755df7eaeab6c7765cbfed368f072096;dtz7.txt
KQQBBvKN.rtbz;DTZ;7;7-DTZ;ae889499b54416de2e378a8aee047a0e;dtz7.txt
KQQBBvKQ.rtbz;DTZ;7;7-DTZ;105124d41a54cfae86269732614f74ee;dtz7.txt
KQQBBvKR.rtbz;DTZ;7;7-DTZ;ade9c7fb30dca7292c98b4ab9d3c1dd9;dtz7.txt
KQQBNvKB.rtbz;DTZ;7;7-DTZ;5fb312856921aa09976730d20f8e6de0;dtz7.txt
KQQBNvKN.rtbz;DTZ;7;7-DTZ;d4fc8e54036bfb24baa0c4f30d3b27e0;dtz7.txt
KQQBNvKQ.rtbz;DTZ;7;7-DTZ;832ca7ef91379b662a9b977c3f9eb0ed;dtz7.txt
KQQBNvKR.rtbz;DTZ;7;7-DTZ;25f299b5f74e662c85ef8c7bf1a14b97;dtz7.txt
KQQNNvKB.rtbz;DTZ;7;7-DTZ;86e64757b2ae4736f647ff081a244d7f;dtz7.txt
KQQNNvKN.rtbz;DTZ;7;7-DTZ;049240fdc4c9c2b9c47c3bf4494cd1e5;dtz7.txt
KQQNNvKQ.rtbz;DTZ;7;7-DTZ;f0e3fbb1dd677d66a908a259038c296b;dtz7.txt
KQQNNvKR.rtbz;DTZ;7;7-DTZ;175d2b59180a095665b5d70fdf453277;dtz7.txt
KQQQBvKB.rtbz;DTZ;7;7-DTZ;afa9bafe5bfdb571e1286f4c21a2fc90;dtz7.txt
KQQQBvKN.rtbz;DTZ;7;7-DTZ;7db47cf76c522c484609e76508b5eb60;dtz7.txt
KQQQBvKQ.rtbz;DTZ;7;7-DTZ;63bbb8d42044c58232318b5df35d7992;dtz7.txt
KQQQBvKR.rtbz;DTZ;7;7-DTZ;41bd9fef8d818acf72d53a08bf1e0518;dtz7.txt
KQQQNvKB.rtbz;DTZ;7;7-DTZ;6abf59f55b0482c3e2f979c28d3ed0cf;dtz7.txt
KQQQNvKN.rtbz;DTZ;7;7-DTZ;c4a51a9544c722d6cd4139e793398fb1;dtz7.txt
KQQQNvKQ.rtbz;DTZ;7;7-DTZ;16b2393cbf8471f8faed8c732eb74439;dtz7.txt
KQQQNvKR.rtbz;DTZ;7;7-DTZ;9fc59fdfc1bcddf4d31d6f300aa9bc5a;dtz7.txt
KQQQQvKB.rtbz;DTZ;7;7-DTZ;3fa3a343411cf8026edc7290e254d30c;dtz7.txt
KQQQQvKN.rtbz;DTZ;7;7-DTZ;14a05bbe43c0513b97557828a7e9c523;dtz7.txt
KQQQQvKQ.rtbz;DTZ;7;7-DTZ;b8d3edbfec7c7890e40e50e22c6bb796;dtz7.txt
KQQQQvKR.rtbz;DTZ;7;7-DTZ;e3a954e9cc5d9dec2c731064d25d80df;dtz7.txt
KQQQRvKB.rtbz;DTZ;7;7-DTZ;234b0ff9c757f89a41627e57e34b34b5;dtz7.txt
KQQQRvKN.rtbz;DTZ;7;7-DTZ;097b348e97912feff681ba8ae098c028;dtz7.txt
KQQQRvKQ.rtbz;DTZ;7;7-DTZ;e240fa218018fdc1c25f65ca2e7ec987;dtz7.txt
KQQQRvKR.rtbz;DTZ;7;7-DTZ;6fbe810cd00479ae637173e4c93df6a4;dtz7.txt
KQQRBvKB.rtbz;DTZ;7;7-DTZ;1d918c6c3825b1164164e81e5232e12b;dtz7.txt
KQQRBvKN.rtbz;DTZ;7;7-DTZ;a3076a2fb15ca036532b8721e654b666;dtz7.txt
KQQRBvKQ.rtbz;DTZ;7;7-DTZ;50eb13f65f4a324d4c47fc3cd1d6e813;dtz7.txt
KQQRBvKR.rtbz;DTZ;7;7-DTZ;85cc0bc531af938bfed17aa8e6c03b75;dtz7.txt
KQQRNvKB.rtbz;DTZ;7;7-DTZ;31664a7d2a82f2867b4375dc480007ad;dtz7.txt
KQQRNvKN.rtbz;DTZ;7;7-DTZ;618469fbf05f2e7b4d57add700a24087;dtz7.txt
KQQRNvKQ.rtbz;DTZ;7;7-DTZ;d13fc630d60df2791a388879db5794e2;dtz7.txt
KQQRNvKR.rtbz;DTZ;7;7-DTZ;e83a64343e73736799ae6442e20a12d3;dtz7.txt
KQQRRvKB.rtbz;DTZ;7;7-DTZ;7ea4c470937433a6a479ef4992abbef3;dtz7.txt
KQQRRvKN.rtbz;DTZ;7;7-DTZ;2a21ae6c30baed42f19b9f84be0bcaf9;dtz7.txt
KQQRRvKQ.rtbz;DTZ;7;7-DTZ;1b0e871baae30a6e0f5d2e880f2adc83;dtz7.txt
KQQRRvKR.rtbz;DTZ;7;7-DTZ;be3fbdd72974ab4044a30f8594a1d407;dtz7.txt
KQRBBvKB.rtbz;DTZ;7;7-DTZ;9fcdc40be0392086bc5479efe747f691;dtz7.txt
KQRBBvKN.rtbz;DTZ;7;7-DTZ;3f0b70b0414dbbaeb99cf29dab4c55d9;dtz7.txt
KQRBBvKQ.rtbz;DTZ;7;7-DTZ;e7072ac3ca91279cf4a8152b202501bc;dtz7.txt
KQRBBvKR.rtbz;DTZ;7;7-DTZ;ef34703cf0e51ad2febcf843f9b06af8;dtz7.txt
KQRBNvKB.rtbz;DTZ;7;7-DTZ;1bfb2c948b1203f92164afee3d6cbcfd;dtz7.txt
KQRBNvKN.rtbz;DTZ;7;7-DTZ;2fcadde840edd35a6ef809ce49759db1;dtz7.txt
KQRBNvKQ.rtbz;DTZ;7;7-DTZ;d97bdd1a980fbf64933bae0c36bcd39f;dtz7.txt
KQRBNvKR.rtbz;DTZ;7;7-DTZ;ccef4d90154d5b443f40e39fce2ffc6d;dtz7.txt
KQRNNvKB.rtbz;DTZ;7;7-DTZ;64144bc7709163f6d6064ea543c00e28;dtz7.txt
KQRNNvKN.rtbz;DTZ;7;7-DTZ;5d161a72f8348f06ea63903dbd20fbfe;dtz7.txt
KQRNNvKQ.rtbz;DTZ;7;7-DTZ;66b60be38c98dcfef8d1ff12cbf5832a;dtz7.txt
KQRNNvKR.rtbz;DTZ;7;7-DTZ;9e88c16942f4c7911c154bf30d0311f3;dtz7.txt
KQRRBvKB.rtbz;DTZ;7;7-DTZ;a6f0fd415c2589643b96b2e4373f1370;dtz7.txt
KQRRBvKN.rtbz;DTZ;7;7-DTZ;591cdb5c3b2f164427e8bb6d44732c2e;dtz7.txt
KQRRBvKQ.rtbz;DTZ;7;7-DTZ;9a128f5a47fe1f4a6496852179409947;dtz7.txt
KQRRBvKR.rtbz;DTZ;7;7-DTZ;4ea59f284ec9b11a0948e2904bfb1fa1;dtz7.txt
KQRRNvKB.rtbz;DTZ;7;7-DTZ;c9d0a8927bc9432f11725b05ab0e9664;dtz7.txt
KQRRNvKN.rtbz;DTZ;7;7-DTZ;bfa3e5e13a069781b0cc38c2dada3403;dtz7.txt
KQRRNvKQ.rtbz;DTZ;7;7-DTZ;c95a69663423f68bf9147397e862d7db;dtz7.txt
KQRRNvKR.rtbz;DTZ;7;7-DTZ;e29e9d01037c14634e772265c16d30f1;dtz7.txt
KQRRRvKB.rtbz;DTZ;7;7-DTZ;f50db12a614680faaef7ae0c3f34fe4e;dtz7.txt
KQRRRvKN.rtbz;DTZ;7;7-DTZ;1852888824d943d257daf0fa9fa64efe;dtz7.txt
KQRRRvKQ.rtbz;DTZ;7;7-DTZ;c43fe80ae33a1c8138f3feb671e3e4c1;dtz7.txt
KQRRRvKR.rtbz;DTZ;7;7-DTZ;2617e6c3aa84118f859c444bd137c075;dtz7.txt
KRBBBvKB.rtbz;DTZ;7;7-DTZ;52ab3e0bc5402a4258edaf8dd382d18f;dtz7.txt
KRBBBvKN.rtbz;DTZ;7;7-DTZ;75478952fd97682938898f8ab5e22472;dtz7.txt
KRBBBvKQ.rtbz;DTZ;7;7-DTZ;043a5c887ab8e4f0247e095e5afda056;dtz7.txt
KRBBBvKR.rtbz;DTZ;7;7-DTZ;4d0ec53b586ab50fbf503985788b9a34;dtz7.txt
KRBBNvKB.rtbz;DTZ;7;7-DTZ;535cfb7ed05e001ff9c533e094225570;dtz7.txt
KRBBNvKN.rtbz;DTZ;7;7-DTZ;bcf3eacdfda08f3bd184586572a27e1b;dtz7.txt
KRBBNvKQ.rtbz;DTZ;7;7-DTZ;f0d7f89222062469a8bd1918e55472e9;dtz7.txt
KRBBNvKR.rtbz;DTZ;7;7-DTZ;f788d4bbfa35d6294f36340756110070;dtz7.txt
KRBNNvKB.rtbz;DTZ;7;7-DTZ;277f0e6ab49ba8163ab297f9e840743d;dtz7.txt
KRBNNvKN.rtbz;DTZ;7;7-DTZ;37d2fcc884f03d9c0fabfebca23fdef2;dtz7.txt
KRBNNvKQ.rtbz;DTZ;7;7-DTZ;31350c64e19766909227c7b409529c38;dtz7.txt
KRBNNvKR.rtbz;DTZ;7;7-DTZ;a05072c9e4f1430bc3ba4462e0ff1ec5;dtz7.txt
KRNNNvKB.rtbz;DTZ;7;7-DTZ;cba7a5a94196137d7b50b00f73d36a30;dtz7.txt
KRNNNvKN.rtbz;DTZ;7;7-DTZ;b5289dd34af6487389cf612af55eaba0;dtz7.txt
KRNNNvKQ.rtbz;DTZ;7;7-DTZ;b164d8d168d30100082b4a529eadeb57;dtz7.txt
KRNNNvKR.rtbz;DTZ;7;7-DTZ;e0910750fdc90aae784fe633d3ee6ce6;dtz7.txt
KRRBBvKB.rtbz;DTZ;7;7-DTZ;34b5bfb196761e0b2ed3949a4419aa5a;dtz7.txt
KRRBBvKN.rtbz;DTZ;7;7-DTZ;2fe3b546c3a4e177d53aeac02ba1fac7;dtz7.txt
KRRBBvKQ.rtbz;DTZ;7;7-DTZ;30cde27b1d0d7696b7fb8e6062b9cf63;dtz7.txt
KRRBBvKR.rtbz;DTZ;7;7-DTZ;da86309bf4ec15c2f83fc83b6e712677;dtz7.txt
KRRBNvKB.rtbz;DTZ;7;7-DTZ;ac4f656a8bd11d974f401406eb6d79a4;dtz7.txt
KRRBNvKN.rtbz;DTZ;7;7-DTZ;9b59be2b6e6d1ca3c1fd2427ab701403;dtz7.txt
KRRBNvKQ.rtbz;DTZ;7;7-DTZ;058d0894a2cc877c67e4899e5e4a8717;dtz7.txt
KRRBNvKR.rtbz;DTZ;7;7-DTZ;78f817ccaa59229e6bb1046e83b868be;dtz7.txt
KRRNNvKB.rtbz;DTZ;7;7-DTZ;b414815b1e06605fba02c7f04965547b;dtz7.txt
KRRNNvKN.rtbz;DTZ;7;7-DTZ;89df7b0072b11dbe400f6b127a93d17b;dtz7.txt
KRRNNvKQ.rtbz;DTZ;7;7-DTZ;f95ad9bd1c15a048e736af566dd3aba7;dtz7.txt
KRRNNvKR.rtbz;DTZ;7;7-DTZ;a41ca892d3857644365db0a1c5604d24;dtz7.txt
KRRRBvKB.rtbz;DTZ;7;7-DTZ;10c3d386ca9683a6fc6e6d4ea9e21d13;dtz7.txt
KRRRBvKN.rtbz;DTZ;7;7-DTZ;d5ccef59ae3067101333dedb1792dad9;dtz7.txt
KRRRBvKQ.rtbz;DTZ;7;7-DTZ;0c65218342f4e581b29ef93292ab80ef;dtz7.txt
KRRRBvKR.rtbz;DTZ;7;7-DTZ;2790a0c99c433ee532fcec61a3db7623;dtz7.txt
KRRRNvKB.rtbz;DTZ;7;7-DTZ;e37e1a38be1beac369131c8f78866222;dtz7.txt
KRRRNvKN.rtbz;DTZ;7;7-DTZ;66754a6811f71da2bb87a1d905614ae2;dtz7.txt
KRRRNvKQ.rtbz;DTZ;7;7-DTZ;a85117841cfa6262da015b0b47b73efc;dtz7.txt
KRRRNvKR.rtbz;DTZ;7;7-DTZ;9860020f895d770f17c14bdc5b76ad2b;dtz7.txt
KRRRRvKB.rtbz;DTZ;7;7-DTZ;4600ce323eab0edfbc12fbee4d66441e;dtz7.txt
KRRRRvKN.rtbz;DTZ;7;7-DTZ;0193b174802603081b34612c70eeed71;dtz7.txt
KRRRRvKQ.rtbz;DTZ;7;7-DTZ;cd5810e14a7b9ad90ffad9d582eef50f;dtz7.txt
KRRRRvKR.rtbz;DTZ;7;7-DTZ;aa39d87f219fe9098e8210c973db6463;dtz7.txt
KBBBBPvK.rtbz;DTZ;7;7-DTZ;b3506452aa925076bf619a6493fe3967;dtz7.txt
KBBBNPvK.rtbz;DTZ;7;7-DTZ;6ace79eaefb076c534f3641bacd9a141;dtz7.txt
KBBBPPvK.rtbz;DTZ;7;7-DTZ;26c88917bd9145a795c2d40ea079f86c;dtz7.txt
KBBNNPvK.rtbz;DTZ;7;7-DTZ;8e2dc938ecb66ab8f8198325cab2c2be;dtz7.txt
KBBNPPvK.rtbz;DTZ;7;7-DTZ;41742954ccbdf2ab40e88c6403cebc15;dtz7.txt
KBBPPPvK.rtbz;DTZ;7;7-DTZ;4209f878b43d11a150499fa4fecb51c4;dtz7.txt
KBNNNPvK.rtbz;DTZ;7;7-DTZ;48b0779537ee51183c384a632067f15e;dtz7.txt
KBNNPPvK.rtbz;DTZ;7;7-DTZ;571088ab36cd686f3895678e03fc5172;dtz7.txt
KBNPPPvK.rtbz;DTZ;7;7-DTZ;7e1f0e01e8e53a986687d486a0af2aee;dtz7.txt
KBPPPPvK.rtbz;DTZ;7;7-DTZ;b89fe1008b8fd907e05b80cf84d1fa5a;dtz7.txt
KNNNNPvK.rtbz;DTZ;7;7-DTZ;59114df98a4bf2f57bc5ab7e48f7c006;dtz7.txt
KNNNPPvK.rtbz;DTZ;7;7-DTZ;60aaf8a56d2b63970e0b68df9fe88a96;dtz7.txt
KNNPPPvK.rtbz;DTZ;7;7-DTZ;38b987d45c5b6b9294d749fe6b48d1d8;dtz7.txt
KNPPPPvK.rtbz;DTZ;7;7-DTZ;60b7cafe676e738972d0a2220045b477;dtz7.txt
KPPPPPvK.rtbz;DTZ;7;7-DTZ;ee301ce527f3563e6a128c5a25a0a459;dtz7.txt
KQBBBPvK.rtbz;DTZ;7;7-DTZ;cfdb786754444e834117e4083fbe7b12;dtz7.txt
KQBBNPvK.rtbz;DTZ;7;7-DTZ;beb6e150d03d655a125bc1f4521faef2;dtz7.txt
KQBBPPvK.rtbz;DTZ;7;7-DTZ;c52c808c56a78de443485b2d35b9b04d;dtz7.txt
KQBNNPvK.rtbz;DTZ;7;7-DTZ;77730bb845e3d28126a81cc5a18d1d1c;dtz7.txt
KQBNPPvK.rtbz;DTZ;7;7-DTZ;b930f2741539f9f860d5517c27deb38b;dtz7.txt
KQBPPPvK.rtbz;DTZ;7;7-DTZ;58bfcbab0c6b8b23e31410309566cbfd;dtz7.txt
KQNNNPvK.rtbz;DTZ;7;7-DTZ;b59656abeffc3fd1370a9a4185ff61fa;dtz7.txt
KQNNPPvK.rtbz;DTZ;7;7-DTZ;248578fd550998761c0a547c720f11be;dtz7.txt
KQNPPPvK.rtbz;DTZ;7;7-DTZ;082de2446b15d21ef2c4c183052066b3;dtz7.txt
KQPPPPvK.rtbz;DTZ;7;7-DTZ;4f266e561bccfb8d225f2c3b7db5e43c;dtz7.txt
KQQBBPvK.rtbz;DTZ;7;7-DTZ;b90beb4fe1341e362ab34591cae5ccf4;dtz7.txt
KQQBNPvK.rtbz;DTZ;7;7-DTZ;cdf257ed60e6595a95c3ee3355a55756;dtz7.txt
KQQBPPvK.rtbz;DTZ;7;7-DTZ;5f0ba0a465299a8ebb97d57e0c52cc6e;dtz7.txt
KQQNNPvK.rtbz;DTZ;7;7-DTZ;5952da56b08cf661c43d3930d120fc24;dtz7.txt
KQQNPPvK.rtbz;DTZ;7;7-DTZ;5e51f7eebbca724c20d330b64a2b0e3e;dtz7.txt
KQQPPPvK.rtbz;DTZ;7;7-DTZ;7d2e19a2e313bd43557b1da7f56ad17d;dtz7.txt
KQQQBPvK.rtbz;DTZ;7;7-DTZ;5a19df4776b9b4c6db20f4266d6b96ed;dtz7.txt
KQQQNPvK.rtbz;DTZ;7;7-DTZ;6c51b6bb58a9207be2630bc67af2ec97;dtz7.txt
KQQQPPvK.rtbz;DTZ;7;7-DTZ;544bd11e21e53fc2ec2f253d2b147bb7;dtz7.txt
KQQQQPvK.rtbz;DTZ;7;7-DTZ;85d9030419e448260ebd2bc3664051af;dtz7.txt
KQQQRPvK.rtbz;DTZ;7;7-DTZ;1a6ac88cca64b67180991072c2cf8694;dtz7.txt
KQQRBPvK.rtbz;DTZ;7;7-DTZ;3e2494d2417f0fa884caf138b9010489;dtz7.txt
KQQRNPvK.rtbz;DTZ;7;7-DTZ;f69de8eb92aa104b7fa799a29a9dbe3e;dtz7.txt
KQQRPPvK.rtbz;DTZ;7;7-DTZ;e12db9ab2b5b572b822c01975ed0c4f4;dtz7.txt
KQQRRPvK.rtbz;DTZ;7;7-DTZ;b9d01e0e64eef1d2bf917303abc05bd1;dtz7.txt
KQRBBPvK.rtbz;DTZ;7;7-DTZ;589758b41f28873bea388b77db41d216;dtz7.txt
KQRBNPvK.rtbz;DTZ;7;7-DTZ;8cf50d743e5462938f7f9b4e3a2eeef5;dtz7.txt
KQRBPPvK.rtbz;DTZ;7;7-DTZ;8792609a988f7b71fa703ee47d25433f;dtz7.txt
KQRNNPvK.rtbz;DTZ;7;7-DTZ;0dcda0b08a22501d22214f2ba593d2f6;dtz7.txt
KQRNPPvK.rtbz;DTZ;7;7-DTZ;fe61eb0b2548738efc0e66f32fd10abd;dtz7.txt
KQRPPPvK.rtbz;DTZ;7;7-DTZ;6c8b948c97aae3de07396ae6bc6f8489;dtz7.txt
KQRRBPvK.rtbz;DTZ;7;7-DTZ;093619000abe821674688a0a3c2b745c;dtz7.txt
KQRRNPvK.rtbz;DTZ;7;7-DTZ;33d4305ff727f72c9f0ec49fb800f01d;dtz7.txt
KQRRPPvK.rtbz;DTZ;7;7-DTZ;072636ff03155435c024690be6872c5a;dtz7.txt
KQRRRPvK.rtbz;DTZ;7;7-DTZ;838dc995306d8407650f2cb1361d2cc7;dtz7.txt
KRBBBPvK.rtbz;DTZ;7;7-DTZ;e7890821a5b13655a46763f7ae588a75;dtz7.txt
KRBBNPvK.rtbz;DTZ;7;7-DTZ;dbd4eceaeafa785fda4e535508f63e5a;dtz7.txt
KRBBPPvK.rtbz;DTZ;7;7-DTZ;b36f463ea7cdf1130795cd050b8f9979;dtz7.txt
KRBNNPvK.rtbz;DTZ;7;7-DTZ;f9c8cdede90f9c9c5c0acf2962b3479d;dtz7.txt
KRBNPPvK.rtbz;DTZ;7;7-DTZ;b0d24a11026ab49a39d52882399cd2ed;dtz7.txt
KRBPPPvK.rtbz;DTZ;7;7-DTZ;687491742f1beaa0df4110f543997e35;dtz7.txt
KRNNNPvK.rtbz;DTZ;7;7-DTZ;71db5bc81ef5ea58197d4592ce35a0c8;dtz7.txt
KRNNPPvK.rtbz;DTZ;7;7-DTZ;318c2822eeee485c80a9ee53389c93d5;dtz7.txt
KRNPPPvK.rtbz;DTZ;7;7-DTZ;edc820285829f4881cfcfe2cdfc73812;dtz7.txt
KRPPPPvK.rtbz;DTZ;7;7-DTZ;ca690b32cca54b5e85876d5db09d7a4f;dtz7.txt
KRRBBPvK.rtbz;DTZ;7;7-DTZ;a211196dc402952ff0a55ae6e58f6517;dtz7.txt
KRRBNPvK.rtbz;DTZ;7;7-DTZ;ad70a7ad664afc7183c1cb5fb4da1b49;dtz7.txt
KRRBPPvK.rtbz;DTZ;7;7-DTZ;0683b671f325a780c7578d1a59d6b344;dtz7.txt
KRRNNPvK.rtbz;DTZ;7;7-DTZ;59320e84cbe7712989ae2d65d05935c8;dtz7.txt
KRRNPPvK.rtbz;DTZ;7;7-DTZ;a9683e1643a644617cc6f0847f7522dd;dtz7.txt
KRRPPPvK.rtbz;DTZ;7;7-DTZ;b95a1bd2021ae79ff30a532ec5929f4b;dtz7.txt
KRRRBPvK.rtbz;DTZ;7;7-DTZ;e7ee0de8d1d04af7bf16f7aae0241f3f;dtz7.txt
KRRRNPvK.rtbz;DTZ;7;7-DTZ;47044553444214bf3cd2a7cd67985a68;dtz7.txt
KRRRPPvK.rtbz;DTZ;7;7-DTZ;564887317f308acc4430a8ce3785fbd6;dtz7.txt
KRRRRPvK.rtbz;DTZ;7;7-DTZ;746580dcc0cb43d0a6e3bb3ceb47a218;dtz7.txt
KBBBBBvK.rtbz;DTZ;7;7-DTZ;8538076bc8dbe659c253e06c922a8a40;dtz7.txt
KBBBBNvK.rtbz;DTZ;7;7-DTZ;d35433d84214eb4e32b12c311f4e2b7e;dtz7.txt
KBBBNNvK.rtbz;DTZ;7;7-DTZ;3c7f50e9051558c8c587275d295545a8;dtz7.txt
KBBNNNvK.rtbz;DTZ;7;7-DTZ;3a364976b80dc9cc07df5c0b0220c147;dtz7.txt
KBNNNNvK.rtbz;DTZ;7;7-DTZ;c11804218d13a7a242adb358be712e7e;dtz7.txt
KNNNNNvK.rtbz;DTZ;7;7-DTZ;2dc137dbbb27ea506e41f9a6d93c1966;dtz7.txt
KQBBBBvK.rtbz;DTZ;7;7-DTZ;b1d7df757b55024da33803554ee4305d;dtz7.txt
KQBBBNvK.rtbz;DTZ;7;7-DTZ;f63f79d3d855644d83d2dbf6ba643a05;dtz7.txt
KQBBNNvK.rtbz;DTZ;7;7-DTZ;2dd9b132621b9480f18fff803666bae5;dtz7.txt
KQBNNNvK.rtbz;DTZ;7;7-DTZ;19b75ecc10026ff4646120595d9a39fe;dtz7.txt
KQNNNNvK.rtbz;DTZ;7;7-DTZ;a3cfb98d282fe2a5b24e6a10d5b6bbbc;dtz7.txt
KQQBBBvK.rtbz;DTZ;7;7-DTZ;5b66363452ac93176272dd4b77c00a25;dtz7.txt
KQQBBNvK.rtbz;DTZ;7;7-DTZ;6ca729ba0398dfda704285a704943eb5;dtz7.txt
KQQBNNvK.rtbz;DTZ;7;7-DTZ;7b4d960005b974c8bb08f81a22123163;dtz7.txt
KQQNNNvK.rtbz;DTZ;7;7-DTZ;1b00d6a3427fc86a6383f9163f177038;dtz7.txt
KQQQBBvK.rtbz;DTZ;7;7-DTZ;2c62b946148b739cda5ce7322c51a28f;dtz7.txt
KQQQBNvK.rtbz;DTZ;7;7-DTZ;c516c108997f635c759fd703baf01acc;dtz7.txt
KQQQNNvK.rtbz;DTZ;7;7-DTZ;c23456bac9e3dcc05e1de8412e8fcc69;dtz7.txt
KQQQQBvK.rtbz;DTZ;7;7-DTZ;8a289af2bd4236f81183086cd013b6b2;dtz7.txt
KQQQQNvK.rtbz;DTZ;7;7-DTZ;5557097a95da5db8abe5b39256ce3172;dtz7.txt
KQQQQQvK.rtbz;DTZ;7;7-DTZ;4b66cb9bf083873c622baf1d3b6945a9;dtz7.txt
KQQQQRvK.rtbz;DTZ;7;7-DTZ;414aace207e7c717b4de88e95f7ec101;dtz7.txt
KQQQRBvK.rtbz;DTZ;7;7-DTZ;ed1524a0f5bb5c80e708cafa27eeadeb;dtz7.txt
KQQQRNvK.rtbz;DTZ;7;7-DTZ;68f97d670551691e8ed84cb2906a08ad;dtz7.txt
KQQQRRvK.rtbz;DTZ;7;7-DTZ;2923b0e408e041083a79bc4985690c69;dtz7.txt
KQQRBBvK.rtbz;DTZ;7;7-DTZ;c81131e342af61216587c1ed9d085a5b;dtz7.txt
KQQRBNvK.rtbz;DTZ;7;7-DTZ;de83e114c8faf533b8feac37b0864b7d;dtz7.txt
KQQRNNvK.rtbz;DTZ;7;7-DTZ;506494004fc9716b52e1badb4a6c8a55;dtz7.txt
KQQRRBvK.rtbz;DTZ;7;7-DTZ;092fb9723f4b4daa962f7e5a6ba2bc73;dtz7.txt
KQQRRNvK.rtbz;DTZ;7;7-DTZ;3a9e001202a4ed0b21e174803ac0d4ef;dtz7.txt
KQQRRRvK.rtbz;DTZ;7;7-DTZ;d6110377642ca34a427be36179e91f3a;dtz7.txt
KQRBBBvK.rtbz;DTZ;7;7-DTZ;69d54a2e47cdd091727e629f215df3d9;dtz7.txt
KQRBBNvK.rtbz;DTZ;7;7-DTZ;2594c4f7c3b593d6e81e51d720e65f23;dtz7.txt
KQRBNNvK.rtbz;DTZ;7;7-DTZ;c21c55e9bac64331780e7c7589e94b9c;dtz7.txt
KQRNNNvK.rtbz;DTZ;7;7-DTZ;ac6e0d7c90c60a856e71536996359778;dtz7.txt
KQRRBBvK.rtbz;DTZ;7;7-DTZ;55f38b53c94fe67b3b5340d6da08d5a2;dtz7.txt
KQRRBNvK.rtbz;DTZ;7;7-DTZ;46ab94b6172bc0d97c551b3bdc39f5fc;dtz7.txt
KQRRNNvK.rtbz;DTZ;7;7-DTZ;47cb0ec789a358ba559de3ca06fd8a96;dtz7.txt
KQRRRBvK.rtbz;DTZ;7;7-DTZ;ea7d58442bb45aa186f159d177f15f1e;dtz7.txt
KQRRRNvK.rtbz;DTZ;7;7-DTZ;be78a95e8af0e65ad09807cdc1af3f52;dtz7.txt
KQRRRRvK.rtbz;DTZ;7;7-DTZ;c9b25fa18a05f12d613d6819f354d6d1;dtz7.txt
KRBBBBvK.rtbz;DTZ;7;7-DTZ;60e73d8d326b1f38c57b60088db2fdbe;dtz7.txt
KRBBBNvK.rtbz;DTZ;7;7-DTZ;34cc8055e68279f0bc46608fece92d2f;dtz7.txt
KRBBNNvK.rtbz;DTZ;7;7-DTZ;2140d76e01d58e84ef8df8065e7e92fa;dtz7.txt
KRBNNNvK.rtbz;DTZ;7;7-DTZ;03c0562e81d346f6544544e9ada29315;dtz7.txt
KRNNNNvK.rtbz;DTZ;7;7-DTZ;21de8d1e7de97a689a7004e31dc57e9c;dtz7.txt
KRRBBBvK.rtbz;DTZ;7;7-DTZ;48506bd17b3fe20ada7ef3b7eeb6186c;dtz7.txt
KRRBBNvK.rtbz;DTZ;7;7-DTZ;796bccc1ee0eef429e9d7efd1f8aba23;dtz7.txt
KRRBNNvK.rtbz;DTZ;7;7-DTZ;1cd911754876c734bdaa69fae9d04cbf;dtz7.txt
KRRNNNvK.rtbz;DTZ;7;7-DTZ;a94d2afd8b962deeb1212970ff28c328;dtz7.txt
KRRRBBvK.rtbz;DTZ;7;7-DTZ;e60876887885156f1d4f23695214177d;dtz7.txt
KRRRBNvK.rtbz;DTZ;7;7-DTZ;2f7d8ed0a7097a8f0db59b5ed04135ee;dtz7.txt
KRRRNNvK.rtbz;DTZ;7;7-DTZ;94364f40d69ca96ed83f60aa87200176;dtz7.txt
KRRRRBvK.rtbz;DTZ;7;7-DTZ;31578af05c3b3b69ed4a9e55eaee47c5;dtz7.txt
KRRRRNvK.rtbz;DTZ;7;7-DTZ;15d1b07e27170179c2a82dba06381f67;dtz7.txt
KRRRRRvK.rtbz;DTZ;7;7-DTZ;1a64475bab9445b334455de125ac174e;dtz7.txt
