name;expected_folder;actual_folder;status
KBBBvK.rtbw;3-4-5;3-4-5;PRESENT
KBBNvK.rtbw;3-4-5;3-4-5;PRESENT
KBBPvK.rtbw;3-4-5;3-4-5;PRESENT
KBBvKB.rtbw;3-4-5;3-4-5;PRESENT
KBBvKN.rtbw;3-4-5;3-4-5;PRESENT
KBBvKP.rtbw;3-4-5;3-4-5;PRESENT
KBBvKQ.rtbw;3-4-5;3-4-5;PRESENT
KBBvKR.rtbw;3-4-5;3-4-5;PRESENT
KBBvK.rtbw;3-4-5;3-4-5;PRESENT
KBNNvK.rtbw;3-4-5;3-4-5;PRESENT
KBNPvK.rtbw;3-4-5;3-4-5;PRESENT
KBNvKB.rtbw;3-4-5;3-4-5;PRESENT
KBNvKN.rtbw;3-4-5;3-4-5;PRESENT
KBNvKP.rtbw;3-4-5;3-4-5;PRESENT
KBNvKQ.rtbw;3-4-5;3-4-5;PRESENT
KBNvKR.rtbw;3-4-5;3-4-5;PRESENT
KBNvK.rtbw;3-4-5;3-4-5;PRESENT
KBPPvK.rtbw;3-4-5;3-4-5;PRESENT
KBPvKB.rtbw;3-4-5;3-4-5;PRESENT
KBPvKN.rtbw;3-4-5;3-4-5;PRESENT
KBPvKP.rtbw;3-4-5;3-4-5;PRESENT
KBPvKQ.rtbw;3-4-5;3-4-5;PRESENT
KBPvKR.rtbw;3-4-5;3-4-5;PRESENT
KBPvK.rtbw;3-4-5;3-4-5;PRESENT
KBvKB.rtbw;3-4-5;3-4-5;PRESENT
KBvKN.rtbw;3-4-5;3-4-5;PRESENT
KBvKP.rtbw;3-4-5;3-4-5;PRESENT
KBvK.rtbw;3-4-5;3-4-5;PRESENT
KNNNvK.rtbw;3-4-5;3-4-5;PRESENT
KNNPvK.rtbw;3-4-5;3-4-5;PRESENT
KNNvKB.rtbw;3-4-5;3-4-5;PRESENT
KNNvKN.rtbw;3-4-5;3-4-5;PRESENT
KNNvKP.rtbw;3-4-5;3-4-5;PRESENT
KNNvKQ.rtbw;3-4-5;3-4-5;PRESENT
KNNvKR.rtbw;3-4-5;3-4-5;PRESENT
KNNvK.rtbw;3-4-5;3-4-5;PRESENT
KNPPvK.rtbw;3-4-5;3-4-5;PRESENT
KNPvKB.rtbw;3-4-5;3-4-5;PRESENT
KNPvKN.rtbw;3-4-5;3-4-5;PRESENT
KNPvKP.rtbw;3-4-5;3-4-5;PRESENT
KNPvKQ.rtbw;3-4-5;3-4-5;PRESENT
KNPvKR.rtbw;3-4-5;3-4-5;PRESENT
KNPvK.rtbw;3-4-5;3-4-5;PRESENT
KNvKN.rtbw;3-4-5;3-4-5;PRESENT
KNvKP.rtbw;3-4-5;3-4-5;PRESENT
KNvK.rtbw;3-4-5;3-4-5;PRESENT
KPPPvK.rtbw;3-4-5;3-4-5;PRESENT
KPPvKB.rtbw;3-4-5;3-4-5;PRESENT
KPPvKN.rtbw;3-4-5;3-4-5;PRESENT
KPPvKP.rtbw;3-4-5;3-4-5;PRESENT
KPPvKQ.rtbw;3-4-5;3-4-5;PRESENT
KPPvKR.rtbw;3-4-5;3-4-5;PRESENT
KPPvK.rtbw;3-4-5;3-4-5;PRESENT
KPvKP.rtbw;3-4-5;3-4-5;PRESENT
KPvK.rtbw;3-4-5;3-4-5;PRESENT
KQBBvK.rtbw;3-4-5;3-4-5;PRESENT
KQBNvK.rtbw;3-4-5;3-4-5;PRESENT
KQBPvK.rtbw;3-4-5;3-4-5;PRESENT
KQBvKB.rtbw;3-4-5;3-4-5;PRESENT
KQBvKN.rtbw;3-4-5;3-4-5;PRESENT
KQBvKP.rtbw;3-4-5;3-4-5;PRESENT
KQBvKQ.rtbw;3-4-5;3-4-5;PRESENT
KQBvKR.rtbw;3-4-5;3-4-5;PRESENT
KQBvK.rtbw;3-4-5;3-4-5;PRESENT
KQNNvK.rtbw;3-4-5;3-4-5;PRESENT
KQNPvK.rtbw;3-4-5;3-4-5;PRESENT
KQNvKB.rtbw;3-4-5;3-4-5;PRESENT
KQNvKN.rtbw;3-4-5;3-4-5;PRESENT
KQNvKP.rtbw;3-4-5;3-4-5;PRESENT
KQNvKQ.rtbw;3-4-5;3-4-5;PRESENT
KQNvKR.rtbw;3-4-5;3-4-5;PRESENT
KQNvK.rtbw;3-4-5;3-4-5;PRESENT
KQPPvK.rtbw;3-4-5;3-4-5;PRESENT
KQPvKB.rtbw;3-4-5;3-4-5;PRESENT
KQPvKN.rtbw;3-4-5;3-4-5;PRESENT
KQPvKP.rtbw;3-4-5;3-4-5;PRESENT
KQPvKQ.rtbw;3-4-5;3-4-5;PRESENT
KQPvKR.rtbw;3-4-5;3-4-5;PRESENT
KQPvK.rtbw;3-4-5;3-4-5;PRESENT
KQQBvK.rtbw;3-4-5;3-4-5;PRESENT
KQQNvK.rtbw;3-4-5;3-4-5;PRESENT
KQQPvK.rtbw;3-4-5;3-4-5;PRESENT
KQQQvK.rtbw;3-4-5;3-4-5;PRESENT
KQQRvK.rtbw;3-4-5;3-4-5;PRESENT
KQQvKB.rtbw;3-4-5;3-4-5;PRESENT
KQQvKN.rtbw;3-4-5;3-4-5;PRESENT
KQQvKP.rtbw;3-4-5;3-4-5;PRESENT
KQQvKQ.rtbw;3-4-5;3-4-5;PRESENT
KQQvKR.rtbw;3-4-5;3-4-5;PRESENT
KQQvK.rtbw;3-4-5;3-4-5;PRESENT
KQRBvK.rtbw;3-4-5;3-4-5;PRESENT
KQRNvK.rtbw;3-4-5;3-4-5;PRESENT
KQRPvK.rtbw;3-4-5;3-4-5;PRESENT
KQRRvK.rtbw;3-4-5;3-4-5;PRESENT
KQRvKB.rtbw;3-4-5;3-4-5;PRESENT
KQRvKN.rtbw;3-4-5;3-4-5;PRESENT
KQRvKP.rtbw;3-4-5;3-4-5;PRESENT
KQRvKQ.rtbw;3-4-5;3-4-5;PRESENT
KQRvKR.rtbw;3-4-5;3-4-5;PRESENT
KQRvK.rtbw;3-4-5;3-4-5;PRESENT
KQvKB.rtbw;3-4-5;3-4-5;PRESENT
KQvKN.rtbw;3-4-5;3-4-5;PRESENT
KQvKP.rtbw;3-4-5;3-4-5;PRESENT
KQvKQ.rtbw;3-4-5;3-4-5;PRESENT
KQvKR.rtbw;3-4-5;3-4-5;PRESENT
KQvK.rtbw;3-4-5;3-4-5;PRESENT
KRBBvK.rtbw;3-4-5;3-4-5;PRESENT
KRBNvK.rtbw;3-4-5;3-4-5;PRESENT
KRBPvK.rtbw;3-4-5;3-4-5;PRESENT
KRBvKB.rtbw;3-4-5;3-4-5;PRESENT
KRBvKN.rtbw;3-4-5;3-4-5;PRESENT
KRBvKP.rtbw;3-4-5;3-4-5;PRESENT
KRBvKQ.rtbw;3-4-5;3-4-5;PRESENT
KRBvKR.rtbw;3-4-5;3-4-5;PRESENT
KRBvK.rtbw;3-4-5;3-4-5;PRESENT
KRNNvK.rtbw;3-4-5;3-4-5;PRESENT
KRNPvK.rtbw;3-4-5;3-4-5;PRESENT
KRNvKB.rtbw;3-4-5;3-4-5;PRESENT
KRNvKN.rtbw;3-4-5;3-4-5;PRESENT
KRNvKP.rtbw;3-4-5;3-4-5;PRESENT
KRNvKQ.rtbw;3-4-5;3-4-5;PRESENT
KRNvKR.rtbw;3-4-5;3-4-5;PRESENT
KRNvK.rtbw;3-4-5;3-4-5;PRESENT
KRPPvK.rtbw;3-4-5;3-4-5;PRESENT
KRPvKB.rtbw;3-4-5;3-4-5;PRESENT
KRPvKN.rtbw;3-4-5;3-4-5;PRESENT
KRPvKP.rtbw;3-4-5;3-4-5;PRESENT
KRPvKQ.rtbw;3-4-5;3-4-5;PRESENT
KRPvKR.rtbw;3-4-5;3-4-5;PRESENT
KRPvK.rtbw;3-4-5;3-4-5;PRESENT
KRRBvK.rtbw;3-4-5;3-4-5;PRESENT
KRRNvK.rtbw;3-4-5;3-4-5;PRESENT
KRRPvK.rtbw;3-4-5;3-4-5;PRESENT
KRRRvK.rtbw;3-4-5;3-4-5;PRESENT
KRRvKB.rtbw;3-4-5;3-4-5;PRESENT
KRRvKN.rtbw;3-4-5;3-4-5;PRESENT
KRRvKP.rtbw;3-4-5;3-4-5;PRESENT
KRRvKQ.rtbw;3-4-5;3-4-5;PRESENT
KRRvKR.rtbw;3-4-5;3-4-5;PRESENT
KRRvK.rtbw;3-4-5;3-4-5;PRESENT
KRvKB.rtbw;3-4-5;3-4-5;PRESENT
KRvKN.rtbw;3-4-5;3-4-5;PRESENT
KRvKP.rtbw;3-4-5;3-4-5;PRESENT
KRvKR.rtbw;3-4-5;3-4-5;PRESENT
KRvK.rtbw;3-4-5;3-4-5;PRESENT
KBBBvK.rtbz;3-4-5;3-4-5;PRESENT
KBBNvK.rtbz;3-4-5;3-4-5;PRESENT
KBBPvK.rtbz;3-4-5;3-4-5;PRESENT
KBBvKB.rtbz;3-4-5;3-4-5;PRESENT
KBBvKN.rtbz;3-4-5;3-4-5;PRESENT
KBBvKP.rtbz;3-4-5;3-4-5;PRESENT
KBBvKQ.rtbz;3-4-5;3-4-5;PRESENT
KBBvKR.rtbz;3-4-5;3-4-5;PRESENT
KBBvK.rtbz;3-4-5;3-4-5;PRESENT
KBNNvK.rtbz;3-4-5;3-4-5;PRESENT
KBNPvK.rtbz;3-4-5;3-4-5;PRESENT
KBNvKB.rtbz;3-4-5;3-4-5;PRESENT
KBNvKN.rtbz;3-4-5;3-4-5;PRESENT
KBNvKP.rtbz;3-4-5;3-4-5;PRESENT
KBNvKQ.rtbz;3-4-5;3-4-5;PRESENT
KBNvKR.rtbz;3-4-5;3-4-5;PRESENT
KBNvK.rtbz;3-4-5;3-4-5;PRESENT
KBPPvK.rtbz;3-4-5;3-4-5;PRESENT
KBPvKB.rtbz;3-4-5;3-4-5;PRESENT
KBPvKN.rtbz;3-4-5;3-4-5;PRESENT
KBPvKP.rtbz;3-4-5;3-4-5;PRESENT
KBPvKQ.rtbz;3-4-5;3-4-5;PRESENT
KBPvKR.rtbz;3-4-5;3-4-5;PRESENT
KBPvK.rtbz;3-4-5;3-4-5;PRESENT
KBvKB.rtbz;3-4-5;3-4-5;PRESENT
KBvKN.rtbz;3-4-5;3-4-5;PRESENT
KBvKP.rtbz;3-4-5;3-4-5;PRESENT
KBvK.rtbz;3-4-5;3-4-5;PRESENT
KNNNvK.rtbz;3-4-5;3-4-5;PRESENT
KNNPvK.rtbz;3-4-5;3-4-5;PRESENT
KNNvKB.rtbz;3-4-5;3-4-5;PRESENT
KNNvKN.rtbz;3-4-5;3-4-5;PRESENT
KNNvKP.rtbz;3-4-5;3-4-5;PRESENT
KNNvKQ.rtbz;3-4-5;3-4-5;PRESENT
KNNvKR.rtbz;3-4-5;3-4-5;PRESENT
KNNvK.rtbz;3-4-5;3-4-5;PRESENT
KNPPvK.rtbz;3-4-5;3-4-5;PRESENT
KNPvKB.rtbz;3-4-5;3-4-5;PRESENT
KNPvKN.rtbz;3-4-5;3-4-5;PRESENT
KNPvKP.rtbz;3-4-5;3-4-5;PRESENT
KNPvKQ.rtbz;3-4-5;3-4-5;PRESENT
KNPvKR.rtbz;3-4-5;3-4-5;PRESENT
KNPvK.rtbz;3-4-5;3-4-5;PRESENT
KNvKN.rtbz;3-4-5;3-4-5;PRESENT
KNvKP.rtbz;3-4-5;3-4-5;PRESENT
KNvK.rtbz;3-4-5;3-4-5;PRESENT
KPPPvK.rtbz;3-4-5;3-4-5;PRESENT
KPPvKB.rtbz;3-4-5;3-4-5;PRESENT
KPPvKN.rtbz;3-4-5;3-4-5;PRESENT
KPPvKP.rtbz;3-4-5;3-4-5;PRESENT
KPPvKQ.rtbz;3-4-5;3-4-5;PRESENT
KPPvKR.rtbz;3-4-5;3-4-5;PRESENT
KPPvK.rtbz;3-4-5;3-4-5;PRESENT
KPvKP.rtbz;3-4-5;3-4-5;PRESENT
KPvK.rtbz;3-4-5;3-4-5;PRESENT
KQBBvK.rtbz;3-4-5;3-4-5;PRESENT
KQBNvK.rtbz;3-4-5;3-4-5;PRESENT
KQBPvK.rtbz;3-4-5;3-4-5;PRESENT
KQBvKB.rtbz;3-4-5;3-4-5;PRESENT
KQBvKN.rtbz;3-4-5;3-4-5;PRESENT
KQBvKP.rtbz;3-4-5;3-4-5;PRESENT
KQBvKQ.rtbz;3-4-5;3-4-5;PRESENT
KQBvKR.rtbz;3-4-5;3-4-5;PRESENT
KQBvK.rtbz;3-4-5;3-4-5;PRESENT
KQNNvK.rtbz;3-4-5;3-4-5;PRESENT
KQNPvK.rtbz;3-4-5;3-4-5;PRESENT
KQNvKB.rtbz;3-4-5;3-4-5;PRESENT
KQNvKN.rtbz;3-4-5;3-4-5;PRESENT
KQNvKP.rtbz;3-4-5;3-4-5;PRESENT
KQNvKQ.rtbz;3-4-5;3-4-5;PRESENT
KQNvKR.rtbz;3-4-5;3-4-5;PRESENT
KQNvK.rtbz;3-4-5;3-4-5;PRESENT
KQPPvK.rtbz;3-4-5;3-4-5;PRESENT
KQPvKB.rtbz;3-4-5;3-4-5;PRESENT
KQPvKN.rtbz;3-4-5;3-4-5;PRESENT
KQPvKP.rtbz;3-4-5;3-4-5;PRESENT
KQPvKQ.rtbz;3-4-5;3-4-5;PRESENT
KQPvKR.rtbz;3-4-5;3-4-5;PRESENT
KQPvK.rtbz;3-4-5;3-4-5;PRESENT
KQQBvK.rtbz;3-4-5;3-4-5;PRESENT
KQQNvK.rtbz;3-4-5;3-4-5;PRESENT
KQQPvK.rtbz;3-4-5;3-4-5;PRESENT
KQQQvK.rtbz;3-4-5;3-4-5;PRESENT
KQQRvK.rtbz;3-4-5;3-4-5;PRESENT
KQQvKB.rtbz;3-4-5;3-4-5;PRESENT
KQQvKN.rtbz;3-4-5;3-4-5;PRESENT
KQQvKP.rtbz;3-4-5;3-4-5;PRESENT
KQQvKQ.rtbz;3-4-5;3-4-5;PRESENT
KQQvKR.rtbz;3-4-5;3-4-5;PRESENT
KQQvK.rtbz;3-4-5;3-4-5;PRESENT
KQRBvK.rtbz;3-4-5;3-4-5;PRESENT
KQRNvK.rtbz;3-4-5;3-4-5;PRESENT
KQRPvK.rtbz;3-4-5;3-4-5;PRESENT
KQRRvK.rtbz;3-4-5;3-4-5;PRESENT
KQRvKB.rtbz;3-4-5;3-4-5;PRESENT
KQRvKN.rtbz;3-4-5;3-4-5;PRESENT
KQRvKP.rtbz;3-4-5;3-4-5;PRESENT
KQRvKQ.rtbz;3-4-5;3-4-5;PRESENT
KQRvKR.rtbz;3-4-5;3-4-5;PRESENT
KQRvK.rtbz;3-4-5;3-4-5;PRESENT
KQvKB.rtbz;3-4-5;3-4-5;PRESENT
KQvKN.rtbz;3-4-5;3-4-5;PRESENT
KQvKP.rtbz;3-4-5;3-4-5;PRESENT
KQvKQ.rtbz;3-4-5;3-4-5;PRESENT
KQvKR.rtbz;3-4-5;3-4-5;PRESENT
KQvK.rtbz;3-4-5;3-4-5;PRESENT
KRBBvK.rtbz;3-4-5;3-4-5;PRESENT
KRBNvK.rtbz;3-4-5;3-4-5;PRESENT
KRBPvK.rtbz;3-4-5;3-4-5;PRESENT
KRBvKB.rtbz;3-4-5;3-4-5;PRESENT
KRBvKN.rtbz;3-4-5;3-4-5;PRESENT
KRBvKP.rtbz;3-4-5;3-4-5;PRESENT
KRBvKQ.rtbz;3-4-5;3-4-5;PRESENT
KRBvKR.rtbz;3-4-5;3-4-5;PRESENT
KRBvK.rtbz;3-4-5;3-4-5;PRESENT
KRNNvK.rtbz;3-4-5;3-4-5;PRESENT
KRNPvK.rtbz;3-4-5;3-4-5;PRESENT
KRNvKB.rtbz;3-4-5;3-4-5;PRESENT
KRNvKN.rtbz;3-4-5;3-4-5;PRESENT
KRNvKP.rtbz;3-4-5;3-4-5;PRESENT
KRNvKQ.rtbz;3-4-5;3-4-5;PRESENT
KRNvKR.rtbz;3-4-5;3-4-5;PRESENT
KRNvK.rtbz;3-4-5;3-4-5;PRESENT
KRPPvK.rtbz;3-4-5;3-4-5;PRESENT
KRPvKB.rtbz;3-4-5;3-4-5;PRESENT
KRPvKN.rtbz;3-4-5;3-4-5;PRESENT
KRPvKP.rtbz;3-4-5;3-4-5;PRESENT
KRPvKQ.rtbz;3-4-5;3-4-5;PRESENT
KRPvKR.rtbz;3-4-5;3-4-5;PRESENT
KRPvK.rtbz;3-4-5;3-4-5;PRESENT
KRRBvK.rtbz;3-4-5;3-4-5;PRESENT
KRRNvK.rtbz;3-4-5;3-4-5;PRESENT
KRRPvK.rtbz;3-4-5;3-4-5;PRESENT
KRRRvK.rtbz;3-4-5;3-4-5;PRESENT
KRRvKB.rtbz;3-4-5;3-4-5;PRESENT
KRRvKN.rtbz;3-4-5;3-4-5;PRESENT
KRRvKP.rtbz;3-4-5;3-4-5;PRESENT
KRRvKQ.rtbz;3-4-5;3-4-5;PRESENT
KRRvKR.rtbz;3-4-5;3-4-5;PRESENT
KRRvK.rtbz;3-4-5;3-4-5;PRESENT
KRvKB.rtbz;3-4-5;3-4-5;PRESENT
KRvKN.rtbz;3-4-5;3-4-5;PRESENT
KRvKP.rtbz;3-4-5;3-4-5;PRESENT
KRvKR.rtbz;3-4-5;3-4-5;PRESENT
KRvK.rtbz;3-4-5;3-4-5;PRESENT
KBBBBvK.rtbw;6-WDL;6-WDL;PRESENT
KBBBNvK.rtbw;6-WDL;6-WDL;PRESENT
KBBBPvK.rtbw;6-WDL;6-WDL;PRESENT
KBBBvKB.rtbw;6-WDL;6-WDL;PRESENT
KBBBvKN.rtbw;6-WDL;6-WDL;PRESENT
KBBBvKP.rtbw;6-WDL;6-WDL;PRESENT
KBBBvKQ.rtbw;6-WDL;6-WDL;PRESENT
KBBBvKR.rtbw;6-WDL;6-WDL;PRESENT
KBBNNvK.rtbw;6-WDL;6-WDL;PRESENT
KBBNPvK.rtbw;6-WDL;6-WDL;PRESENT
KBBNvKB.rtbw;6-WDL;6-WDL;PRESENT
KBBNvKN.rtbw;6-WDL;6-WDL;PRESENT
KBBNvKP.rtbw;6-WDL;6-WDL;PRESENT
KBBNvKQ.rtbw;6-WDL;6-WDL;PRESENT
KBBNvKR.rtbw;6-WDL;6-WDL;PRESENT
KBBPPvK.rtbw;6-WDL;6-WDL;PRESENT
KBBPvKB.rtbw;6-WDL;6-WDL;PRESENT
KBBPvKN.rtbw;6-WDL;6-WDL;PRESENT
KBBPvKP.rtbw;6-WDL;6-WDL;PRESENT
KBBPvKQ.rtbw;6-WDL;6-WDL;PRESENT
KBBPvKR.rtbw;6-WDL;6-WDL;PRESENT
KBBvKBB.rtbw;6-WDL;6-WDL;PRESENT
KBBvKBN.rtbw;6-WDL;6-WDL;PRESENT
KBBvKBP.rtbw;6-WDL;6-WDL;PRESENT
KBBvKNN.rtbw;6-WDL;6-WDL;PRESENT
KBBvKNP.rtbw;6-WDL;6-WDL;PRESENT
KBBvKPP.rtbw;6-WDL;6-WDL;PRESENT
KBNNNvK.rtbw;6-WDL;6-WDL;PRESENT
KBNNPvK.rtbw;6-WDL;6-WDL;PRESENT
KBNNvKB.rtbw;6-WDL;6-WDL;PRESENT
KBNNvKN.rtbw;6-WDL;6-WDL;PRESENT
KBNNvKP.rtbw;6-WDL;6-WDL;PRESENT
KBNNvKQ.rtbw;6-WDL;6-WDL;PRESENT
KBNNvKR.rtbw;6-WDL;6-WDL;PRESENT
KBNPPvK.rtbw;6-WDL;6-WDL;PRESENT
KBNPvKB.rtbw;6-WDL;6-WDL;PRESENT
KBNPvKN.rtbw;6-WDL;6-WDL;PRESENT
KBNPvKP.rtbw;6-WDL;6-WDL;PRESENT
KBNPvKQ.rtbw;6-WDL;6-WDL;PRESENT
KBNPvKR.rtbw;6-WDL;6-WDL;PRESENT
KBNvKBN.rtbw;6-WDL;6-WDL;PRESENT
KBNvKBP.rtbw;6-WDL;6-WDL;PRESENT
KBNvKNN.rtbw;6-WDL;6-WDL;PRESENT
KBNvKNP.rtbw;6-WDL;6-WDL;PRESENT
KBNvKPP.rtbw;6-WDL;6-WDL;PRESENT
KBPPPvK.rtbw;6-WDL;6-WDL;PRESENT
KBPPvKB.rtbw;6-WDL;6-WDL;PRESENT
KBPPvKN.rtbw;6-WDL;6-WDL;PRESENT
KBPPvKP.rtbw;6-WDL;6-WDL;PRESENT
KBPPvKQ.rtbw;6-WDL;6-WDL;PRESENT
KBPPvKR.rtbw;6-WDL;6-WDL;PRESENT
KBPvKBP.rtbw;6-WDL;6-WDL;PRESENT
KBPvKNN.rtbw;6-WDL;6-WDL;PRESENT
KBPvKNP.rtbw;6-WDL;6-WDL;PRESENT
KBPvKPP.rtbw;6-WDL;6-WDL;PRESENT
KNNNNvK.rtbw;6-WDL;6-WDL;PRESENT
KNNNPvK.rtbw;6-WDL;6-WDL;PRESENT
KNNNvKB.rtbw;6-WDL;6-WDL;PRESENT
KNNNvKN.rtbw;6-WDL;6-WDL;PRESENT
KNNNvKP.rtbw;6-WDL;6-WDL;PRESENT
KNNNvKQ.rtbw;6-WDL;6-WDL;PRESENT
KNNNvKR.rtbw;6-WDL;6-WDL;PRESENT
KNNPPvK.rtbw;6-WDL;6-WDL;PRESENT
KNNPvKB.rtbw;6-WDL;6-WDL;PRESENT
KNNPvKN.rtbw;6-WDL;6-WDL;PRESENT
KNNPvKP.rtbw;6-WDL;6-WDL;PRESENT
KNNPvKQ.rtbw;6-WDL;6-WDL;PRESENT
KNNPvKR.rtbw;6-WDL;6-WDL;PRESENT
KNNvKNN.rtbw;6-WDL;6-WDL;PRESENT
KNNvKNP.rtbw;6-WDL;6-WDL;PRESENT
KNNvKPP.rtbw;6-WDL;6-WDL;PRESENT
KNPPPvK.rtbw;6-WDL;6-WDL;PRESENT
KNPPvKB.rtbw;6-WDL;6-WDL;PRESENT
KNPPvKN.rtbw;6-WDL;6-WDL;PRESENT
KNPPvKP.rtbw;6-WDL;6-WDL;PRESENT
KNPPvKQ.rtbw;6-WDL;6-WDL;PRESENT
KNPPvKR.rtbw;6-WDL;6-WDL;PRESENT
KNPvKNP.rtbw;6-WDL;6-WDL;PRESENT
KNPvKPP.rtbw;6-WDL;6-WDL;PRESENT
KPPPPvK.rtbw;6-WDL;6-WDL;PRESENT
KPPPvKB.rtbw;6-WDL;6-WDL;PRESENT
KPPPvKN.rtbw;6-WDL;6-WDL;PRESENT
KPPPvKP.rtbw;6-WDL;6-WDL;PRESENT
KPPPvKQ.rtbw;6-WDL;6-WDL;PRESENT
KPPPvKR.rtbw;6-WDL;6-WDL;PRESENT
KPPvKPP.rtbw;6-WDL;6-WDL;PRESENT
KQBBBvK.rtbw;6-WDL;6-WDL;PRESENT
KQBBNvK.rtbw;6-WDL;6-WDL;PRESENT
KQBBPvK.rtbw;6-WDL;6-WDL;PRESENT
KQBBvKB.rtbw;6-WDL;6-WDL;PRESENT
KQBBvKN.rtbw;6-WDL;6-WDL;PRESENT
KQBBvKP.rtbw;6-WDL;6-WDL;PRESENT
KQBBvKQ.rtbw;6-WDL;6-WDL;PRESENT
KQBBvKR.rtbw;6-WDL;6-WDL;PRESENT
KQBNNvK.rtbw;6-WDL;6-WDL;PRESENT
KQBNPvK.rtbw;6-WDL;6-WDL;PRESENT
KQBNvKB.rtbw;6-WDL;6-WDL;PRESENT
KQBNvKN.rtbw;6-WDL;6-WDL;PRESENT
KQBNvKP.rtbw;6-WDL;6-WDL;PRESENT
KQBNvKQ.rtbw;6-WDL;6-WDL;PRESENT
KQBNvKR.rtbw;6-WDL;6-WDL;PRESENT
KQBPPvK.rtbw;6-WDL;6-WDL;PRESENT
KQBPvKB.rtbw;6-WDL;6-WDL;PRESENT
KQBPvKN.rtbw;6-WDL;6-WDL;PRESENT
KQBPvKP.rtbw;6-WDL;6-WDL;PRESENT
KQBPvKQ.rtbw;6-WDL;6-WDL;PRESENT
KQBPvKR.rtbw;6-WDL;6-WDL;PRESENT
KQBvKBB.rtbw;6-WDL;6-WDL;PRESENT
KQBvKBN.rtbw;6-WDL;6-WDL;PRESENT
KQBvKBP.rtbw;6-WDL;6-WDL;PRESENT
KQBvKNN.rtbw;6-WDL;6-WDL;PRESENT
KQBvKNP.rtbw;6-WDL;6-WDL;PRESENT
KQBvKPP.rtbw;6-WDL;6-WDL;PRESENT
KQBvKQB.rtbw;6-WDL;6-WDL;PRESENT
KQBvKQN.rtbw;6-WDL;6-WDL;PRESENT
KQBvKQP.rtbw;6-WDL;6-WDL;PRESENT
KQBvKRB.rtbw;6-WDL;6-WDL;PRESENT
KQBvKRN.rtbw;6-WDL;6-WDL;PRESENT
KQBvKRP.rtbw;6-WDL;6-WDL;PRESENT
KQBvKRR.rtbw;6-WDL;6-WDL;PRESENT
KQNNNvK.rtbw;6-WDL;6-WDL;PRESENT
KQNNPvK.rtbw;6-WDL;6-WDL;PRESENT
KQNNvKB.rtbw;6-WDL;6-WDL;PRESENT
KQNNvKN.rtbw;6-WDL;6-WDL;PRESENT
KQNNvKP.rtbw;6-WDL;6-WDL;PRESENT
KQNNvKQ.rtbw;6-WDL;6-WDL;PRESENT
KQNNvKR.rtbw;6-WDL;6-WDL;PRESENT
KQNPPvK.rtbw;6-WDL;6-WDL;PRESENT
KQNPvKB.rtbw;6-WDL;6-WDL;PRESENT
KQNPvKN.rtbw;6-WDL;6-WDL;PRESENT
KQNPvKP.rtbw;6-WDL;6-WDL;PRESENT
KQNPvKQ.rtbw;6-WDL;6-WDL;PRESENT
KQNPvKR.rtbw;6-WDL;6-WDL;PRESENT
KQNvKBB.rtbw;6-WDL;6-WDL;PRESENT
KQNvKBN.rtbw;6-WDL;6-WDL;PRESENT
KQNvKBP.rtbw;6-WDL;6-WDL;PRESENT
KQNvKNN.rtbw;6-WDL;6-WDL;PRESENT
KQNvKNP.rtbw;6-WDL;6-WDL;PRESENT
KQNvKPP.rtbw;6-WDL;6-WDL;PRESENT
KQNvKQN.rtbw;6-WDL;6-WDL;PRESENT
KQNvKQP.rtbw;6-WDL;6-WDL;PRESENT
KQNvKRB.rtbw;6-WDL;6-WDL;PRESENT
KQNvKRN.rtbw;6-WDL;6-WDL;PRESENT
KQNvKRP.rtbw;6-WDL;6-WDL;PRESENT
KQNvKRR.rtbw;6-WDL;6-WDL;PRESENT
KQPPPvK.rtbw;6-WDL;6-WDL;PRESENT
KQPPvKB.rtbw;6-WDL;6-WDL;PRESENT
KQPPvKN.rtbw;6-WDL;6-WDL;PRESENT
KQPPvKP.rtbw;6-WDL;6-WDL;PRESENT
KQPPvKQ.rtbw;6-WDL;6-WDL;PRESENT
KQPPvKR.rtbw;6-WDL;6-WDL;PRESENT
KQPvKBB.rtbw;6-WDL;6-WDL;PRESENT
KQPvKBN.rtbw;6-WDL;6-WDL;PRESENT
KQPvKBP.rtbw;6-WDL;6-WDL;PRESENT
KQPvKNN.rtbw;6-WDL;6-WDL;PRESENT
KQPvKNP.rtbw;6-WDL;6-WDL;PRESENT
KQPvKPP.rtbw;6-WDL;6-WDL;PRESENT
KQPvKQP.rtbw;6-WDL;6-WDL;PRESENT
KQPvKRB.rtbw;6-WDL;6-WDL;PRESENT
KQPvKRN.rtbw;6-WDL;6-WDL;PRESENT
KQPvKRP.rtbw;6-WDL;6-WDL;PRESENT
KQPvKRR.rtbw;6-WDL;6-WDL;PRESENT
KQQBBvK.rtbw;6-WDL;6-WDL;PRESENT
KQQBNvK.rtbw;6-WDL;6-WDL;PRESENT
KQQBPvK.rtbw;6-WDL;6-WDL;PRESENT
KQQBvKB.rtbw;6-WDL;6-WDL;PRESENT
KQQBvKN.rtbw;6-WDL;6-WDL;PRESENT
KQQBvKP.rtbw;6-WDL;6-WDL;PRESENT
KQQBvKQ.rtbw;6-WDL;6-WDL;PRESENT
KQQBvKR.rtbw;6-WDL;6-WDL;PRESENT
KQQNNvK.rtbw;6-WDL;6-WDL;PRESENT
KQQNPvK.rtbw;6-WDL;6-WDL;PRESENT
KQQNvKB.rtbw;6-WDL;6-WDL;PRESENT
KQQNvKN.rtbw;6-WDL;6-WDL;PRESENT
KQQNvKP.rtbw;6-WDL;6-WDL;PRESENT
KQQNvKQ.rtbw;6-WDL;6-WDL;PRESENT
KQQNvKR.rtbw;6-WDL;6-WDL;PRESENT
KQQPPvK.rtbw;6-WDL;6-WDL;PRESENT
KQQPvKB.rtbw;6-WDL;6-WDL;PRESENT
KQQPvKN.rtbw;6-WDL;6-WDL;PRESENT
KQQPvKP.rtbw;6-WDL;6-WDL;PRESENT
KQQPvKQ.rtbw;6-WDL;6-WDL;PRESENT
KQQPvKR.rtbw;6-WDL;6-WDL;PRESENT
KQQQBvK.rtbw;6-WDL;6-WDL;PRESENT
KQQQNvK.rtbw;6-WDL;6-WDL;PRESENT
KQQQPvK.rtbw;6-WDL;6-WDL;PRESENT
KQQQQvK.rtbw;6-WDL;6-WDL;PRESENT
KQQQRvK.rtbw;6-WDL;6-WDL;PRESENT
KQQQvKB.rtbw;6-WDL;6-WDL;PRESENT
KQQQvKN.rtbw;6-WDL;6-WDL;PRESENT
KQQQvKP.rtbw;6-WDL;6-WDL;PRESENT
KQQQvKQ.rtbw;6-WDL;6-WDL;PRESENT
KQQQvKR.rtbw;6-WDL;6-WDL;PRESENT
KQQRBvK.rtbw;6-WDL;6-WDL;PRESENT
KQQRNvK.rtbw;6-WDL;6-WDL;PRESENT
KQQRPvK.rtbw;6-WDL;6-WDL;PRESENT
KQQRRvK.rtbw;6-WDL;6-WDL;PRESENT
KQQRvKB.rtbw;6-WDL;6-WDL;PRESENT
KQQRvKN.rtbw;6-WDL;6-WDL;PRESENT
KQQRvKP.rtbw;6-WDL;6-WDL;PRESENT
KQQRvKQ.rtbw;6-WDL;6-WDL;PRESENT
KQQRvKR.rtbw;6-WDL;6-WDL;PRESENT
KQQvKBB.rtbw;6-WDL;6-WDL;PRESENT
KQQvKBN.rtbw;6-WDL;6-WDL;PRESENT
KQQvKBP.rtbw;6-WDL;6-WDL;PRESENT
KQQvKNN.rtbw;6-WDL;6-WDL;PRESENT
KQQvKNP.rtbw;6-WDL;6-WDL;PRESENT
KQQvKPP.rtbw;6-WDL;6-WDL;PRESENT
KQQvKQB.rtbw;6-WDL;6-WDL;PRESENT
KQQvKQN.rtbw;6-WDL;6-WDL;PRESENT
KQQvKQP.rtbw;6-WDL;6-WDL;PRESENT
KQQvKQQ.rtbw;6-WDL;6-WDL;PRESENT
KQQvKQR.rtbw;6-WDL;6-WDL;PRESENT
KQQvKRB.rtbw;6-WDL;6-WDL;PRESENT
KQQvKRN.rtbw;6-WDL;6-WDL;PRESENT
KQQvKRP.rtbw;6-WDL;6-WDL;PRESENT
KQQvKRR.rtbw;6-WDL;6-WDL;PRESENT
KQRBBvK.rtbw;6-WDL;6-WDL;PRESENT
KQRBNvK.rtbw;6-WDL;6-WDL;PRESENT
KQRBPvK.rtbw;6-WDL;6-WDL;PRESENT
KQRBvKB.rtbw;6-WDL;6-WDL;PRESENT
KQRBvKN.rtbw;6-WDL;6-WDL;PRESENT
KQRBvKP.rtbw;6-WDL;6-WDL;PRESENT
KQRBvKQ.rtbw;6-WDL;6-WDL;PRESENT
KQRBvKR.rtbw;6-WDL;6-WDL;PRESENT
KQRNNvK.rtbw;6-WDL;6-WDL;PRESENT
KQRNPvK.rtbw;6-WDL;6-WDL;PRESENT
KQRNvKB.rtbw;6-WDL;6-WDL;PRESENT
KQRNvKN.rtbw;6-WDL;6-WDL;PRESENT
KQRNvKP.rtbw;6-WDL;6-WDL;PRESENT
KQRNvKQ.rtbw;6-WDL;6-WDL;PRESENT
KQRNvKR.rtbw;6-WDL;6-WDL;PRESENT
KQRPPvK.rtbw;6-WDL;6-WDL;PRESENT
KQRPvKB.rtbw;6-WDL;6-WDL;PRESENT
KQRPvKN.rtbw;6-WDL;6-WDL;PRESENT
KQRPvKP.rtbw;6-WDL;6-WDL;PRESENT
KQRPvKQ.rtbw;6-WDL;6-WDL;PRESENT
KQRPvKR.rtbw;6-WDL;6-WDL;PRESENT
KQRRBvK.rtbw;6-WDL;6-WDL;PRESENT
KQRRNvK.rtbw;6-WDL;6-WDL;PRESENT
KQRRPvK.rtbw;6-WDL;6-WDL;PRESENT
KQRRRvK.rtbw;6-WDL;6-WDL;PRESENT
KQRRvKB.rtbw;6-WDL;6-WDL;PRESENT
KQRRvKN.rtbw;6-WDL;6-WDL;PRESENT
KQRRvKP.rtbw;6-WDL;6-WDL;PRESENT
KQRRvKQ.rtbw;6-WDL;6-WDL;PRESENT
KQRRvKR.rtbw;6-WDL;6-WDL;PRESENT
KQRvKBB.rtbw;6-WDL;6-WDL;PRESENT
KQRvKBN.rtbw;6-WDL;6-WDL;PRESENT
KQRvKBP.rtbw;6-WDL;6-WDL;PRESENT
KQRvKNN.rtbw;6-WDL;6-WDL;PRESENT
KQRvKNP.rtbw;6-WDL;6-WDL;PRESENT
KQRvKPP.rtbw;6-WDL;6-WDL;PRESENT
KQRvKQB.rtbw;6-WDL;6-WDL;PRESENT
KQRvKQN.rtbw;6-WDL;6-WDL;PRESENT
KQRvKQP.rtbw;6-WDL;6-WDL;PRESENT
KQRvKQR.rtbw;6-WDL;6-WDL;PRESENT
KQRvKRB.rtbw;6-WDL;6-WDL;PRESENT
KQRvKRN.rtbw;6-WDL;6-WDL;PRESENT
KQRvKRP.rtbw;6-WDL;6-WDL;PRESENT
KQRvKRR.rtbw;6-WDL;6-WDL;PRESENT
KRBBBvK.rtbw;6-WDL;6-WDL;PRESENT
KRBBNvK.rtbw;6-WDL;6-WDL;PRESENT
KRBBPvK.rtbw;6-WDL;6-WDL;PRESENT
KRBBvKB.rtbw;6-WDL;6-WDL;PRESENT
KRBBvKN.rtbw;6-WDL;6-WDL;PRESENT
KRBBvKP.rtbw;6-WDL;6-WDL;PRESENT
KRBBvKQ.rtbw;6-WDL;6-WDL;PRESENT
KRBBvKR.rtbw;6-WDL;6-WDL;PRESENT
KRBNNvK.rtbw;6-WDL;6-WDL;PRESENT
KRBNPvK.rtbw;6-WDL;6-WDL;PRESENT
KRBNvKB.rtbw;6-WDL;6-WDL;PRESENT
KRBNvKN.rtbw;6-WDL;6-WDL;PRESENT
KRBNvKP.rtbw;6-WDL;6-WDL;PRESENT
KRBNvKQ.rtbw;6-WDL;6-WDL;PRESENT
KRBNvKR.rtbw;6-WDL;6-WDL;PRESENT
KRBPPvK.rtbw;6-WDL;6-WDL;PRESENT
KRBPvKB.rtbw;6-WDL;6-WDL;PRESENT
KRBPvKN.rtbw;6-WDL;6-WDL;PRESENT
KRBPvKP.rtbw;6-WDL;6-WDL;PRESENT
KRBPvKQ.rtbw;6-WDL;6-WDL;PRESENT
KRBPvKR.rtbw;6-WDL;6-WDL;PRESENT
KRBvKBB.rtbw;6-WDL;6-WDL;PRESENT
KRBvKBN.rtbw;6-WDL;6-WDL;PRESENT
KRBvKBP.rtbw;6-WDL;6-WDL;PRESENT
KRBvKNN.rtbw;6-WDL;6-WDL;PRESENT
KRBvKNP.rtbw;6-WDL;6-WDL;PRESENT
KRBvKPP.rtbw;6-WDL;6-WDL;PRESENT
KRBvKRB.rtbw;6-WDL;6-WDL;PRESENT
KRBvKRN.rtbw;6-WDL;6-WDL;PRESENT
KRBvKRP.rtbw;6-WDL;6-WDL;PRESENT
KRNNNvK.rtbw;6-WDL;6-WDL;PRESENT
KRNNPvK.rtbw;6-WDL;6-WDL;PRESENT
KRNNvKB.rtbw;6-WDL;6-WDL;PRESENT
KRNNvKN.rtbw;6-WDL;6-WDL;PRESENT
KRNNvKP.rtbw;6-WDL;6-WDL;PRESENT
KRNNvKQ.rtbw;6-WDL;6-WDL;PRESENT
KRNNvKR.rtbw;6-WDL;6-WDL;PRESENT
KRNPPvK.rtbw;6-WDL;6-WDL;PRESENT
KRNPvKB.rtbw;6-WDL;6-WDL;PRESENT
KRNPvKN.rtbw;6-WDL;6-WDL;PRESENT
KRNPvKP.rtbw;6-WDL;6-WDL;PRESENT
KRNPvKQ.rtbw;6-WDL;6-WDL;PRESENT
KRNPvKR.rtbw;6-WDL;6-WDL;PRESENT
KRNvKBB.rtbw;6-WDL;6-WDL;PRESENT
KRNvKBN.rtbw;6-WDL;6-WDL;PRESENT
KRNvKBP.rtbw;6-WDL;6-WDL;PRESENT
KRNvKNN.rtbw;6-WDL;6-WDL;PRESENT
KRNvKNP.rtbw;6-WDL;6-WDL;PRESENT
KRNvKPP.rtbw;6-WDL;6-WDL;PRESENT
KRNvKRN.rtbw;6-WDL;6-WDL;PRESENT
KRNvKRP.rtbw;6-WDL;6-WDL;PRESENT
KRPPPvK.rtbw;6-WDL;6-WDL;PRESENT
KRPPvKB.rtbw;6-WDL;6-WDL;PRESENT
KRPPvKN.rtbw;6-WDL;6-WDL;PRESENT
KRPPvKP.rtbw;6-WDL;6-WDL;PRESENT
KRPPvKQ.rtbw;6-WDL;6-WDL;PRESENT
KRPPvKR.rtbw;6-WDL;6-WDL;PRESENT
KRPvKBB.rtbw;6-WDL;6-WDL;PRESENT
KRPvKBN.rtbw;6-WDL;6-WDL;PRESENT
KRPvKBP.rtbw;6-WDL;6-WDL;PRESENT
KRPvKNN.rtbw;6-WDL;6-WDL;PRESENT
KRPvKNP.rtbw;6-WDL;6-WDL;PRESENT
KRPvKPP.rtbw;6-WDL;6-WDL;PRESENT
KRPvKRP.rtbw;6-WDL;6-WDL;PRESENT
KRRBBvK.rtbw;6-WDL;6-WDL;PRESENT
KRRBNvK.rtbw;6-WDL;6-WDL;PRESENT
KRRBPvK.rtbw;6-WDL;6-WDL;PRESENT
KRRBvKB.rtbw;6-WDL;6-WDL;PRESENT
KRRBvKN.rtbw;6-WDL;6-WDL;PRESENT
KRRBvKP.rtbw;6-WDL;6-WDL;PRESENT
KRRBvKQ.rtbw;6-WDL;6-WDL;PRESENT
KRRBvKR.rtbw;6-WDL;6-WDL;PRESENT
KRRNNvK.rtbw;6-WDL;6-WDL;PRESENT
KRRNPvK.rtbw;6-WDL;6-WDL;PRESENT
KRRNvKB.rtbw;6-WDL;6-WDL;PRESENT
KRRNvKN.rtbw;6-WDL;6-WDL;PRESENT
KRRNvKP.rtbw;6-WDL;6-WDL;PRESENT
KRRNvKQ.rtbw;6-WDL;6-WDL;PRESENT
KRRNvKR.rtbw;6-WDL;6-WDL;PRESENT
KRRPPvK.rtbw;6-WDL;6-WDL;PRESENT
KRRPvKB.rtbw;6-WDL;6-WDL;PRESENT
KRRPvKN.rtbw;6-WDL;6-WDL;PRESENT
KRRPvKP.rtbw;6-WDL;6-WDL;PRESENT
KRRPvKQ.rtbw;6-WDL;6-WDL;PRESENT
KRRPvKR.rtbw;6-WDL;6-WDL;PRESENT
KRRRBvK.rtbw;6-WDL;6-WDL;PRESENT
KRRRNvK.rtbw;6-WDL;6-WDL;PRESENT
KRRRPvK.rtbw;6-WDL;6-WDL;PRESENT
KRRRRvK.rtbw;6-WDL;6-WDL;PRESENT
KRRRvKB.rtbw;6-WDL;6-WDL;PRESENT
KRRRvKN.rtbw;6-WDL;6-WDL;PRESENT
KRRRvKP.rtbw;6-WDL;6-WDL;PRESENT
KRRRvKQ.rtbw;6-WDL;6-WDL;PRESENT
KRRRvKR.rtbw;6-WDL;6-WDL;PRESENT
KRRvKBB.rtbw;6-WDL;6-WDL;PRESENT
KRRvKBN.rtbw;6-WDL;6-WDL;PRESENT
KRRvKBP.rtbw;6-WDL;6-WDL;PRESENT
KRRvKNN.rtbw;6-WDL;6-WDL;PRESENT
KRRvKNP.rtbw;6-WDL;6-WDL;PRESENT
KRRvKPP.rtbw;6-WDL;6-WDL;PRESENT
KRRvKRB.rtbw;6-WDL;6-WDL;PRESENT
KRRvKRN.rtbw;6-WDL;6-WDL;PRESENT
KRRvKRP.rtbw;6-WDL;6-WDL;PRESENT
KRRvKRR.rtbw;6-WDL;6-WDL;PRESENT
KBBBBvK.rtbz;6-DTZ;6-DTZ;PRESENT
KBBBNvK.rtbz;6-DTZ;6-DTZ;PRESENT
KBBBPvK.rtbz;6-DTZ;6-DTZ;PRESENT
KBBBvKB.rtbz;6-DTZ;6-DTZ;PRESENT
KBBBvKN.rtbz;6-DTZ;6-DTZ;PRESENT
KBBBvKP.rtbz;6-DTZ;6-DTZ;PRESENT
KBBBvKQ.rtbz;6-DTZ;6-DTZ;PRESENT
KBBBvKR.rtbz;6-DTZ;6-DTZ;PRESENT
KBBNNvK.rtbz;6-DTZ;6-DTZ;PRESENT
KBBNPvK.rtbz;6-DTZ;6-DTZ;PRESENT
KBBNvKB.rtbz;6-DTZ;6-DTZ;PRESENT
KBBNvKN.rtbz;6-DTZ;6-DTZ;PRESENT
KBBNvKP.rtbz;6-DTZ;6-DTZ;PRESENT
KBBNvKQ.rtbz;6-DTZ;6-DTZ;PRESENT
KBBNvKR.rtbz;6-DTZ;6-DTZ;PRESENT
KBBPPvK.rtbz;6-DTZ;6-DTZ;PRESENT
KBBPvKB.rtbz;6-DTZ;6-DTZ;PRESENT
KBBPvKN.rtbz;6-DTZ;6-DTZ;PRESENT
KBBPvKP.rtbz;6-DTZ;6-DTZ;PRESENT
KBBPvKQ.rtbz;6-DTZ;6-DTZ;PRESENT
KBBPvKR.rtbz;6-DTZ;6-DTZ;PRESENT
KBBvKBB.rtbz;6-DTZ;6-DTZ;PRESENT
KBBvKBN.rtbz;6-DTZ;6-DTZ;PRESENT
KBBvKBP.rtbz;6-DTZ;6-DTZ;PRESENT
KBBvKNN.rtbz;6-DTZ;6-DTZ;PRESENT
KBBvKNP.rtbz;6-DTZ;6-DTZ;PRESENT
KBBvKPP.rtbz;6-DTZ;6-DTZ;PRESENT
KBNNNvK.rtbz;6-DTZ;6-DTZ;PRESENT
KBNNPvK.rtbz;6-DTZ;6-DTZ;PRESENT
KBNNvKB.rtbz;6-DTZ;6-DTZ;PRESENT
KBNNvKN.rtbz;6-DTZ;6-DTZ;PRESENT
KBNNvKP.rtbz;6-DTZ;6-DTZ;PRESENT
KBNNvKQ.rtbz;6-DTZ;6-DTZ;PRESENT
KBNNvKR.rtbz;6-DTZ;6-DTZ;PRESENT
KBNPPvK.rtbz;6-DTZ;6-DTZ;PRESENT
KBNPvKB.rtbz;6-DTZ;6-DTZ;PRESENT
KBNPvKN.rtbz;6-DTZ;6-DTZ;PRESENT
KBNPvKP.rtbz;6-DTZ;6-DTZ;PRESENT
KBNPvKQ.rtbz;6-DTZ;6-DTZ;PRESENT
KBNPvKR.rtbz;6-DTZ;6-DTZ;PRESENT
KBNvKBN.rtbz;6-DTZ;6-DTZ;PRESENT
KBNvKBP.rtbz;6-DTZ;6-DTZ;PRESENT
KBNvKNN.rtbz;6-DTZ;6-DTZ;PRESENT
KBNvKNP.rtbz;6-DTZ;6-DTZ;PRESENT
KBNvKPP.rtbz;6-DTZ;6-DTZ;PRESENT
KBPPPvK.rtbz;6-DTZ;6-DTZ;PRESENT
KBPPvKB.rtbz;6-DTZ;6-DTZ;PRESENT
KBPPvKN.rtbz;6-DTZ;6-DTZ;PRESENT
KBPPvKP.rtbz;6-DTZ;6-DTZ;PRESENT
KBPPvKQ.rtbz;6-DTZ;6-DTZ;PRESENT
KBPPvKR.rtbz;6-DTZ;6-DTZ;PRESENT
KBPvKBP.rtbz;6-DTZ;6-DTZ;PRESENT
KBPvKNN.rtbz;6-DTZ;6-DTZ;PRESENT
KBPvKNP.rtbz;6-DTZ;6-DTZ;PRESENT
KBPvKPP.rtbz;6-DTZ;6-DTZ;PRESENT
KNNNNvK.rtbz;6-DTZ;6-DTZ;PRESENT
KNNNPvK.rtbz;6-DTZ;6-DTZ;PRESENT
KNNNvKB.rtbz;6-DTZ;6-DTZ;PRESENT
KNNNvKN.rtbz;6-DTZ;6-DTZ;PRESENT
KNNNvKP.rtbz;6-DTZ;6-DTZ;PRESENT
KNNNvKQ.rtbz;6-DTZ;6-DTZ;PRESENT
KNNNvKR.rtbz;6-DTZ;6-DTZ;PRESENT
KNNPPvK.rtbz;6-DTZ;6-DTZ;PRESENT
KNNPvKB.rtbz;6-DTZ;6-DTZ;PRESENT
KNNPvKN.rtbz;6-DTZ;6-DTZ;PRESENT
KNNPvKP.rtbz;6-DTZ;6-DTZ;PRESENT
KNNPvKQ.rtbz;6-DTZ;6-DTZ;PRESENT
KNNPvKR.rtbz;6-DTZ;6-DTZ;PRESENT
KNNvKNN.rtbz;6-DTZ;6-DTZ;PRESENT
KNNvKNP.rtbz;6-DTZ;6-DTZ;PRESENT
KNNvKPP.rtbz;6-DTZ;6-DTZ;PRESENT
KNPPPvK.rtbz;6-DTZ;6-DTZ;PRESENT
KNPPvKB.rtbz;6-DTZ;6-DTZ;PRESENT
KNPPvKN.rtbz;6-DTZ;6-DTZ;PRESENT
KNPPvKP.rtbz;6-DTZ;6-DTZ;PRESENT
KNPPvKQ.rtbz;6-DTZ;6-DTZ;PRESENT
KNPPvKR.rtbz;6-DTZ;6-DTZ;PRESENT
KNPvKNP.rtbz;6-DTZ;6-DTZ;PRESENT
KNPvKPP.rtbz;6-DTZ;6-DTZ;PRESENT
KPPPPvK.rtbz;6-DTZ;6-DTZ;PRESENT
KPPPvKB.rtbz;6-DTZ;6-DTZ;PRESENT
KPPPvKN.rtbz;6-DTZ;6-DTZ;PRESENT
KPPPvKP.rtbz;6-DTZ;6-DTZ;PRESENT
KPPPvKQ.rtbz;6-DTZ;6-DTZ;PRESENT
KPPPvKR.rtbz;6-DTZ;6-DTZ;PRESENT
KPPvKPP.rtbz;6-DTZ;6-DTZ;PRESENT
KQBBBvK.rtbz;6-DTZ;6-DTZ;PRESENT
KQBBNvK.rtbz;6-DTZ;6-DTZ;PRESENT
KQBBPvK.rtbz;6-DTZ;6-DTZ;PRESENT
KQBBvKB.rtbz;6-DTZ;6-DTZ;PRESENT
KQBBvKN.rtbz;6-DTZ;6-DTZ;PRESENT
KQBBvKP.rtbz;6-DTZ;6-DTZ;PRESENT
KQBBvKQ.rtbz;6-DTZ;6-DTZ;PRESENT
KQBBvKR.rtbz;6-DTZ;6-DTZ;PRESENT
KQBNNvK.rtbz;6-DTZ;6-DTZ;PRESENT
KQBNPvK.rtbz;6-DTZ;6-DTZ;PRESENT
KQBNvKB.rtbz;6-DTZ;6-DTZ;PRESENT
KQBNvKN.rtbz;6-DTZ;6-DTZ;PRESENT
KQBNvKP.rtbz;6-DTZ;6-DTZ;PRESENT
KQBNvKQ.rtbz;6-DTZ;6-DTZ;PRESENT
KQBNvKR.rtbz;6-DTZ;6-DTZ;PRESENT
KQBPPvK.rtbz;6-DTZ;6-DTZ;PRESENT
KQBPvKB.rtbz;6-DTZ;6-DTZ;PRESENT
KQBPvKN.rtbz;6-DTZ;6-DTZ;PRESENT
KQBPvKP.rtbz;6-DTZ;6-DTZ;PRESENT
KQBPvKQ.rtbz;6-DTZ;6-DTZ;PRESENT
KQBPvKR.rtbz;6-DTZ;6-DTZ;PRESENT
KQBvKBB.rtbz;6-DTZ;6-DTZ;PRESENT
KQBvKBN.rtbz;6-DTZ;6-DTZ;PRESENT
KQBvKBP.rtbz;6-DTZ;6-DTZ;PRESENT
KQBvKNN.rtbz;6-DTZ;6-DTZ;PRESENT
KQBvKNP.rtbz;6-DTZ;6-DTZ;PRESENT
KQBvKPP.rtbz;6-DTZ;6-DTZ;PRESENT
KQBvKQB.rtbz;6-DTZ;6-DTZ;PRESENT
KQBvKQN.rtbz;6-DTZ;6-DTZ;PRESENT
KQBvKQP.rtbz;6-DTZ;6-DTZ;PRESENT
KQBvKRB.rtbz;6-DTZ;6-DTZ;PRESENT
KQBvKRN.rtbz;6-DTZ;6-DTZ;PRESENT
KQBvKRP.rtbz;6-DTZ;6-DTZ;PRESENT
KQBvKRR.rtbz;6-DTZ;6-DTZ;PRESENT
KQNNNvK.rtbz;6-DTZ;6-DTZ;PRESENT
KQNNPvK.rtbz;6-DTZ;6-DTZ;PRESENT
KQNNvKB.rtbz;6-DTZ;6-DTZ;PRESENT
KQNNvKN.rtbz;6-DTZ;6-DTZ;PRESENT
KQNNvKP.rtbz;6-DTZ;6-DTZ;PRESENT
KQNNvKQ.rtbz;6-DTZ;6-DTZ;PRESENT
KQNNvKR.rtbz;6-DTZ;6-DTZ;PRESENT
KQNPPvK.rtbz;6-DTZ;6-DTZ;PRESENT
KQNPvKB.rtbz;6-DTZ;6-DTZ;PRESENT
KQNPvKN.rtbz;6-DTZ;6-DTZ;PRESENT
KQNPvKP.rtbz;6-DTZ;6-DTZ;PRESENT
KQNPvKQ.rtbz;6-DTZ;6-DTZ;PRESENT
KQNPvKR.rtbz;6-DTZ;6-DTZ;PRESENT
KQNvKBB.rtbz;6-DTZ;6-DTZ;PRESENT
KQNvKBN.rtbz;6-DTZ;6-DTZ;PRESENT
KQNvKBP.rtbz;6-DTZ;6-DTZ;PRESENT
KQNvKNN.rtbz;6-DTZ;6-DTZ;PRESENT
KQNvKNP.rtbz;6-DTZ;6-DTZ;PRESENT
KQNvKPP.rtbz;6-DTZ;6-DTZ;PRESENT
KQNvKQN.rtbz;6-DTZ;6-DTZ;PRESENT
KQNvKQP.rtbz;6-DTZ;6-DTZ;PRESENT
KQNvKRB.rtbz;6-DTZ;6-DTZ;PRESENT
KQNvKRN.rtbz;6-DTZ;6-DTZ;PRESENT
KQNvKRP.rtbz;6-DTZ;6-DTZ;PRESENT
KQNvKRR.rtbz;6-DTZ;6-DTZ;PRESENT
KQPPPvK.rtbz;6-DTZ;6-DTZ;PRESENT
KQPPvKB.rtbz;6-DTZ;6-DTZ;PRESENT
KQPPvKN.rtbz;6-DTZ;6-DTZ;PRESENT
KQPPvKP.rtbz;6-DTZ;6-DTZ;PRESENT
KQPPvKQ.rtbz;6-DTZ;6-DTZ;PRESENT
KQPPvKR.rtbz;6-DTZ;6-DTZ;PRESENT
KQPvKBB.rtbz;6-DTZ;6-DTZ;PRESENT
KQPvKBN.rtbz;6-DTZ;6-DTZ;PRESENT
KQPvKBP.rtbz;6-DTZ;6-DTZ;PRESENT
KQPvKNN.rtbz;6-DTZ;6-DTZ;PRESENT
KQPvKNP.rtbz;6-DTZ;6-DTZ;PRESENT
KQPvKPP.rtbz;6-DTZ;6-DTZ;PRESENT
KQPvKQP.rtbz;6-DTZ;6-DTZ;PRESENT
KQPvKRB.rtbz;6-DTZ;6-DTZ;PRESENT
KQPvKRN.rtbz;6-DTZ;6-DTZ;PRESENT
KQPvKRP.rtbz;6-DTZ;6-DTZ;PRESENT
KQPvKRR.rtbz;6-DTZ;6-DTZ;PRESENT
KQQBBvK.rtbz;6-DTZ;6-DTZ;PRESENT
KQQBNvK.rtbz;6-DTZ;6-DTZ;PRESENT
KQQBPvK.rtbz;6-DTZ;6-DTZ;PRESENT
KQQBvKB.rtbz;6-DTZ;6-DTZ;PRESENT
KQQBvKN.rtbz;6-DTZ;6-DTZ;PRESENT
KQQBvKP.rtbz;6-DTZ;6-DTZ;PRESENT
KQQBvKQ.rtbz;6-DTZ;6-DTZ;PRESENT
KQQBvKR.rtbz;6-DTZ;6-DTZ;PRESENT
KQQNNvK.rtbz;6-DTZ;6-DTZ;PRESENT
KQQNPvK.rtbz;6-DTZ;6-DTZ;PRESENT
KQQNvKB.rtbz;6-DTZ;6-DTZ;PRESENT
KQQNvKN.rtbz;6-DTZ;6-DTZ;PRESENT
KQQNvKP.rtbz;6-DTZ;6-DTZ;PRESENT
KQQNvKQ.rtbz;6-DTZ;6-DTZ;PRESENT
KQQNvKR.rtbz;6-DTZ;6-DTZ;PRESENT
KQQPPvK.rtbz;6-DTZ;6-DTZ;PRESENT
KQQPvKB.rtbz;6-DTZ;6-DTZ;PRESENT
KQQPvKN.rtbz;6-DTZ;6-DTZ;PRESENT
KQQPvKP.rtbz;6-DTZ;6-DTZ;PRESENT
KQQPvKQ.rtbz;6-DTZ;6-DTZ;PRESENT
KQQPvKR.rtbz;6-DTZ;6-DTZ;PRESENT
KQQQBvK.rtbz;6-DTZ;6-DTZ;PRESENT
KQQQNvK.rtbz;6-DTZ;6-DTZ;PRESENT
KQQQPvK.rtbz;6-DTZ;6-DTZ;PRESENT
KQQQQvK.rtbz;6-DTZ;6-DTZ;PRESENT
KQQQRvK.rtbz;6-DTZ;6-DTZ;PRESENT
KQQQvKB.rtbz;6-DTZ;6-DTZ;PRESENT
KQQQvKN.rtbz;6-DTZ;6-DTZ;PRESENT
KQQQvKP.rtbz;6-DTZ;6-DTZ;PRESENT
KQQQvKQ.rtbz;6-DTZ;6-DTZ;PRESENT
KQQQvKR.rtbz;6-DTZ;6-DTZ;PRESENT
KQQRBvK.rtbz;6-DTZ;6-DTZ;PRESENT
KQQRNvK.rtbz;6-DTZ;6-DTZ;PRESENT
KQQRPvK.rtbz;6-DTZ;6-DTZ;PRESENT
KQQRRvK.rtbz;6-DTZ;6-DTZ;PRESENT
KQQRvKB.rtbz;6-DTZ;6-DTZ;PRESENT
KQQRvKN.rtbz;6-DTZ;6-DTZ;PRESENT
KQQRvKP.rtbz;6-DTZ;6-DTZ;PRESENT
KQQRvKQ.rtbz;6-DTZ;6-DTZ;PRESENT
KQQRvKR.rtbz;6-DTZ;6-DTZ;PRESENT
KQQvKBB.rtbz;6-DTZ;6-DTZ;PRESENT
KQQvKBN.rtbz;6-DTZ;6-DTZ;PRESENT
KQQvKBP.rtbz;6-DTZ;6-DTZ;PRESENT
KQQvKNN.rtbz;6-DTZ;6-DTZ;PRESENT
KQQvKNP.rtbz;6-DTZ;6-DTZ;PRESENT
KQQvKPP.rtbz;6-DTZ;6-DTZ;PRESENT
KQQvKQB.rtbz;6-DTZ;6-DTZ;PRESENT
KQQvKQN.rtbz;6-DTZ;6-DTZ;PRESENT
KQQvKQP.rtbz;6-DTZ;6-DTZ;PRESENT
KQQvKQQ.rtbz;6-DTZ;6-DTZ;PRESENT
KQQvKQR.rtbz;6-DTZ;6-DTZ;PRESENT
KQQvKRB.rtbz;6-DTZ;6-DTZ;PRESENT
KQQvKRN.rtbz;6-DTZ;6-DTZ;PRESENT
KQQvKRP.rtbz;6-DTZ;6-DTZ;PRESENT
KQQvKRR.rtbz;6-DTZ;6-DTZ;PRESENT
KQRBBvK.rtbz;6-DTZ;6-DTZ;PRESENT
KQRBNvK.rtbz;6-DTZ;6-DTZ;PRESENT
KQRBPvK.rtbz;6-DTZ;6-DTZ;PRESENT
KQRBvKB.rtbz;6-DTZ;6-DTZ;PRESENT
KQRBvKN.rtbz;6-DTZ;6-DTZ;PRESENT
KQRBvKP.rtbz;6-DTZ;6-DTZ;PRESENT
KQRBvKQ.rtbz;6-DTZ;6-DTZ;PRESENT
KQRBvKR.rtbz;6-DTZ;6-DTZ;PRESENT
KQRNNvK.rtbz;6-DTZ;6-DTZ;PRESENT
KQRNPvK.rtbz;6-DTZ;6-DTZ;PRESENT
KQRNvKB.rtbz;6-DTZ;6-DTZ;PRESENT
KQRNvKN.rtbz;6-DTZ;6-DTZ;PRESENT
KQRNvKP.rtbz;6-DTZ;6-DTZ;PRESENT
KQRNvKQ.rtbz;6-DTZ;6-DTZ;PRESENT
KQRNvKR.rtbz;6-DTZ;6-DTZ;PRESENT
KQRPPvK.rtbz;6-DTZ;6-DTZ;PRESENT
KQRPvKB.rtbz;6-DTZ;6-DTZ;PRESENT
KQRPvKN.rtbz;6-DTZ;6-DTZ;PRESENT
KQRPvKP.rtbz;6-DTZ;6-DTZ;PRESENT
KQRPvKQ.rtbz;6-DTZ;6-DTZ;PRESENT
KQRPvKR.rtbz;6-DTZ;6-DTZ;PRESENT
KQRRBvK.rtbz;6-DTZ;6-DTZ;PRESENT
KQRRNvK.rtbz;6-DTZ;6-DTZ;PRESENT
KQRRPvK.rtbz;6-DTZ;6-DTZ;PRESENT
KQRRRvK.rtbz;6-DTZ;6-DTZ;PRESENT
KQRRvKB.rtbz;6-DTZ;6-DTZ;PRESENT
KQRRvKN.rtbz;6-DTZ;6-DTZ;PRESENT
KQRRvKP.rtbz;6-DTZ;6-DTZ;PRESENT
KQRRvKQ.rtbz;6-DTZ;6-DTZ;PRESENT
KQRRvKR.rtbz;6-DTZ;6-DTZ;PRESENT
KQRvKBB.rtbz;6-DTZ;6-DTZ;PRESENT
KQRvKBN.rtbz;6-DTZ;6-DTZ;PRESENT
KQRvKBP.rtbz;6-DTZ;6-DTZ;PRESENT
KQRvKNN.rtbz;6-DTZ;6-DTZ;PRESENT
KQRvKNP.rtbz;6-DTZ;6-DTZ;PRESENT
KQRvKPP.rtbz;6-DTZ;6-DTZ;PRESENT
KQRvKQB.rtbz;6-DTZ;6-DTZ;PRESENT
KQRvKQN.rtbz;6-DTZ;6-DTZ;PRESENT
KQRvKQP.rtbz;6-DTZ;6-DTZ;PRESENT
KQRvKQR.rtbz;6-DTZ;6-DTZ;PRESENT
KQRvKRB.rtbz;6-DTZ;6-DTZ;PRESENT
KQRvKRN.rtbz;6-DTZ;6-DTZ;PRESENT
KQRvKRP.rtbz;6-DTZ;6-DTZ;PRESENT
KQRvKRR.rtbz;6-DTZ;6-DTZ;PRESENT
KRBBBvK.rtbz;6-DTZ;6-DTZ;PRESENT
KRBBNvK.rtbz;6-DTZ;6-DTZ;PRESENT
KRBBPvK.rtbz;6-DTZ;6-DTZ;PRESENT
KRBBvKB.rtbz;6-DTZ;6-DTZ;PRESENT
KRBBvKN.rtbz;6-DTZ;6-DTZ;PRESENT
KRBBvKP.rtbz;6-DTZ;6-DTZ;PRESENT
KRBBvKQ.rtbz;6-DTZ;6-DTZ;PRESENT
KRBBvKR.rtbz;6-DTZ;6-DTZ;PRESENT
KRBNNvK.rtbz;6-DTZ;6-DTZ;PRESENT
KRBNPvK.rtbz;6-DTZ;6-DTZ;PRESENT
KRBNvKB.rtbz;6-DTZ;6-DTZ;PRESENT
KRBNvKN.rtbz;6-DTZ;6-DTZ;PRESENT
KRBNvKP.rtbz;6-DTZ;6-DTZ;PRESENT
KRBNvKQ.rtbz;6-DTZ;6-DTZ;PRESENT
KRBNvKR.rtbz;6-DTZ;6-DTZ;PRESENT
KRBPPvK.rtbz;6-DTZ;6-DTZ;PRESENT
KRBPvKB.rtbz;6-DTZ;6-DTZ;PRESENT
KRBPvKN.rtbz;6-DTZ;6-DTZ;PRESENT
KRBPvKP.rtbz;6-DTZ;6-DTZ;PRESENT
KRBPvKQ.rtbz;6-DTZ;6-DTZ;PRESENT
KRBPvKR.rtbz;6-DTZ;6-DTZ;PRESENT
KRBvKBB.rtbz;6-DTZ;6-DTZ;PRESENT
KRBvKBN.rtbz;6-DTZ;6-DTZ;PRESENT
KRBvKBP.rtbz;6-DTZ;6-DTZ;PRESENT
KRBvKNN.rtbz;6-DTZ;6-DTZ;PRESENT
KRBvKNP.rtbz;6-DTZ;6-DTZ;PRESENT
KRBvKPP.rtbz;6-DTZ;6-DTZ;PRESENT
KRBvKRB.rtbz;6-DTZ;6-DTZ;PRESENT
KRBvKRN.rtbz;6-DTZ;6-DTZ;PRESENT
KRBvKRP.rtbz;6-DTZ;6-DTZ;PRESENT
KRNNNvK.rtbz;6-DTZ;6-DTZ;PRESENT
KRNNPvK.rtbz;6-DTZ;6-DTZ;PRESENT
KRNNvKB.rtbz;6-DTZ;6-DTZ;PRESENT
KRNNvKN.rtbz;6-DTZ;6-DTZ;PRESENT
KRNNvKP.rtbz;6-DTZ;6-DTZ;PRESENT
KRNNvKQ.rtbz;6-DTZ;6-DTZ;PRESENT
KRNNvKR.rtbz;6-DTZ;6-DTZ;PRESENT
KRNPPvK.rtbz;6-DTZ;6-DTZ;PRESENT
KRNPvKB.rtbz;6-DTZ;6-DTZ;PRESENT
KRNPvKN.rtbz;6-DTZ;6-DTZ;PRESENT
KRNPvKP.rtbz;6-DTZ;6-DTZ;PRESENT
KRNPvKQ.rtbz;6-DTZ;6-DTZ;PRESENT
KRNPvKR.rtbz;6-DTZ;6-DTZ;PRESENT
KRNvKBB.rtbz;6-DTZ;6-DTZ;PRESENT
KRNvKBN.rtbz;6-DTZ;6-DTZ;PRESENT
KRNvKBP.rtbz;6-DTZ;6-DTZ;PRESENT
KRNvKNN.rtbz;6-DTZ;6-DTZ;PRESENT
KRNvKNP.rtbz;6-DTZ;6-DTZ;PRESENT
KRNvKPP.rtbz;6-DTZ;6-DTZ;PRESENT
KRNvKRN.rtbz;6-DTZ;6-DTZ;PRESENT
KRNvKRP.rtbz;6-DTZ;6-DTZ;PRESENT
KRPPPvK.rtbz;6-DTZ;6-DTZ;PRESENT
KRPPvKB.rtbz;6-DTZ;6-DTZ;PRESENT
KRPPvKN.rtbz;6-DTZ;6-DTZ;PRESENT
KRPPvKP.rtbz;6-DTZ;6-DTZ;PRESENT
KRPPvKQ.rtbz;6-DTZ;6-DTZ;PRESENT
KRPPvKR.rtbz;6-DTZ;6-DTZ;PRESENT
KRPvKBB.rtbz;6-DTZ;6-DTZ;PRESENT
KRPvKBN.rtbz;6-DTZ;6-DTZ;PRESENT
KRPvKBP.rtbz;6-DTZ;6-DTZ;PRESENT
KRPvKNN.rtbz;6-DTZ;6-DTZ;PRESENT
KRPvKNP.rtbz;6-DTZ;6-DTZ;PRESENT
KRPvKPP.rtbz;6-DTZ;6-DTZ;PRESENT
KRPvKRP.rtbz;6-DTZ;6-DTZ;PRESENT
KRRBBvK.rtbz;6-DTZ;6-DTZ;PRESENT
KRRBNvK.rtbz;6-DTZ;6-DTZ;PRESENT
KRRBPvK.rtbz;6-DTZ;6-DTZ;PRESENT
KRRBvKB.rtbz;6-DTZ;6-DTZ;PRESENT
KRRBvKN.rtbz;6-DTZ;6-DTZ;PRESENT
KRRBvKP.rtbz;6-DTZ;6-DTZ;PRESENT
KRRBvKQ.rtbz;6-DTZ;6-DTZ;PRESENT
KRRBvKR.rtbz;6-DTZ;6-DTZ;PRESENT
KRRNNvK.rtbz;6-DTZ;6-DTZ;PRESENT
KRRNPvK.rtbz;6-DTZ;6-DTZ;PRESENT
KRRNvKB.rtbz;6-DTZ;6-DTZ;PRESENT
KRRNvKN.rtbz;6-DTZ;6-DTZ;PRESENT
KRRNvKP.rtbz;6-DTZ;6-DTZ;PRESENT
KRRNvKQ.rtbz;6-DTZ;6-DTZ;PRESENT
KRRNvKR.rtbz;6-DTZ;6-DTZ;PRESENT
KRRPPvK.rtbz;6-DTZ;6-DTZ;PRESENT
KRRPvKB.rtbz;6-DTZ;6-DTZ;PRESENT
KRRPvKN.rtbz;6-DTZ;6-DTZ;PRESENT
KRRPvKP.rtbz;6-DTZ;6-DTZ;PRESENT
KRRPvKQ.rtbz;6-DTZ;6-DTZ;PRESENT
KRRPvKR.rtbz;6-DTZ;6-DTZ;PRESENT
KRRRBvK.rtbz;6-DTZ;6-DTZ;PRESENT
KRRRNvK.rtbz;6-DTZ;6-DTZ;PRESENT
KRRRPvK.rtbz;6-DTZ;6-DTZ;PRESENT
KRRRRvK.rtbz;6-DTZ;6-DTZ;PRESENT
KRRRvKB.rtbz;6-DTZ;6-DTZ;PRESENT
KRRRvKN.rtbz;6-DTZ;6-DTZ;PRESENT
KRRRvKP.rtbz;6-DTZ;6-DTZ;PRESENT
KRRRvKQ.rtbz;6-DTZ;6-DTZ;PRESENT
KRRRvKR.rtbz;6-DTZ;6-DTZ;PRESENT
KRRvKBB.rtbz;6-DTZ;6-DTZ;PRESENT
KRRvKBN.rtbz;6-DTZ;6-DTZ;PRESENT
KRRvKBP.rtbz;6-DTZ;6-DTZ;PRESENT
KRRvKNN.rtbz;6-DTZ;6-DTZ;PRESENT
KRRvKNP.rtbz;6-DTZ;6-DTZ;PRESENT
KRRvKPP.rtbz;6-DTZ;6-DTZ;PRESENT
KRRvKRB.rtbz;6-DTZ;6-DTZ;PRESENT
KRRvKRN.rtbz;6-DTZ;6-DTZ;PRESENT
KRRvKRP.rtbz;6-DTZ;6-DTZ;PRESENT
KRRvKRR.rtbz;6-DTZ;6-DTZ;PRESENT
KBBBvKBP.rtbw;7-WDL;7-WDL;PRESENT
KBBBvKNP.rtbw;7-WDL;7-WDL;PRESENT
KBBBvKPP.rtbw;7-WDL;7-WDL;PRESENT
KBBBvKQP.rtbw;7-WDL;7-WDL;PRESENT
KBBBvKRP.rtbw;7-WDL;7-WDL;PRESENT
KBBNvKBP.rtbw;7-WDL;7-WDL;PRESENT
KBBNvKNP.rtbw;7-WDL;7-WDL;PRESENT
KBBNvKPP.rtbw;7-WDL;7-WDL;PRESENT
KBBNvKQP.rtbw;7-WDL;7-WDL;PRESENT
KBBNvKRP.rtbw;7-WDL;7-WDL;PRESENT
KBBPvKBB.rtbw;7-WDL;7-WDL;PRESENT
KBBPvKBN.rtbw;7-WDL;7-WDL;PRESENT
KBBPvKBP.rtbw;7-WDL;7-WDL;PRESENT
KBBPvKNN.rtbw;7-WDL;7-WDL;PRESENT
KBBPvKNP.rtbw;7-WDL;7-WDL;PRESENT
KBBPvKPP.rtbw;7-WDL;7-WDL;PRESENT
KBBPvKQB.rtbw;7-WDL;7-WDL;PRESENT
KBBPvKQN.rtbw;7-WDL;7-WDL;PRESENT
KBBPvKQP.rtbw;7-WDL;7-WDL;PRESENT
KBBPvKQQ.rtbw;7-WDL;7-WDL;PRESENT
KBBPvKQR.rtbw;7-WDL;7-WDL;PRESENT
KBBPvKRB.rtbw;7-WDL;7-WDL;PRESENT
KBBPvKRN.rtbw;7-WDL;7-WDL;PRESENT
KBBPvKRP.rtbw;7-WDL;7-WDL;PRESENT
KBBPvKRR.rtbw;7-WDL;7-WDL;PRESENT
KBNNvKBP.rtbw;7-WDL;7-WDL;PRESENT
KBNNvKNP.rtbw;7-WDL;7-WDL;PRESENT
KBNNvKPP.rtbw;7-WDL;7-WDL;PRESENT
KBNNvKQP.rtbw;7-WDL;7-WDL;PRESENT
KBNNvKRP.rtbw;7-WDL;7-WDL;PRESENT
KBNPvKBB.rtbw;7-WDL;7-WDL;PRESENT
KBNPvKBN.rtbw;7-WDL;7-WDL;PRESENT
KBNPvKBP.rtbw;7-WDL;7-WDL;PRESENT
KBNPvKNN.rtbw;7-WDL;7-WDL;PRESENT
KBNPvKNP.rtbw;7-WDL;7-WDL;PRESENT
KBNPvKPP.rtbw;7-WDL;7-WDL;PRESENT
KBNPvKQB.rtbw;7-WDL;7-WDL;PRESENT
KBNPvKQN.rtbw;7-WDL;7-WDL;PRESENT
KBNPvKQP.rtbw;7-WDL;7-WDL;PRESENT
KBNPvKQQ.rtbw;7-WDL;7-WDL;PRESENT
KBNPvKQR.rtbw;7-WDL;7-WDL;PRESENT
KBNPvKRB.rtbw;7-WDL;7-WDL;PRESENT
KBNPvKRN.rtbw;7-WDL;7-WDL;PRESENT
KBNPvKRP.rtbw;7-WDL;7-WDL;PRESENT
KBNPvKRR.rtbw;7-WDL;7-WDL;PRESENT
KBPPvKBB.rtbw;7-WDL;7-WDL;PRESENT
KBPPvKBN.rtbw;7-WDL;7-WDL;PRESENT
KBPPvKBP.rtbw;7-WDL;7-WDL;PRESENT
KBPPvKNN.rtbw;7-WDL;7-WDL;PRESENT
KBPPvKNP.rtbw;7-WDL;7-WDL;PRESENT
KBPPvKPP.rtbw;7-WDL;7-WDL;PRESENT
KBPPvKQB.rtbw;7-WDL;7-WDL;PRESENT
KBPPvKQN.rtbw;7-WDL;7-WDL;PRESENT
KBPPvKQP.rtbw;7-WDL;7-WDL;PRESENT
KBPPvKQQ.rtbw;7-WDL;7-WDL;PRESENT
KBPPvKQR.rtbw;7-WDL;7-WDL;PRESENT
KBPPvKRB.rtbw;7-WDL;7-WDL;PRESENT
KBPPvKRN.rtbw;7-WDL;7-WDL;PRESENT
KBPPvKRP.rtbw;7-WDL;7-WDL;PRESENT
KBPPvKRR.rtbw;7-WDL;7-WDL;PRESENT
KNNNvKBP.rtbw;7-WDL;7-WDL;PRESENT
KNNNvKNP.rtbw;7-WDL;7-WDL;PRESENT
KNNNvKPP.rtbw;7-WDL;7-WDL;PRESENT
KNNNvKQP.rtbw;7-WDL;7-WDL;PRESENT
KNNNvKRP.rtbw;7-WDL;7-WDL;PRESENT
KNNPvKBB.rtbw;7-WDL;7-WDL;PRESENT
KNNPvKBN.rtbw;7-WDL;7-WDL;PRESENT
KNNPvKBP.rtbw;7-WDL;7-WDL;PRESENT
KNNPvKNN.rtbw;7-WDL;7-WDL;PRESENT
KNNPvKNP.rtbw;7-WDL;7-WDL;PRESENT
KNNPvKPP.rtbw;7-WDL;7-WDL;PRESENT
KNNPvKQB.rtbw;7-WDL;7-WDL;PRESENT
KNNPvKQN.rtbw;7-WDL;7-WDL;PRESENT
KNNPvKQP.rtbw;7-WDL;7-WDL;PRESENT
KNNPvKQQ.rtbw;7-WDL;7-WDL;PRESENT
KNNPvKQR.rtbw;7-WDL;7-WDL;PRESENT
KNNPvKRB.rtbw;7-WDL;7-WDL;PRESENT
KNNPvKRN.rtbw;7-WDL;7-WDL;PRESENT
KNNPvKRP.rtbw;7-WDL;7-WDL;PRESENT
KNNPvKRR.rtbw;7-WDL;7-WDL;PRESENT
KNPPvKBB.rtbw;7-WDL;7-WDL;PRESENT
KNPPvKBN.rtbw;7-WDL;7-WDL;PRESENT
KNPPvKBP.rtbw;7-WDL;7-WDL;PRESENT
KNPPvKNN.rtbw;7-WDL;7-WDL;PRESENT
KNPPvKNP.rtbw;7-WDL;7-WDL;PRESENT
KNPPvKPP.rtbw;7-WDL;7-WDL;PRESENT
KNPPvKQB.rtbw;7-WDL;7-WDL;PRESENT
KNPPvKQN.rtbw;7-WDL;7-WDL;PRESENT
KNPPvKQP.rtbw;7-WDL;7-WDL;PRESENT
KNPPvKQQ.rtbw;7-WDL;7-WDL;PRESENT
KNPPvKQR.rtbw;7-WDL;7-WDL;PRESENT
KNPPvKRB.rtbw;7-WDL;7-WDL;PRESENT
KNPPvKRN.rtbw;7-WDL;7-WDL;PRESENT
KNPPvKRP.rtbw;7-WDL;7-WDL;PRESENT
KNPPvKRR.rtbw;7-WDL;7-WDL;PRESENT
KPPPvKBB.rtbw;7-WDL;7-WDL;PRESENT
KPPPvKBN.rtbw;7-WDL;7-WDL;PRESENT
KPPPvKBP.rtbw;7-WDL;7-WDL;PRESENT
KPPPvKNN.rtbw;7-WDL;7-WDL;PRESENT
KPPPvKNP.rtbw;7-WDL;7-WDL;PRESENT
KPPPvKPP.rtbw;7-WDL;7-WDL;PRESENT
KPPPvKQB.rtbw;7-WDL;7-WDL;PRESENT
KPPPvKQN.rtbw;7-WDL;7-WDL;PRESENT
KPPPvKQP.rtbw;7-WDL;7-WDL;PRESENT
KPPPvKQQ.rtbw;7-WDL;7-WDL;PRESENT
KPPPvKQR.rtbw;7-WDL;7-WDL;PRESENT
KPPPvKRB.rtbw;7-WDL;7-WDL;PRESENT
KPPPvKRN.rtbw;7-WDL;7-WDL;PRESENT
KPPPvKRP.rtbw;7-WDL;7-WDL;PRESENT
KPPPvKRR.rtbw;7-WDL;7-WDL;PRESENT
KQBBvKBP.rtbw;7-WDL;7-WDL;PRESENT
KQBBvKNP.rtbw;7-WDL;7-WDL;PRESENT
KQBBvKPP.rtbw;7-WDL;7-WDL;PRESENT
KQBBvKQP.rtbw;7-WDL;7-WDL;PRESENT
KQBBvKRP.rtbw;7-WDL;7-WDL;PRESENT
KQBNvKBP.rtbw;7-WDL;7-WDL;PRESENT
KQBNvKNP.rtbw;7-WDL;7-WDL;PRESENT
KQBNvKPP.rtbw;7-WDL;7-WDL;PRESENT
KQBNvKQP.rtbw;7-WDL;7-WDL;PRESENT
KQBNvKRP.rtbw;7-WDL;7-WDL;PRESENT
KQBPvKBB.rtbw;7-WDL;7-WDL;PRESENT
KQBPvKBN.rtbw;7-WDL;7-WDL;PRESENT
KQBPvKBP.rtbw;7-WDL;7-WDL;PRESENT
KQBPvKNN.rtbw;7-WDL;7-WDL;PRESENT
KQBPvKNP.rtbw;7-WDL;7-WDL;PRESENT
KQBPvKPP.rtbw;7-WDL;7-WDL;PRESENT
KQBPvKQB.rtbw;7-WDL;7-WDL;PRESENT
KQBPvKQN.rtbw;7-WDL;7-WDL;PRESENT
KQBPvKQP.rtbw;7-WDL;7-WDL;PRESENT
KQBPvKQQ.rtbw;7-WDL;7-WDL;PRESENT
KQBPvKQR.rtbw;7-WDL;7-WDL;PRESENT
KQBPvKRB.rtbw;7-WDL;7-WDL;PRESENT
KQBPvKRN.rtbw;7-WDL;7-WDL;PRESENT
KQBPvKRP.rtbw;7-WDL;7-WDL;PRESENT
KQBPvKRR.rtbw;7-WDL;7-WDL;PRESENT
KQNNvKBP.rtbw;7-WDL;7-WDL;PRESENT
KQNNvKNP.rtbw;7-WDL;7-WDL;PRESENT
KQNNvKPP.rtbw;7-WDL;7-WDL;PRESENT
KQNNvKQP.rtbw;7-WDL;7-WDL;PRESENT
KQNNvKRP.rtbw;7-WDL;7-WDL;PRESENT
KQNPvKBB.rtbw;7-WDL;7-WDL;PRESENT
KQNPvKBN.rtbw;7-WDL;7-WDL;PRESENT
KQNPvKBP.rtbw;7-WDL;7-WDL;PRESENT
KQNPvKNN.rtbw;7-WDL;7-WDL;PRESENT
KQNPvKNP.rtbw;7-WDL;7-WDL;PRESENT
KQNPvKPP.rtbw;7-WDL;7-WDL;PRESENT
KQNPvKQB.rtbw;7-WDL;7-WDL;PRESENT
KQNPvKQN.rtbw;7-WDL;7-WDL;PRESENT
KQNPvKQP.rtbw;7-WDL;7-WDL;PRESENT
KQNPvKQQ.rtbw;7-WDL;7-WDL;PRESENT
KQNPvKQR.rtbw;7-WDL;7-WDL;PRESENT
KQNPvKRB.rtbw;7-WDL;7-WDL;PRESENT
KQNPvKRN.rtbw;7-WDL;7-WDL;PRESENT
KQNPvKRP.rtbw;7-WDL;7-WDL;PRESENT
KQNPvKRR.rtbw;7-WDL;7-WDL;PRESENT
KQPPvKBB.rtbw;7-WDL;7-WDL;PRESENT
KQPPvKBN.rtbw;7-WDL;7-WDL;PRESENT
KQPPvKBP.rtbw;7-WDL;7-WDL;PRESENT
KQPPvKNN.rtbw;7-WDL;7-WDL;PRESENT
KQPPvKNP.rtbw;7-WDL;7-WDL;PRESENT
KQPPvKPP.rtbw;7-WDL;7-WDL;PRESENT
KQPPvKQB.rtbw;7-WDL;7-WDL;PRESENT
KQPPvKQN.rtbw;7-WDL;7-WDL;PRESENT
KQPPvKQP.rtbw;7-WDL;7-WDL;PRESENT
KQPPvKQQ.rtbw;7-WDL;7-WDL;PRESENT
KQPPvKQR.rtbw;7-WDL;7-WDL;PRESENT
KQPPvKRB.rtbw;7-WDL;7-WDL;PRESENT
KQPPvKRN.rtbw;7-WDL;7-WDL;PRESENT
KQPPvKRP.rtbw;7-WDL;7-WDL;PRESENT
KQPPvKRR.rtbw;7-WDL;7-WDL;PRESENT
KQQBvKBP.rtbw;7-WDL;7-WDL;PRESENT
KQQBvKNP.rtbw;7-WDL;7-WDL;PRESENT
KQQBvKPP.rtbw;7-WDL;7-WDL;PRESENT
KQQBvKQP.rtbw;7-WDL;7-WDL;PRESENT
KQQBvKRP.rtbw;7-WDL;7-WDL;PRESENT
KQQNvKBP.rtbw;7-WDL;7-WDL;PRESENT
KQQNvKNP.rtbw;7-WDL;7-WDL;PRESENT
KQQNvKPP.rtbw;7-WDL;7-WDL;PRESENT
KQQNvKQP.rtbw;7-WDL;7-WDL;PRESENT
KQQNvKRP.rtbw;7-WDL;7-WDL;PRESENT
KQQPvKBB.rtbw;7-WDL;7-WDL;PRESENT
KQQPvKBN.rtbw;7-WDL;7-WDL;PRESENT
KQQPvKBP.rtbw;7-WDL;7-WDL;PRESENT
KQQPvKNN.rtbw;7-WDL;7-WDL;PRESENT
KQQPvKNP.rtbw;7-WDL;7-WDL;PRESENT
KQQPvKPP.rtbw;7-WDL;7-WDL;PRESENT
KQQPvKQB.rtbw;7-WDL;7-WDL;PRESENT
KQQPvKQN.rtbw;7-WDL;7-WDL;PRESENT
KQQPvKQP.rtbw;7-WDL;7-WDL;PRESENT
KQQPvKQQ.rtbw;7-WDL;7-WDL;PRESENT
KQQPvKQR.rtbw;7-WDL;7-WDL;PRESENT
KQQPvKRB.rtbw;7-WDL;7-WDL;PRESENT
KQQPvKRN.rtbw;7-WDL;7-WDL;PRESENT
KQQPvKRP.rtbw;7-WDL;7-WDL;PRESENT
KQQPvKRR.rtbw;7-WDL;7-WDL;PRESENT
KQQQvKBP.rtbw;7-WDL;7-WDL;PRESENT
KQQQvKNP.rtbw;7-WDL;7-WDL;PRESENT
KQQQvKPP.rtbw;7-WDL;7-WDL;PRESENT
KQQQvKQP.rtbw;7-WDL;7-WDL;PRESENT
KQQQvKRP.rtbw;7-WDL;7-WDL;PRESENT
KQQRvKBP.rtbw;7-WDL;7-WDL;PRESENT
KQQRvKNP.rtbw;7-WDL;7-WDL;PRESENT
KQQRvKPP.rtbw;7-WDL;7-WDL;PRESENT
KQQRvKQP.rtbw;7-WDL;7-WDL;PRESENT
KQQRvKRP.rtbw;7-WDL;7-WDL;PRESENT
KQRBvKBP.rtbw;7-WDL;7-WDL;PRESENT
KQRBvKNP.rtbw;7-WDL;7-WDL;PRESENT
KQRBvKPP.rtbw;7-WDL;7-WDL;PRESENT
KQRBvKQP.rtbw;7-WDL;7-WDL;PRESENT
KQRBvKRP.rtbw;7-WDL;7-WDL;PRESENT
KQRNvKBP.rtbw;7-WDL;7-WDL;PRESENT
KQRNvKNP.rtbw;7-WDL;7-WDL;PRESENT
KQRNvKPP.rtbw;7-WDL;7-WDL;PRESENT
KQRNvKQP.rtbw;7-WDL;7-WDL;PRESENT
KQRNvKRP.rtbw;7-WDL;7-WDL;PRESENT
KQRPvKBB.rtbw;7-WDL;7-WDL;PRESENT
KQRPvKBN.rtbw;7-WDL;7-WDL;PRESENT
KQRPvKBP.rtbw;7-WDL;7-WDL;PRESENT
KQRPvKNN.rtbw;7-WDL;7-WDL;PRESENT
KQRPvKNP.rtbw;7-WDL;7-WDL;PRESENT
KQRPvKPP.rtbw;7-WDL;7-WDL;PRESENT
KQRPvKQB.rtbw;7-WDL;7-WDL;PRESENT
KQRPvKQN.rtbw;7-WDL;7-WDL;PRESENT
KQRPvKQP.rtbw;7-WDL;7-WDL;PRESENT
KQRPvKQQ.rtbw;7-WDL;7-WDL;PRESENT
KQRPvKQR.rtbw;7-WDL;7-WDL;PRESENT
KQRPvKRB.rtbw;7-WDL;7-WDL;PRESENT
KQRPvKRN.rtbw;7-WDL;7-WDL;PRESENT
KQRPvKRP.rtbw;7-WDL;7-WDL;PRESENT
KQRPvKRR.rtbw;7-WDL;7-WDL;PRESENT
KQRRvKBP.rtbw;7-WDL;7-WDL;PRESENT
KQRRvKNP.rtbw;7-WDL;7-WDL;PRESENT
KQRRvKPP.rtbw;7-WDL;7-WDL;PRESENT
KQRRvKQP.rtbw;7-WDL;7-WDL;PRESENT
KQRRvKRP.rtbw;7-WDL;7-WDL;PRESENT
KRBBvKBP.rtbw;7-WDL;7-WDL;PRESENT
KRBBvKNP.rtbw;7-WDL;7-WDL;PRESENT
KRBBvKPP.rtbw;7-WDL;7-WDL;PRESENT
KRBBvKQP.rtbw;7-WDL;7-WDL;PRESENT
KRBBvKRP.rtbw;7-WDL;7-WDL;PRESENT
KRBNvKBP.rtbw;7-WDL;7-WDL;PRESENT
KRBNvKNP.rtbw;7-WDL;7-WDL;PRESENT
KRBNvKPP.rtbw;7-WDL;7-WDL;PRESENT
KRBNvKQP.rtbw;7-WDL;7-WDL;PRESENT
KRBNvKRP.rtbw;7-WDL;7-WDL;PRESENT
KRBPvKBB.rtbw;7-WDL;7-WDL;PRESENT
KRBPvKBN.rtbw;7-WDL;7-WDL;PRESENT
KRBPvKBP.rtbw;7-WDL;7-WDL;PRESENT
KRBPvKNN.rtbw;7-WDL;7-WDL;PRESENT
KRBPvKNP.rtbw;7-WDL;7-WDL;PRESENT
KRBPvKPP.rtbw;7-WDL;7-WDL;PRESENT
KRBPvKQB.rtbw;7-WDL;7-WDL;PRESENT
KRBPvKQN.rtbw;7-WDL;7-WDL;PRESENT
KRBPvKQP.rtbw;7-WDL;7-WDL;PRESENT
KRBPvKQQ.rtbw;7-WDL;7-WDL;PRESENT
KRBPvKQR.rtbw;7-WDL;7-WDL;PRESENT
KRBPvKRB.rtbw;7-WDL;7-WDL;PRESENT
KRBPvKRN.rtbw;7-WDL;7-WDL;PRESENT
KRBPvKRP.rtbw;7-WDL;7-WDL;PRESENT
KRBPvKRR.rtbw;7-WDL;7-WDL;PRESENT
KRNNvKBP.rtbw;7-WDL;7-WDL;PRESENT
KRNNvKNP.rtbw;7-WDL;7-WDL;PRESENT
KRNNvKPP.rtbw;7-WDL;7-WDL;PRESENT
KRNNvKQP.rtbw;7-WDL;7-WDL;PRESENT
KRNNvKRP.rtbw;7-WDL;7-WDL;PRESENT
KRNPvKBB.rtbw;7-WDL;7-WDL;PRESENT
KRNPvKBN.rtbw;7-WDL;7-WDL;PRESENT
KRNPvKBP.rtbw;7-WDL;7-WDL;PRESENT
KRNPvKNN.rtbw;7-WDL;7-WDL;PRESENT
KRNPvKNP.rtbw;7-WDL;7-WDL;PRESENT
KRNPvKPP.rtbw;7-WDL;7-WDL;PRESENT
KRNPvKQB.rtbw;7-WDL;7-WDL;PRESENT
KRNPvKQN.rtbw;7-WDL;7-WDL;PRESENT
KRNPvKQP.rtbw;7-WDL;7-WDL;PRESENT
KRNPvKQQ.rtbw;7-WDL;7-WDL;PRESENT
KRNPvKQR.rtbw;7-WDL;7-WDL;PRESENT
KRNPvKRB.rtbw;7-WDL;7-WDL;PRESENT
KRNPvKRN.rtbw;7-WDL;7-WDL;PRESENT
KRNPvKRP.rtbw;7-WDL;7-WDL;PRESENT
KRNPvKRR.rtbw;7-WDL;7-WDL;PRESENT
KRPPvKBB.rtbw;7-WDL;7-WDL;PRESENT
KRPPvKBN.rtbw;7-WDL;7-WDL;PRESENT
KRPPvKBP.rtbw;7-WDL;7-WDL;PRESENT
KRPPvKNN.rtbw;7-WDL;7-WDL;PRESENT
KRPPvKNP.rtbw;7-WDL;7-WDL;PRESENT
KRPPvKPP.rtbw;7-WDL;7-WDL;PRESENT
KRPPvKQB.rtbw;7-WDL;7-WDL;PRESENT
KRPPvKQN.rtbw;7-WDL;7-WDL;PRESENT
KRPPvKQP.rtbw;7-WDL;7-WDL;PRESENT
KRPPvKQQ.rtbw;7-WDL;7-WDL;PRESENT
KRPPvKQR.rtbw;7-WDL;7-WDL;PRESENT
KRPPvKRB.rtbw;7-WDL;7-WDL;PRESENT
KRPPvKRN.rtbw;7-WDL;7-WDL;PRESENT
KRPPvKRP.rtbw;7-WDL;7-WDL;PRESENT
KRPPvKRR.rtbw;7-WDL;7-WDL;PRESENT
KRRBvKBP.rtbw;7-WDL;7-WDL;PRESENT
KRRBvKNP.rtbw;7-WDL;7-WDL;PRESENT
KRRBvKPP.rtbw;7-WDL;7-WDL;PRESENT
KRRBvKQP.rtbw;7-WDL;7-WDL;PRESENT
KRRBvKRP.rtbw;7-WDL;7-WDL;PRESENT
KRRNvKBP.rtbw;7-WDL;7-WDL;PRESENT
KRRNvKNP.rtbw;7-WDL;7-WDL;PRESENT
KRRNvKPP.rtbw;7-WDL;7-WDL;PRESENT
KRRNvKQP.rtbw;7-WDL;7-WDL;PRESENT
KRRNvKRP.rtbw;7-WDL;7-WDL;PRESENT
KRRPvKBB.rtbw;7-WDL;7-WDL;PRESENT
KRRPvKBN.rtbw;7-WDL;7-WDL;PRESENT
KRRPvKBP.rtbw;7-WDL;7-WDL;PRESENT
KRRPvKNN.rtbw;7-WDL;7-WDL;PRESENT
KRRPvKNP.rtbw;7-WDL;7-WDL;PRESENT
KRRPvKPP.rtbw;7-WDL;7-WDL;PRESENT
KRRPvKQB.rtbw;7-WDL;7-WDL;PRESENT
KRRPvKQN.rtbw;7-WDL;7-WDL;PRESENT
KRRPvKQP.rtbw;7-WDL;7-WDL;PRESENT
KRRPvKQQ.rtbw;7-WDL;7-WDL;PRESENT
KRRPvKQR.rtbw;7-WDL;7-WDL;PRESENT
KRRPvKRB.rtbw;7-WDL;7-WDL;PRESENT
KRRPvKRN.rtbw;7-WDL;7-WDL;PRESENT
KRRPvKRP.rtbw;7-WDL;7-WDL;PRESENT
KRRPvKRR.rtbw;7-WDL;7-WDL;PRESENT
KRRRvKBP.rtbw;7-WDL;7-WDL;PRESENT
KRRRvKNP.rtbw;7-WDL;7-WDL;PRESENT
KRRRvKPP.rtbw;7-WDL;7-WDL;PRESENT
KRRRvKQP.rtbw;7-WDL;7-WDL;PRESENT
KRRRvKRP.rtbw;7-WDL;7-WDL;PRESENT
KBBBvKBB.rtbw;7-WDL;7-WDL;PRESENT
KBBBvKBN.rtbw;7-WDL;7-WDL;PRESENT
KBBBvKNN.rtbw;7-WDL;7-WDL;PRESENT
KBBBvKQB.rtbw;7-WDL;7-WDL;PRESENT
KBBBvKQN.rtbw;7-WDL;7-WDL;PRESENT
KBBBvKQQ.rtbw;7-WDL;7-WDL;PRESENT
KBBBvKQR.rtbw;7-WDL;7-WDL;PRESENT
KBBBvKRB.rtbw;7-WDL;7-WDL;PRESENT
KBBBvKRN.rtbw;7-WDL;7-WDL;PRESENT
KBBBvKRR.rtbw;7-WDL;7-WDL;PRESENT
KBBNvKBB.rtbw;7-WDL;7-WDL;PRESENT
KBBNvKBN.rtbw;7-WDL;7-WDL;PRESENT
KBBNvKNN.rtbw;7-WDL;7-WDL;PRESENT
KBBNvKQB.rtbw;7-WDL;7-WDL;PRESENT
KBBNvKQN.rtbw;7-WDL;7-WDL;PRESENT
KBBNvKQQ.rtbw;7-WDL;7-WDL;PRESENT
KBBNvKQR.rtbw;7-WDL;7-WDL;PRESENT
KBBNvKRB.rtbw;7-WDL;7-WDL;PRESENT
KBBNvKRN.rtbw;7-WDL;7-WDL;PRESENT
KBBNvKRR.rtbw;7-WDL;7-WDL;PRESENT
KBNNvKBB.rtbw;7-WDL;7-WDL;PRESENT
KBNNvKBN.rtbw;7-WDL;7-WDL;PRESENT
KBNNvKNN.rtbw;7-WDL;7-WDL;PRESENT
KBNNvKQB.rtbw;7-WDL;7-WDL;PRESENT
KBNNvKQN.rtbw;7-WDL;7-WDL;PRESENT
KBNNvKQQ.rtbw;7-WDL;7-WDL;PRESENT
KBNNvKQR.rtbw;7-WDL;7-WDL;PRESENT
KBNNvKRB.rtbw;7-WDL;7-WDL;PRESENT
KBNNvKRN.rtbw;7-WDL;7-WDL;PRESENT
KBNNvKRR.rtbw;7-WDL;7-WDL;PRESENT
KNNNvKBB.rtbw;7-WDL;7-WDL;PRESENT
KNNNvKBN.rtbw;7-WDL;7-WDL;PRESENT
KNNNvKNN.rtbw;7-WDL;7-WDL;PRESENT
KNNNvKQB.rtbw;7-WDL;7-WDL;PRESENT
KNNNvKQN.rtbw;7-WDL;7-WDL;PRESENT
KNNNvKQQ.rtbw;7-WDL;7-WDL;PRESENT
KNNNvKQR.rtbw;7-WDL;7-WDL;PRESENT
KNNNvKRB.rtbw;7-WDL;7-WDL;PRESENT
KNNNvKRN.rtbw;7-WDL;7-WDL;PRESENT
KNNNvKRR.rtbw;7-WDL;7-WDL;PRESENT
KQBBvKBB.rtbw;7-WDL;7-WDL;PRESENT
KQBBvKBN.rtbw;7-WDL;7-WDL;PRESENT
KQBBvKNN.rtbw;7-WDL;7-WDL;PRESENT
KQBBvKQB.rtbw;7-WDL;7-WDL;PRESENT
KQBBvKQN.rtbw;7-WDL;7-WDL;PRESENT
KQBBvKQQ.rtbw;7-WDL;7-WDL;PRESENT
KQBBvKQR.rtbw;7-WDL;7-WDL;PRESENT
KQBBvKRB.rtbw;7-WDL;7-WDL;PRESENT
KQBBvKRN.rtbw;7-WDL;7-WDL;PRESENT
KQBBvKRR.rtbw;7-WDL;7-WDL;PRESENT
KQBNvKBB.rtbw;7-WDL;7-WDL;PRESENT
KQBNvKBN.rtbw;7-WDL;7-WDL;PRESENT
KQBNvKNN.rtbw;7-WDL;7-WDL;PRESENT
KQBNvKQB.rtbw;7-WDL;7-WDL;PRESENT
KQBNvKQN.rtbw;7-WDL;7-WDL;PRESENT
KQBNvKQQ.rtbw;7-WDL;7-WDL;PRESENT
KQBNvKQR.rtbw;7-WDL;7-WDL;PRESENT
KQBNvKRB.rtbw;7-WDL;7-WDL;PRESENT
KQBNvKRN.rtbw;7-WDL;7-WDL;PRESENT
KQBNvKRR.rtbw;7-WDL;7-WDL;PRESENT
KQNNvKBB.rtbw;7-WDL;7-WDL;PRESENT
KQNNvKBN.rtbw;7-WDL;7-WDL;PRESENT
KQNNvKNN.rtbw;7-WDL;7-WDL;PRESENT
KQNNvKQB.rtbw;7-WDL;7-WDL;PRESENT
KQNNvKQN.rtbw;7-WDL;7-WDL;PRESENT
KQNNvKQQ.rtbw;7-WDL;7-WDL;PRESENT
KQNNvKQR.rtbw;7-WDL;7-WDL;PRESENT
KQNNvKRB.rtbw;7-WDL;7-WDL;PRESENT
KQNNvKRN.rtbw;7-WDL;7-WDL;PRESENT
KQNNvKRR.rtbw;7-WDL;7-WDL;PRESENT
KQQBvKBB.rtbw;7-WDL;7-WDL;PRESENT
KQQBvKBN.rtbw;7-WDL;7-WDL;PRESENT
KQQBvKNN.rtbw;7-WDL;7-WDL;PRESENT
KQQBvKQB.rtbw;7-WDL;7-WDL;PRESENT
KQQBvKQN.rtbw;7-WDL;7-WDL;PRESENT
KQQBvKQQ.rtbw;7-WDL;7-WDL;PRESENT
KQQBvKQR.rtbw;7-WDL;7-WDL;PRESENT
KQQBvKRB.rtbw;7-WDL;7-WDL;PRESENT
KQQBvKRN.rtbw;7-WDL;7-WDL;PRESENT
KQQBvKRR.rtbw;7-WDL;7-WDL;PRESENT
KQQNvKBB.rtbw;7-WDL;7-WDL;PRESENT
KQQNvKBN.rtbw;7-WDL;7-WDL;PRESENT
KQQNvKNN.rtbw;7-WDL;7-WDL;PRESENT
KQQNvKQB.rtbw;7-WDL;7-WDL;PRESENT
KQQNvKQN.rtbw;7-WDL;7-WDL;PRESENT
KQQNvKQQ.rtbw;7-WDL;7-WDL;PRESENT
KQQNvKQR.rtbw;7-WDL;7-WDL;PRESENT
KQQNvKRB.rtbw;7-WDL;7-WDL;PRESENT
KQQNvKRN.rtbw;7-WDL;7-WDL;PRESENT
KQQNvKRR.rtbw;7-WDL;7-WDL;PRESENT
KQQQvKBB.rtbw;7-WDL;7-WDL;PRESENT
KQQQvKBN.rtbw;7-WDL;7-WDL;PRESENT
KQQQvKNN.rtbw;7-WDL;7-WDL;PRESENT
KQQQvKQB.rtbw;7-WDL;7-WDL;PRESENT
KQQQvKQN.rtbw;7-WDL;7-WDL;PRESENT
KQQQvKQQ.rtbw;7-WDL;7-WDL;PRESENT
KQQQvKQR.rtbw;7-WDL;7-WDL;PRESENT
KQQQvKRB.rtbw;7-WDL;7-WDL;PRESENT
KQQQvKRN.rtbw;7-WDL;7-WDL;PRESENT
KQQQvKRR.rtbw;7-WDL;7-WDL;PRESENT
KQQRvKBB.rtbw;7-WDL;7-WDL;PRESENT
KQQRvKBN.rtbw;7-WDL;7-WDL;PRESENT
KQQRvKNN.rtbw;7-WDL;7-WDL;PRESENT
KQQRvKQB.rtbw;7-WDL;7-WDL;PRESENT
KQQRvKQN.rtbw;7-WDL;7-WDL;PRESENT
KQQRvKQQ.rtbw;7-WDL;7-WDL;PRESENT
KQQRvKQR.rtbw;7-WDL;7-WDL;PRESENT
KQQRvKRB.rtbw;7-WDL;7-WDL;PRESENT
KQQRvKRN.rtbw;7-WDL;7-WDL;PRESENT
KQQRvKRR.rtbw;7-WDL;7-WDL;PRESENT
KQRBvKBB.rtbw;7-WDL;7-WDL;PRESENT
KQRBvKBN.rtbw;7-WDL;7-WDL;PRESENT
KQRBvKNN.rtbw;7-WDL;7-WDL;PRESENT
KQRBvKQB.rtbw;7-WDL;7-WDL;PRESENT
KQRBvKQN.rtbw;7-WDL;7-WDL;PRESENT
KQRBvKQQ.rtbw;7-WDL;7-WDL;PRESENT
KQRBvKQR.rtbw;7-WDL;7-WDL;PRESENT
KQRBvKRB.rtbw;7-WDL;7-WDL;PRESENT
KQRBvKRN.rtbw;7-WDL;7-WDL;PRESENT
KQRBvKRR.rtbw;7-WDL;7-WDL;PRESENT
KQRNvKBB.rtbw;7-WDL;7-WDL;PRESENT
KQRNvKBN.rtbw;7-WDL;7-WDL;PRESENT
KQRNvKNN.rtbw;7-WDL;7-WDL;PRESENT
KQRNvKQB.rtbw;7-WDL;7-WDL;PRESENT
KQRNvKQN.rtbw;7-WDL;7-WDL;PRESENT
KQRNvKQQ.rtbw;7-WDL;7-WDL;PRESENT
KQRNvKQR.rtbw;7-WDL;7-WDL;PRESENT
KQRNvKRB.rtbw;7-WDL;7-WDL;PRESENT
KQRNvKRN.rtbw;7-WDL;7-WDL;PRESENT
KQRNvKRR.rtbw;7-WDL;7-WDL;PRESENT
KQRRvKBB.rtbw;7-WDL;7-WDL;PRESENT
KQRRvKBN.rtbw;7-WDL;7-WDL;PRESENT
KQRRvKNN.rtbw;7-WDL;7-WDL;PRESENT
KQRRvKQB.rtbw;7-WDL;7-WDL;PRESENT
KQRRvKQN.rtbw;7-WDL;7-WDL;PRESENT
KQRRvKQQ.rtbw;7-WDL;7-WDL;PRESENT
KQRRvKQR.rtbw;7-WDL;7-WDL;PRESENT
KQRRvKRB.rtbw;7-WDL;7-WDL;PRESENT
KQRRvKRN.rtbw;7-WDL;7-WDL;PRESENT
KQRRvKRR.rtbw;7-WDL;7-WDL;PRESENT
KRBBvKBB.rtbw;7-WDL;7-WDL;PRESENT
KRBBvKBN.rtbw;7-WDL;7-WDL;PRESENT
KRBBvKNN.rtbw;7-WDL;7-WDL;PRESENT
KRBBvKQB.rtbw;7-WDL;7-WDL;PRESENT
KRBBvKQN.rtbw;7-WDL;7-WDL;PRESENT
KRBBvKQQ.rtbw;7-WDL;7-WDL;PRESENT
KRBBvKQR.rtbw;7-WDL;7-WDL;PRESENT
KRBBvKRB.rtbw;7-WDL;7-WDL;PRESENT
KRBBvKRN.rtbw;7-WDL;7-WDL;PRESENT
KRBBvKRR.rtbw;7-WDL;7-WDL;PRESENT
KRBNvKBB.rtbw;7-WDL;7-WDL;PRESENT
KRBNvKBN.rtbw;7-WDL;7-WDL;PRESENT
KRBNvKNN.rtbw;7-WDL;7-WDL;PRESENT
KRBNvKQB.rtbw;7-WDL;7-WDL;PRESENT
KRBNvKQN.rtbw;7-WDL;7-WDL;PRESENT
KRBNvKQQ.rtbw;7-WDL;7-WDL;PRESENT
KRBNvKQR.rtbw;7-WDL;7-WDL;PRESENT
KRBNvKRB.rtbw;7-WDL;7-WDL;PRESENT
KRBNvKRN.rtbw;7-WDL;7-WDL;PRESENT
KRBNvKRR.rtbw;7-WDL;7-WDL;PRESENT
KRNNvKBB.rtbw;7-WDL;7-WDL;PRESENT
KRNNvKBN.rtbw;7-WDL;7-WDL;PRESENT
KRNNvKNN.rtbw;7-WDL;7-WDL;PRESENT
KRNNvKQB.rtbw;7-WDL;7-WDL;PRESENT
KRNNvKQN.rtbw;7-WDL;7-WDL;PRESENT
KRNNvKQQ.rtbw;7-WDL;7-WDL;PRESENT
KRNNvKQR.rtbw;7-WDL;7-WDL;PRESENT
KRNNvKRB.rtbw;7-WDL;7-WDL;PRESENT
KRNNvKRN.rtbw;7-WDL;7-WDL;PRESENT
KRNNvKRR.rtbw;7-WDL;7-WDL;PRESENT
KRRBvKBB.rtbw;7-WDL;7-WDL;PRESENT
KRRBvKBN.rtbw;7-WDL;7-WDL;PRESENT
KRRBvKNN.rtbw;7-WDL;7-WDL;PRESENT
KRRBvKQB.rtbw;7-WDL;7-WDL;PRESENT
KRRBvKQN.rtbw;7-WDL;7-WDL;PRESENT
KRRBvKQQ.rtbw;7-WDL;7-WDL;PRESENT
KRRBvKQR.rtbw;7-WDL;7-WDL;PRESENT
KRRBvKRB.rtbw;7-WDL;7-WDL;PRESENT
KRRBvKRN.rtbw;7-WDL;7-WDL;PRESENT
KRRBvKRR.rtbw;7-WDL;7-WDL;PRESENT
KRRNvKBB.rtbw;7-WDL;7-WDL;PRESENT
KRRNvKBN.rtbw;7-WDL;7-WDL;PRESENT
KRRNvKNN.rtbw;7-WDL;7-WDL;PRESENT
KRRNvKQB.rtbw;7-WDL;7-WDL;PRESENT
KRRNvKQN.rtbw;7-WDL;7-WDL;PRESENT
KRRNvKQQ.rtbw;7-WDL;7-WDL;PRESENT
KRRNvKQR.rtbw;7-WDL;7-WDL;PRESENT
KRRNvKRB.rtbw;7-WDL;7-WDL;PRESENT
KRRNvKRN.rtbw;7-WDL;7-WDL;PRESENT
KRRNvKRR.rtbw;7-WDL;7-WDL;PRESENT
KRRRvKBB.rtbw;7-WDL;7-WDL;PRESENT
KRRRvKBN.rtbw;7-WDL;7-WDL;PRESENT
KRRRvKNN.rtbw;7-WDL;7-WDL;PRESENT
KRRRvKQB.rtbw;7-WDL;7-WDL;PRESENT
KRRRvKQN.rtbw;7-WDL;7-WDL;PRESENT
KRRRvKQQ.rtbw;7-WDL;7-WDL;PRESENT
KRRRvKQR.rtbw;7-WDL;7-WDL;PRESENT
KRRRvKRB.rtbw;7-WDL;7-WDL;PRESENT
KRRRvKRN.rtbw;7-WDL;7-WDL;PRESENT
KRRRvKRR.rtbw;7-WDL;7-WDL;PRESENT
KBBBBvKP.rtbw;7-WDL;7-WDL;PRESENT
KBBBNvKP.rtbw;7-WDL;7-WDL;PRESENT
KBBBPvKB.rtbw;7-WDL;7-WDL;PRESENT
KBBBPvKN.rtbw;7-WDL;7-WDL;PRESENT
KBBBPvKP.rtbw;7-WDL;7-WDL;PRESENT
KBBBPvKQ.rtbw;7-WDL;7-WDL;PRESENT
KBBBPvKR.rtbw;7-WDL;7-WDL;PRESENT
KBBNNvKP.rtbw;7-WDL;7-WDL;PRESENT
KBBNPvKB.rtbw;7-WDL;7-WDL;PRESENT
KBBNPvKN.rtbw;7-WDL;7-WDL;PRESENT
KBBNPvKP.rtbw;7-WDL;7-WDL;PRESENT
KBBNPvKQ.rtbw;7-WDL;7-WDL;PRESENT
KBBNPvKR.rtbw;7-WDL;7-WDL;PRESENT
KBBPPvKB.rtbw;7-WDL;7-WDL;PRESENT
KBBPPvKN.rtbw;7-WDL;7-WDL;PRESENT
KBBPPvKP.rtbw;7-WDL;7-WDL;PRESENT
KBBPPvKQ.rtbw;7-WDL;7-WDL;PRESENT
KBBPPvKR.rtbw;7-WDL;7-WDL;PRESENT
KBNNNvKP.rtbw;7-WDL;7-WDL;PRESENT
KBNNPvKB.rtbw;7-WDL;7-WDL;PRESENT
KBNNPvKN.rtbw;7-WDL;7-WDL;PRESENT
KBNNPvKP.rtbw;7-WDL;7-WDL;PRESENT
KBNNPvKQ.rtbw;7-WDL;7-WDL;PRESENT
KBNNPvKR.rtbw;7-WDL;7-WDL;PRESENT
KBNPPvKB.rtbw;7-WDL;7-WDL;PRESENT
KBNPPvKN.rtbw;7-WDL;7-WDL;PRESENT
KBNPPvKP.rtbw;7-WDL;7-WDL;PRESENT
KBNPPvKQ.rtbw;7-WDL;7-WDL;PRESENT
KBNPPvKR.rtbw;7-WDL;7-WDL;PRESENT
KBPPPvKB.rtbw;7-WDL;7-WDL;PRESENT
KBPPPvKN.rtbw;7-WDL;7-WDL;PRESENT
KBPPPvKP.rtbw;7-WDL;7-WDL;PRESENT
KBPPPvKQ.rtbw;7-WDL;7-WDL;PRESENT
KBPPPvKR.rtbw;7-WDL;7-WDL;PRESENT
KNNNNvKP.rtbw;7-WDL;7-WDL;PRESENT
KNNNPvKB.rtbw;7-WDL;7-WDL;PRESENT
KNNNPvKN.rtbw;7-WDL;7-WDL;PRESENT
KNNNPvKP.rtbw;7-WDL;7-WDL;PRESENT
KNNNPvKQ.rtbw;7-WDL;7-WDL;PRESENT
KNNNPvKR.rtbw;7-WDL;7-WDL;PRESENT
KNNPPvKB.rtbw;7-WDL;7-WDL;PRESENT
KNNPPvKN.rtbw;7-WDL;7-WDL;PRESENT
KNNPPvKP.rtbw;7-WDL;7-WDL;PRESENT
KNNPPvKQ.rtbw;7-WDL;7-WDL;PRESENT
KNNPPvKR.rtbw;7-WDL;7-WDL;PRESENT
KNPPPvKB.rtbw;7-WDL;7-WDL;PRESENT
KNPPPvKN.rtbw;7-WDL;7-WDL;PRESENT
KNPPPvKP.rtbw;7-WDL;7-WDL;PRESENT
KNPPPvKQ.rtbw;7-WDL;7-WDL;PRESENT
KNPPPvKR.rtbw;7-WDL;7-WDL;PRESENT
KPPPPvKB.rtbw;7-WDL;7-WDL;PRESENT
KPPPPvKN.rtbw;7-WDL;7-WDL;PRESENT
KPPPPvKP.rtbw;7-WDL;7-WDL;PRESENT
KPPPPvKQ.rtbw;7-WDL;7-WDL;PRESENT
KPPPPvKR.rtbw;7-WDL;7-WDL;PRESENT
KQBBBvKP.rtbw;7-WDL;7-WDL;PRESENT
KQBBNvKP.rtbw;7-WDL;7-WDL;PRESENT
KQBBPvKB.rtbw;7-WDL;7-WDL;PRESENT
KQBBPvKN.rtbw;7-WDL;7-WDL;PRESENT
KQBBPvKP.rtbw;7-WDL;7-WDL;PRESENT
KQBBPvKQ.rtbw;7-WDL;7-WDL;PRESENT
KQBBPvKR.rtbw;7-WDL;7-WDL;PRESENT
KQBNNvKP.rtbw;7-WDL;7-WDL;PRESENT
KQBNPvKB.rtbw;7-WDL;7-WDL;PRESENT
KQBNPvKN.rtbw;7-WDL;7-WDL;PRESENT
KQBNPvKP.rtbw;7-WDL;7-WDL;PRESENT
KQBNPvKQ.rtbw;7-WDL;7-WDL;PRESENT
KQBNPvKR.rtbw;7-WDL;7-WDL;PRESENT
KQBPPvKB.rtbw;7-WDL;7-WDL;PRESENT
KQBPPvKN.rtbw;7-WDL;7-WDL;PRESENT
KQBPPvKP.rtbw;7-WDL;7-WDL;PRESENT
KQBPPvKQ.rtbw;7-WDL;7-WDL;PRESENT
KQBPPvKR.rtbw;7-WDL;7-WDL;PRESENT
KQNNNvKP.rtbw;7-WDL;7-WDL;PRESENT
KQNNPvKB.rtbw;7-WDL;7-WDL;PRESENT
KQNNPvKN.rtbw;7-WDL;7-WDL;PRESENT
KQNNPvKP.rtbw;7-WDL;7-WDL;PRESENT
KQNNPvKQ.rtbw;7-WDL;7-WDL;PRESENT
KQNNPvKR.rtbw;7-WDL;7-WDL;PRESENT
KQNPPvKB.rtbw;7-WDL;7-WDL;PRESENT
KQNPPvKN.rtbw;7-WDL;7-WDL;PRESENT
KQNPPvKP.rtbw;7-WDL;7-WDL;PRESENT
KQNPPvKQ.rtbw;7-WDL;7-WDL;PRESENT
KQNPPvKR.rtbw;7-WDL;7-WDL;PRESENT
KQPPPvKB.rtbw;7-WDL;7-WDL;PRESENT
KQPPPvKN.rtbw;7-WDL;7-WDL;PRESENT
KQPPPvKP.rtbw;7-WDL;7-WDL;PRESENT
KQPPPvKQ.rtbw;7-WDL;7-WDL;PRESENT
KQPPPvKR.rtbw;7-WDL;7-WDL;PRESENT
KQQBBvKP.rtbw;7-WDL;7-WDL;PRESENT
KQQBNvKP.rtbw;7-WDL;7-WDL;PRESENT
KQQBPvKB.rtbw;7-WDL;7-WDL;PRESENT
KQQBPvKN.rtbw;7-WDL;7-WDL;PRESENT
KQQBPvKP.rtbw;7-WDL;7-WDL;PRESENT
KQQBPvKQ.rtbw;7-WDL;7-WDL;PRESENT
KQQBPvKR.rtbw;7-WDL;7-WDL;PRESENT
KQQNNvKP.rtbw;7-WDL;7-WDL;PRESENT
KQQNPvKB.rtbw;7-WDL;7-WDL;PRESENT
KQQNPvKN.rtbw;7-WDL;7-WDL;PRESENT
KQQNPvKP.rtbw;7-WDL;7-WDL;PRESENT
KQQNPvKQ.rtbw;7-WDL;7-WDL;PRESENT
KQQNPvKR.rtbw;7-WDL;7-WDL;PRESENT
KQQPPvKB.rtbw;7-WDL;7-WDL;PRESENT
KQQPPvKN.rtbw;7-WDL;7-WDL;PRESENT
KQQPPvKP.rtbw;7-WDL;7-WDL;PRESENT
KQQPPvKQ.rtbw;7-WDL;7-WDL;PRESENT
KQQPPvKR.rtbw;7-WDL;7-WDL;PRESENT
KQQQBvKP.rtbw;7-WDL;7-WDL;PRESENT
KQQQNvKP.rtbw;7-WDL;7-WDL;PRESENT
KQQQPvKB.rtbw;7-WDL;7-WDL;PRESENT
KQQQPvKN.rtbw;7-WDL;7-WDL;PRESENT
KQQQPvKP.rtbw;7-WDL;7-WDL;PRESENT
KQQQPvKQ.rtbw;7-WDL;7-WDL;PRESENT
KQQQPvKR.rtbw;7-WDL;7-WDL;PRESENT
KQQQQvKP.rtbw;7-WDL;7-WDL;PRESENT
KQQQRvKP.rtbw;7-WDL;7-WDL;PRESENT
KQQRBvKP.rtbw;7-WDL;7-WDL;PRESENT
KQQRNvKP.rtbw;7-WDL;7-WDL;PRESENT
KQQRPvKB.rtbw;7-WDL;7-WDL;PRESENT
KQQRPvKN.rtbw;7-WDL;7-WDL;PRESENT
KQQRPvKP.rtbw;7-WDL;7-WDL;PRESENT
KQQRPvKQ.rtbw;7-WDL;7-WDL;PRESENT
KQQRPvKR.rtbw;7-WDL;7-WDL;PRESENT
KQQRRvKP.rtbw;7-WDL;7-WDL;PRESENT
KQRBBvKP.rtbw;7-WDL;7-WDL;PRESENT
KQRBNvKP.rtbw;7-WDL;7-WDL;PRESENT
KQRBPvKB.rtbw;7-WDL;7-WDL;PRESENT
KQRBPvKN.rtbw;7-WDL;7-WDL;PRESENT
KQRBPvKP.rtbw;7-WDL;7-WDL;PRESENT
KQRBPvKQ.rtbw;7-WDL;7-WDL;PRESENT
KQRBPvKR.rtbw;7-WDL;7-WDL;PRESENT
KQRNNvKP.rtbw;7-WDL;7-WDL;PRESENT
KQRNPvKB.rtbw;7-WDL;7-WDL;PRESENT
KQRNPvKN.rtbw;7-WDL;7-WDL;PRESENT
KQRNPvKP.rtbw;7-WDL;7-WDL;PRESENT
KQRNPvKQ.rtbw;7-WDL;7-WDL;PRESENT
KQRNPvKR.rtbw;7-WDL;7-WDL;PRESENT
KQRPPvKB.rtbw;7-WDL;7-WDL;PRESENT
KQRPPvKN.rtbw;7-WDL;7-WDL;PRESENT
KQRPPvKP.rtbw;7-WDL;7-WDL;PRESENT
KQRPPvKQ.rtbw;7-WDL;7-WDL;PRESENT
KQRPPvKR.rtbw;7-WDL;7-WDL;PRESENT
KQRRBvKP.rtbw;7-WDL;7-WDL;PRESENT
KQRRNvKP.rtbw;7-WDL;7-WDL;PRESENT
KQRRPvKB.rtbw;7-WDL;7-WDL;PRESENT
KQRRPvKN.rtbw;7-WDL;7-WDL;PRESENT
KQRRPvKP.rtbw;7-WDL;7-WDL;PRESENT
KQRRPvKQ.rtbw;7-WDL;7-WDL;PRESENT
KQRRPvKR.rtbw;7-WDL;7-WDL;PRESENT
KQRRRvKP.rtbw;7-WDL;7-WDL;PRESENT
KRBBBvKP.rtbw;7-WDL;7-WDL;PRESENT
KRBBNvKP.rtbw;7-WDL;7-WDL;PRESENT
KRBBPvKB.rtbw;7-WDL;7-WDL;PRESENT
KRBBPvKN.rtbw;7-WDL;7-WDL;PRESENT
KRBBPvKP.rtbw;7-WDL;7-WDL;PRESENT
KRBBPvKQ.rtbw;7-WDL;7-WDL;PRESENT
KRBBPvKR.rtbw;7-WDL;7-WDL;PRESENT
KRBNNvKP.rtbw;7-WDL;7-WDL;PRESENT
KRBNPvKB.rtbw;7-WDL;7-WDL;PRESENT
KRBNPvKN.rtbw;7-WDL;7-WDL;PRESENT
KRBNPvKP.rtbw;7-WDL;7-WDL;PRESENT
KRBNPvKQ.rtbw;7-WDL;7-WDL;PRESENT
KRBNPvKR.rtbw;7-WDL;7-WDL;PRESENT
KRBPPvKB.rtbw;7-WDL;7-WDL;PRESENT
KRBPPvKN.rtbw;7-WDL;7-WDL;PRESENT
KRBPPvKP.rtbw;7-WDL;7-WDL;PRESENT
KRBPPvKQ.rtbw;7-WDL;7-WDL;PRESENT
KRBPPvKR.rtbw;7-WDL;7-WDL;PRESENT
KRNNNvKP.rtbw;7-WDL;7-WDL;PRESENT
KRNNPvKB.rtbw;7-WDL;7-WDL;PRESENT
KRNNPvKN.rtbw;7-WDL;7-WDL;PRESENT
KRNNPvKP.rtbw;7-WDL;7-WDL;PRESENT
KRNNPvKQ.rtbw;7-WDL;7-WDL;PRESENT
KRNNPvKR.rtbw;7-WDL;7-WDL;PRESENT
KRNPPvKB.rtbw;7-WDL;7-WDL;PRESENT
KRNPPvKN.rtbw;7-WDL;7-WDL;PRESENT
KRNPPvKP.rtbw;7-WDL;7-WDL;PRESENT
KRNPPvKQ.rtbw;7-WDL;7-WDL;PRESENT
KRNPPvKR.rtbw;7-WDL;7-WDL;PRESENT
KRPPPvKB.rtbw;7-WDL;7-WDL;PRESENT
KRPPPvKN.rtbw;7-WDL;7-WDL;PRESENT
KRPPPvKP.rtbw;7-WDL;7-WDL;PRESENT
KRPPPvKQ.rtbw;7-WDL;7-WDL;PRESENT
KRPPPvKR.rtbw;7-WDL;7-WDL;PRESENT
KRRBBvKP.rtbw;7-WDL;7-WDL;PRESENT
KRRBNvKP.rtbw;7-WDL;7-WDL;PRESENT
KRRBPvKB.rtbw;7-WDL;7-WDL;PRESENT
KRRBPvKN.rtbw;7-WDL;7-WDL;PRESENT
KRRBPvKP.rtbw;7-WDL;7-WDL;PRESENT
KRRBPvKQ.rtbw;7-WDL;7-WDL;PRESENT
KRRBPvKR.rtbw;7-WDL;7-WDL;PRESENT
KRRNNvKP.rtbw;7-WDL;7-WDL;PRESENT
KRRNPvKB.rtbw;7-WDL;7-WDL;PRESENT
KRRNPvKN.rtbw;7-WDL;7-WDL;PRESENT
KRRNPvKP.rtbw;7-WDL;7-WDL;PRESENT
KRRNPvKQ.rtbw;7-WDL;7-WDL;PRESENT
KRRNPvKR.rtbw;7-WDL;7-WDL;PRESENT
KRRPPvKB.rtbw;7-WDL;7-WDL;PRESENT
KRRPPvKN.rtbw;7-WDL;7-WDL;PRESENT
KRRPPvKP.rtbw;7-WDL;7-WDL;PRESENT
KRRPPvKQ.rtbw;7-WDL;7-WDL;PRESENT
KRRPPvKR.rtbw;7-WDL;7-WDL;PRESENT
KRRRBvKP.rtbw;7-WDL;7-WDL;PRESENT
KRRRNvKP.rtbw;7-WDL;7-WDL;PRESENT
KRRRPvKB.rtbw;7-WDL;7-WDL;PRESENT
KRRRPvKN.rtbw;7-WDL;7-WDL;PRESENT
KRRRPvKP.rtbw;7-WDL;7-WDL;PRESENT
KRRRPvKQ.rtbw;7-WDL;7-WDL;PRESENT
KRRRPvKR.rtbw;7-WDL;7-WDL;PRESENT
KRRRRvKP.rtbw;7-WDL;7-WDL;PRESENT
KBBBBvKB.rtbw;7-WDL;7-WDL;PRESENT
KBBBBvKN.rtbw;7-WDL;7-WDL;PRESENT
KBBBBvKQ.rtbw;7-WDL;7-WDL;PRESENT
KBBBBvKR.rtbw;7-WDL;7-WDL;PRESENT
KBBBNvKB.rtbw;7-WDL;7-WDL;PRESENT
KBBBNvKN.rtbw;7-WDL;7-WDL;PRESENT
KBBBNvKQ.rtbw;7-WDL;7-WDL;PRESENT
KBBBNvKR.rtbw;7-WDL;7-WDL;PRESENT
KBBNNvKB.rtbw;7-WDL;7-WDL;PRESENT
KBBNNvKN.rtbw;7-WDL;7-WDL;PRESENT
KBBNNvKQ.rtbw;7-WDL;7-WDL;PRESENT
KBBNNvKR.rtbw;7-WDL;7-WDL;PRESENT
KBNNNvKB.rtbw;7-WDL;7-WDL;PRESENT
KBNNNvKN.rtbw;7-WDL;7-WDL;PRESENT
KBNNNvKQ.rtbw;7-WDL;7-WDL;PRESENT
KBNNNvKR.rtbw;7-WDL;7-WDL;PRESENT
KNNNNvKB.rtbw;7-WDL;7-WDL;PRESENT
KNNNNvKN.rtbw;7-WDL;7-WDL;PRESENT
KNNNNvKQ.rtbw;7-WDL;7-WDL;PRESENT
KNNNNvKR.rtbw;7-WDL;7-WDL;PRESENT
KQBBBvKB.rtbw;7-WDL;7-WDL;PRESENT
KQBBBvKN.rtbw;7-WDL;7-WDL;PRESENT
KQBBBvKQ.rtbw;7-WDL;7-WDL;PRESENT
KQBBBvKR.rtbw;7-WDL;7-WDL;PRESENT
KQBBNvKB.rtbw;7-WDL;7-WDL;PRESENT
KQBBNvKN.rtbw;7-WDL;7-WDL;PRESENT
KQBBNvKQ.rtbw;7-WDL;7-WDL;PRESENT
KQBBNvKR.rtbw;7-WDL;7-WDL;PRESENT
KQBNNvKB.rtbw;7-WDL;7-WDL;PRESENT
KQBNNvKN.rtbw;7-WDL;7-WDL;PRESENT
KQBNNvKQ.rtbw;7-WDL;7-WDL;PRESENT
KQBNNvKR.rtbw;7-WDL;7-WDL;PRESENT
KQNNNvKB.rtbw;7-WDL;7-WDL;PRESENT
KQNNNvKN.rtbw;7-WDL;7-WDL;PRESENT
KQNNNvKQ.rtbw;7-WDL;7-WDL;PRESENT
KQNNNvKR.rtbw;7-WDL;7-WDL;PRESENT
KQQBBvKB.rtbw;7-WDL;7-WDL;PRESENT
KQQBBvKN.rtbw;7-WDL;7-WDL;PRESENT
KQQBBvKQ.rtbw;7-WDL;7-WDL;PRESENT
KQQBBvKR.rtbw;7-WDL;7-WDL;PRESENT
KQQBNvKB.rtbw;7-WDL;7-WDL;PRESENT
KQQBNvKN.rtbw;7-WDL;7-WDL;PRESENT
KQQBNvKQ.rtbw;7-WDL;7-WDL;PRESENT
KQQBNvKR.rtbw;7-WDL;7-WDL;PRESENT
KQQNNvKB.rtbw;7-WDL;7-WDL;PRESENT
KQQNNvKN.rtbw;7-WDL;7-WDL;PRESENT
KQQNNvKQ.rtbw;7-WDL;7-WDL;PRESENT
KQQNNvKR.rtbw;7-WDL;7-WDL;PRESENT
KQQQBvKB.rtbw;7-WDL;7-WDL;PRESENT
KQQQBvKN.rtbw;7-WDL;7-WDL;PRESENT
KQQQBvKQ.rtbw;7-WDL;7-WDL;PRESENT
KQQQBvKR.rtbw;7-WDL;7-WDL;PRESENT
KQQQNvKB.rtbw;7-WDL;7-WDL;PRESENT
KQQQNvKN.rtbw;7-WDL;7-WDL;PRESENT
KQQQNvKQ.rtbw;7-WDL;7-WDL;PRESENT
KQQQNvKR.rtbw;7-WDL;7-WDL;PRESENT
KQQQQvKB.rtbw;7-WDL;7-WDL;PRESENT
KQQQQvKN.rtbw;7-WDL;7-WDL;PRESENT
KQQQQvKQ.rtbw;7-WDL;7-WDL;PRESENT
KQQQQvKR.rtbw;7-WDL;7-WDL;PRESENT
KQQQRvKB.rtbw;7-WDL;7-WDL;PRESENT
KQQQRvKN.rtbw;7-WDL;7-WDL;PRESENT
KQQQRvKQ.rtbw;7-WDL;7-WDL;PRESENT
KQQQRvKR.rtbw;7-WDL;7-WDL;PRESENT
KQQRBvKB.rtbw;7-WDL;7-WDL;PRESENT
KQQRBvKN.rtbw;7-WDL;7-WDL;PRESENT
KQQRBvKQ.rtbw;7-WDL;7-WDL;PRESENT
KQQRBvKR.rtbw;7-WDL;7-WDL;PRESENT
KQQRNvKB.rtbw;7-WDL;7-WDL;PRESENT
KQQRNvKN.rtbw;7-WDL;7-WDL;PRESENT
KQQRNvKQ.rtbw;7-WDL;7-WDL;PRESENT
KQQRNvKR.rtbw;7-WDL;7-WDL;PRESENT
KQQRRvKB.rtbw;7-WDL;7-WDL;PRESENT
KQQRRvKN.rtbw;7-WDL;7-WDL;PRESENT
KQQRRvKQ.rtbw;7-WDL;7-WDL;PRESENT
KQQRRvKR.rtbw;7-WDL;7-WDL;PRESENT
KQRBBvKB.rtbw;7-WDL;7-WDL;PRESENT
KQRBBvKN.rtbw;7-WDL;7-WDL;PRESENT
KQRBBvKQ.rtbw;7-WDL;7-WDL;PRESENT
KQRBBvKR.rtbw;7-WDL;7-WDL;PRESENT
KQRBNvKB.rtbw;7-WDL;7-WDL;PRESENT
KQRBNvKN.rtbw;7-WDL;7-WDL;PRESENT
KQRBNvKQ.rtbw;7-WDL;7-WDL;PRESENT
KQRBNvKR.rtbw;7-WDL;7-WDL;PRESENT
KQRNNvKB.rtbw;7-WDL;7-WDL;PRESENT
KQRNNvKN.rtbw;7-WDL;7-WDL;PRESENT
KQRNNvKQ.rtbw;7-WDL;7-WDL;PRESENT
KQRNNvKR.rtbw;7-WDL;7-WDL;PRESENT
KQRRBvKB.rtbw;7-WDL;7-WDL;PRESENT
KQRRBvKN.rtbw;7-WDL;7-WDL;PRESENT
KQRRBvKQ.rtbw;7-WDL;7-WDL;PRESENT
KQRRBvKR.rtbw;7-WDL;7-WDL;PRESENT
KQRRNvKB.rtbw;7-WDL;7-WDL;PRESENT
KQRRNvKN.rtbw;7-WDL;7-WDL;PRESENT
KQRRNvKQ.rtbw;7-WDL;7-WDL;PRESENT
KQRRNvKR.rtbw;7-WDL;7-WDL;PRESENT
KQRRRvKB.rtbw;7-WDL;7-WDL;PRESENT
KQRRRvKN.rtbw;7-WDL;7-WDL;PRESENT
KQRRRvKQ.rtbw;7-WDL;7-WDL;PRESENT
KQRRRvKR.rtbw;7-WDL;7-WDL;PRESENT
KRBBBvKB.rtbw;7-WDL;7-WDL;PRESENT
KRBBBvKN.rtbw;7-WDL;7-WDL;PRESENT
KRBBBvKQ.rtbw;7-WDL;7-WDL;PRESENT
KRBBBvKR.rtbw;7-WDL;7-WDL;PRESENT
KRBBNvKB.rtbw;7-WDL;7-WDL;PRESENT
KRBBNvKN.rtbw;7-WDL;7-WDL;PRESENT
KRBBNvKQ.rtbw;7-WDL;7-WDL;PRESENT
KRBBNvKR.rtbw;7-WDL;7-WDL;PRESENT
KRBNNvKB.rtbw;7-WDL;7-WDL;PRESENT
KRBNNvKN.rtbw;7-WDL;7-WDL;PRESENT
KRBNNvKQ.rtbw;7-WDL;7-WDL;PRESENT
KRBNNvKR.rtbw;7-WDL;7-WDL;PRESENT
KRNNNvKB.rtbw;7-WDL;7-WDL;PRESENT
KRNNNvKN.rtbw;7-WDL;7-WDL;PRESENT
KRNNNvKQ.rtbw;7-WDL;7-WDL;PRESENT
KRNNNvKR.rtbw;7-WDL;7-WDL;PRESENT
KRRBBvKB.rtbw;7-WDL;7-WDL;PRESENT
KRRBBvKN.rtbw;7-WDL;7-WDL;PRESENT
KRRBBvKQ.rtbw;7-WDL;7-WDL;PRESENT
KRRBBvKR.rtbw;7-WDL;7-WDL;PRESENT
KRRBNvKB.rtbw;7-WDL;7-WDL;PRESENT
KRRBNvKN.rtbw;7-WDL;7-WDL;PRESENT
KRRBNvKQ.rtbw;7-WDL;7-WDL;PRESENT
KRRBNvKR.rtbw;7-WDL;7-WDL;PRESENT
KRRNNvKB.rtbw;7-WDL;7-WDL;PRESENT
KRRNNvKN.rtbw;7-WDL;7-WDL;PRESENT
KRRNNvKQ.rtbw;7-WDL;7-WDL;PRESENT
KRRNNvKR.rtbw;7-WDL;7-WDL;PRESENT
KRRRBvKB.rtbw;7-WDL;7-WDL;PRESENT
KRRRBvKN.rtbw;7-WDL;7-WDL;PRESENT
KRRRBvKQ.rtbw;7-WDL;7-WDL;PRESENT
KRRRBvKR.rtbw;7-WDL;7-WDL;PRESENT
KRRRNvKB.rtbw;7-WDL;7-WDL;PRESENT
KRRRNvKN.rtbw;7-WDL;7-WDL;PRESENT
KRRRNvKQ.rtbw;7-WDL;7-WDL;PRESENT
KRRRNvKR.rtbw;7-WDL;7-WDL;PRESENT
KRRRRvKB.rtbw;7-WDL;7-WDL;PRESENT
KRRRRvKN.rtbw;7-WDL;7-WDL;PRESENT
KRRRRvKQ.rtbw;7-WDL;7-WDL;PRESENT
KRRRRvKR.rtbw;7-WDL;7-WDL;PRESENT
KBBBBPvK.rtbw;7-WDL;7-WDL;PRESENT
KBBBNPvK.rtbw;7-WDL;7-WDL;PRESENT
KBBBPPvK.rtbw;7-WDL;7-WDL;PRESENT
KBBNNPvK.rtbw;7-WDL;7-WDL;PRESENT
KBBNPPvK.rtbw;7-WDL;7-WDL;PRESENT
KBBPPPvK.rtbw;7-WDL;7-WDL;PRESENT
KBNNNPvK.rtbw;7-WDL;7-WDL;PRESENT
KBNNPPvK.rtbw;7-WDL;7-WDL;PRESENT
KBNPPPvK.rtbw;7-WDL;7-WDL;PRESENT
KBPPPPvK.rtbw;7-WDL;7-WDL;PRESENT
KNNNNPvK.rtbw;7-WDL;7-WDL;PRESENT
KNNNPPvK.rtbw;7-WDL;7-WDL;PRESENT
KNNPPPvK.rtbw;7-WDL;7-WDL;PRESENT
KNPPPPvK.rtbw;7-WDL;7-WDL;PRESENT
KPPPPPvK.rtbw;7-WDL;7-WDL;PRESENT
KQBBBPvK.rtbw;7-WDL;7-WDL;PRESENT
KQBBNPvK.rtbw;7-WDL;7-WDL;PRESENT
KQBBPPvK.rtbw;7-WDL;7-WDL;PRESENT
KQBNNPvK.rtbw;7-WDL;7-WDL;PRESENT
KQBNPPvK.rtbw;7-WDL;7-WDL;PRESENT
KQBPPPvK.rtbw;7-WDL;7-WDL;PRESENT
KQNNNPvK.rtbw;7-WDL;7-WDL;PRESENT
KQNNPPvK.rtbw;7-WDL;7-WDL;PRESENT
KQNPPPvK.rtbw;7-WDL;7-WDL;PRESENT
KQPPPPvK.rtbw;7-WDL;7-WDL;PRESENT
KQQBBPvK.rtbw;7-WDL;7-WDL;PRESENT
KQQBNPvK.rtbw;7-WDL;7-WDL;PRESENT
KQQBPPvK.rtbw;7-WDL;7-WDL;PRESENT
KQQNNPvK.rtbw;7-WDL;7-WDL;PRESENT
KQQNPPvK.rtbw;7-WDL;7-WDL;PRESENT
KQQPPPvK.rtbw;7-WDL;7-WDL;PRESENT
KQQQBPvK.rtbw;7-WDL;7-WDL;PRESENT
KQQQNPvK.rtbw;7-WDL;7-WDL;PRESENT
KQQQPPvK.rtbw;7-WDL;7-WDL;PRESENT
KQQQQPvK.rtbw;7-WDL;7-WDL;PRESENT
KQQQRPvK.rtbw;7-WDL;7-WDL;PRESENT
KQQRBPvK.rtbw;7-WDL;7-WDL;PRESENT
KQQRNPvK.rtbw;7-WDL;7-WDL;PRESENT
KQQRPPvK.rtbw;7-WDL;7-WDL;PRESENT
KQQRRPvK.rtbw;7-WDL;7-WDL;PRESENT
KQRBBPvK.rtbw;7-WDL;7-WDL;PRESENT
KQRBNPvK.rtbw;7-WDL;7-WDL;PRESENT
KQRBPPvK.rtbw;7-WDL;7-WDL;PRESENT
KQRNNPvK.rtbw;7-WDL;7-WDL;PRESENT
KQRNPPvK.rtbw;7-WDL;7-WDL;PRESENT
KQRPPPvK.rtbw;7-WDL;7-WDL;PRESENT
KQRRBPvK.rtbw;7-WDL;7-WDL;PRESENT
KQRRNPvK.rtbw;7-WDL;7-WDL;PRESENT
KQRRPPvK.rtbw;7-WDL;7-WDL;PRESENT
KQRRRPvK.rtbw;7-WDL;7-WDL;PRESENT
KRBBBPvK.rtbw;7-WDL;7-WDL;PRESENT
KRBBNPvK.rtbw;7-WDL;7-WDL;PRESENT
KRBBPPvK.rtbw;7-WDL;7-WDL;PRESENT
KRBNNPvK.rtbw;7-WDL;7-WDL;PRESENT
KRBNPPvK.rtbw;7-WDL;7-WDL;PRESENT
KRBPPPvK.rtbw;7-WDL;7-WDL;PRESENT
KRNNNPvK.rtbw;7-WDL;7-WDL;PRESENT
KRNNPPvK.rtbw;7-WDL;7-WDL;PRESENT
KRNPPPvK.rtbw;7-WDL;7-WDL;PRESENT
KRPPPPvK.rtbw;7-WDL;7-WDL;PRESENT
KRRBBPvK.rtbw;7-WDL;7-WDL;PRESENT
KRRBNPvK.rtbw;7-WDL;7-WDL;PRESENT
KRRBPPvK.rtbw;7-WDL;7-WDL;PRESENT
KRRNNPvK.rtbw;7-WDL;7-WDL;PRESENT
KRRNPPvK.rtbw;7-WDL;7-WDL;PRESENT
KRRPPPvK.rtbw;7-WDL;7-WDL;PRESENT
KRRRBPvK.rtbw;7-WDL;7-WDL;PRESENT
KRRRNPvK.rtbw;7-WDL;7-WDL;PRESENT
KRRRPPvK.rtbw;7-WDL;7-WDL;PRESENT
KRRRRPvK.rtbw;7-WDL;7-WDL;PRESENT
KBBBBBvK.rtbw;7-WDL;7-WDL;PRESENT
KBBBBNvK.rtbw;7-WDL;7-WDL;PRESENT
KBBBNNvK.rtbw;7-WDL;7-WDL;PRESENT
KBBNNNvK.rtbw;7-WDL;7-WDL;PRESENT
KBNNNNvK.rtbw;7-WDL;7-WDL;PRESENT
KNNNNNvK.rtbw;7-WDL;7-WDL;PRESENT
KQBBBBvK.rtbw;7-WDL;7-WDL;PRESENT
KQBBBNvK.rtbw;7-WDL;7-WDL;PRESENT
KQBBNNvK.rtbw;7-WDL;7-WDL;PRESENT
KQBNNNvK.rtbw;7-WDL;7-WDL;PRESENT
KQNNNNvK.rtbw;7-WDL;7-WDL;PRESENT
KQQBBBvK.rtbw;7-WDL;7-WDL;PRESENT
KQQBBNvK.rtbw;7-WDL;7-WDL;PRESENT
KQQBNNvK.rtbw;7-WDL;7-WDL;PRESENT
KQQNNNvK.rtbw;7-WDL;7-WDL;PRESENT
KQQQBBvK.rtbw;7-WDL;7-WDL;PRESENT
KQQQBNvK.rtbw;7-WDL;7-WDL;PRESENT
KQQQNNvK.rtbw;7-WDL;7-WDL;PRESENT
KQQQQBvK.rtbw;7-WDL;7-WDL;PRESENT
KQQQQNvK.rtbw;7-WDL;7-WDL;PRESENT
KQQQQQvK.rtbw;7-WDL;7-WDL;PRESENT
KQQQQRvK.rtbw;7-WDL;7-WDL;PRESENT
KQQQRBvK.rtbw;7-WDL;7-WDL;PRESENT
KQQQRNvK.rtbw;7-WDL;7-WDL;PRESENT
KQQQRRvK.rtbw;7-WDL;7-WDL;PRESENT
KQQRBBvK.rtbw;7-WDL;7-WDL;PRESENT
KQQRBNvK.rtbw;7-WDL;7-WDL;PRESENT
KQQRNNvK.rtbw;7-WDL;7-WDL;PRESENT
KQQRRBvK.rtbw;7-WDL;7-WDL;PRESENT
KQQRRNvK.rtbw;7-WDL;7-WDL;PRESENT
KQQRRRvK.rtbw;7-WDL;7-WDL;PRESENT
KQRBBBvK.rtbw;7-WDL;7-WDL;PRESENT
KQRBBNvK.rtbw;7-WDL;7-WDL;PRESENT
KQRBNNvK.rtbw;7-WDL;7-WDL;PRESENT
KQRNNNvK.rtbw;7-WDL;7-WDL;PRESENT
KQRRBBvK.rtbw;7-WDL;7-WDL;PRESENT
KQRRBNvK.rtbw;7-WDL;7-WDL;PRESENT
KQRRNNvK.rtbw;7-WDL;7-WDL;PRESENT
KQRRRBvK.rtbw;7-WDL;7-WDL;PRESENT
KQRRRNvK.rtbw;7-WDL;7-WDL;PRESENT
KQRRRRvK.rtbw;7-WDL;7-WDL;PRESENT
KRBBBBvK.rtbw;7-WDL;7-WDL;PRESENT
KRBBBNvK.rtbw;7-WDL;7-WDL;PRESENT
KRBBNNvK.rtbw;7-WDL;7-WDL;PRESENT
KRBNNNvK.rtbw;7-WDL;7-WDL;PRESENT
KRNNNNvK.rtbw;7-WDL;7-WDL;PRESENT
KRRBBBvK.rtbw;7-WDL;7-WDL;PRESENT
KRRBBNvK.rtbw;7-WDL;7-WDL;PRESENT
KRRBNNvK.rtbw;7-WDL;7-WDL;PRESENT
KRRNNNvK.rtbw;7-WDL;7-WDL;PRESENT
KRRRBBvK.rtbw;7-WDL;7-WDL;PRESENT
KRRRBNvK.rtbw;7-WDL;7-WDL;PRESENT
KRRRNNvK.rtbw;7-WDL;7-WDL;PRESENT
KRRRRBvK.rtbw;7-WDL;7-WDL;PRESENT
KRRRRNvK.rtbw;7-WDL;7-WDL;PRESENT
KRRRRRvK.rtbw;7-WDL;7-WDL;PRESENT
KBBBvKBP.rtbz;7-DTZ;7-DTZ;PRESENT
KBBBvKNP.rtbz;7-DTZ;7-DTZ;PRESENT
KBBBvKPP.rtbz;7-DTZ;7-DTZ;PRESENT
KBBBvKQP.rtbz;7-DTZ;7-DTZ;PRESENT
KBBBvKRP.rtbz;7-DTZ;7-DTZ;PRESENT
KBBNvKBP.rtbz;7-DTZ;7-DTZ;PRESENT
KBBNvKNP.rtbz;7-DTZ;7-DTZ;PRESENT
KBBNvKPP.rtbz;7-DTZ;7-DTZ;PRESENT
KBBNvKQP.rtbz;7-DTZ;7-DTZ;PRESENT
KBBNvKRP.rtbz;7-DTZ;7-DTZ;PRESENT
KBBPvKBB.rtbz;7-DTZ;7-DTZ;PRESENT
KBBPvKBN.rtbz;7-DTZ;7-DTZ;PRESENT
KBBPvKBP.rtbz;7-DTZ;7-DTZ;PRESENT
KBBPvKNN.rtbz;7-DTZ;7-DTZ;PRESENT
KBBPvKNP.rtbz;7-DTZ;7-DTZ;PRESENT
KBBPvKPP.rtbz;7-DTZ;7-DTZ;PRESENT
KBBPvKQB.rtbz;7-DTZ;7-DTZ;PRESENT
KBBPvKQN.rtbz;7-DTZ;7-DTZ;PRESENT
KBBPvKQP.rtbz;7-DTZ;7-DTZ;PRESENT
KBBPvKQQ.rtbz;7-DTZ;7-DTZ;PRESENT
KBBPvKQR.rtbz;7-DTZ;7-DTZ;PRESENT
KBBPvKRB.rtbz;7-DTZ;7-DTZ;PRESENT
KBBPvKRN.rtbz;7-DTZ;7-DTZ;PRESENT
KBBPvKRP.rtbz;7-DTZ;7-DTZ;PRESENT
KBBPvKRR.rtbz;7-DTZ;7-DTZ;PRESENT
KBNNvKBP.rtbz;7-DTZ;7-DTZ;PRESENT
KBNNvKNP.rtbz;7-DTZ;7-DTZ;PRESENT
KBNNvKPP.rtbz;7-DTZ;7-DTZ;PRESENT
KBNNvKQP.rtbz;7-DTZ;7-DTZ;PRESENT
KBNNvKRP.rtbz;7-DTZ;7-DTZ;PRESENT
KBNPvKBB.rtbz;7-DTZ;7-DTZ;PRESENT
KBNPvKBN.rtbz;7-DTZ;7-DTZ;PRESENT
KBNPvKBP.rtbz;7-DTZ;7-DTZ;PRESENT
KBNPvKNN.rtbz;7-DTZ;7-DTZ;PRESENT
KBNPvKNP.rtbz;7-DTZ;7-DTZ;PRESENT
KBNPvKPP.rtbz;7-DTZ;7-DTZ;PRESENT
KBNPvKQB.rtbz;7-DTZ;7-DTZ;PRESENT
KBNPvKQN.rtbz;7-DTZ;7-DTZ;PRESENT
KBNPvKQP.rtbz;7-DTZ;7-DTZ;PRESENT
KBNPvKQQ.rtbz;7-DTZ;7-DTZ;PRESENT
KBNPvKQR.rtbz;7-DTZ;7-DTZ;PRESENT
KBNPvKRB.rtbz;7-DTZ;7-DTZ;PRESENT
KBNPvKRN.rtbz;7-DTZ;7-DTZ;PRESENT
KBNPvKRP.rtbz;7-DTZ;7-DTZ;PRESENT
KBNPvKRR.rtbz;7-DTZ;7-DTZ;PRESENT
KBPPvKBB.rtbz;7-DTZ;7-DTZ;PRESENT
KBPPvKBN.rtbz;7-DTZ;7-DTZ;PRESENT
KBPPvKBP.rtbz;7-DTZ;7-DTZ;PRESENT
KBPPvKNN.rtbz;7-DTZ;7-DTZ;PRESENT
KBPPvKNP.rtbz;7-DTZ;7-DTZ;PRESENT
KBPPvKPP.rtbz;7-DTZ;7-DTZ;PRESENT
KBPPvKQB.rtbz;7-DTZ;7-DTZ;PRESENT
KBPPvKQN.rtbz;7-DTZ;7-DTZ;PRESENT
KBPPvKQP.rtbz;7-DTZ;7-DTZ;PRESENT
KBPPvKQQ.rtbz;7-DTZ;7-DTZ;PRESENT
KBPPvKQR.rtbz;7-DTZ;7-DTZ;PRESENT
KBPPvKRB.rtbz;7-DTZ;7-DTZ;PRESENT
KBPPvKRN.rtbz;7-DTZ;7-DTZ;PRESENT
KBPPvKRP.rtbz;7-DTZ;7-DTZ;PRESENT
KBPPvKRR.rtbz;7-DTZ;7-DTZ;PRESENT
KNNNvKBP.rtbz;7-DTZ;7-DTZ;PRESENT
KNNNvKNP.rtbz;7-DTZ;7-DTZ;PRESENT
KNNNvKPP.rtbz;7-DTZ;7-DTZ;PRESENT
KNNNvKQP.rtbz;7-DTZ;7-DTZ;PRESENT
KNNNvKRP.rtbz;7-DTZ;7-DTZ;PRESENT
KNNPvKBB.rtbz;7-DTZ;7-DTZ;PRESENT
KNNPvKBN.rtbz;7-DTZ;7-DTZ;PRESENT
KNNPvKBP.rtbz;7-DTZ;7-DTZ;PRESENT
KNNPvKNN.rtbz;7-DTZ;7-DTZ;PRESENT
KNNPvKNP.rtbz;7-DTZ;7-DTZ;PRESENT
KNNPvKPP.rtbz;7-DTZ;7-DTZ;PRESENT
KNNPvKQB.rtbz;7-DTZ;7-DTZ;PRESENT
KNNPvKQN.rtbz;7-DTZ;7-DTZ;PRESENT
KNNPvKQP.rtbz;7-DTZ;7-DTZ;PRESENT
KNNPvKQQ.rtbz;7-DTZ;7-DTZ;PRESENT
KNNPvKQR.rtbz;7-DTZ;7-DTZ;PRESENT
KNNPvKRB.rtbz;7-DTZ;7-DTZ;PRESENT
KNNPvKRN.rtbz;7-DTZ;7-DTZ;PRESENT
KNNPvKRP.rtbz;7-DTZ;7-DTZ;PRESENT
KNNPvKRR.rtbz;7-DTZ;7-DTZ;PRESENT
KNPPvKBB.rtbz;7-DTZ;7-DTZ;PRESENT
KNPPvKBN.rtbz;7-DTZ;7-DTZ;PRESENT
KNPPvKBP.rtbz;7-DTZ;7-DTZ;PRESENT
KNPPvKNN.rtbz;7-DTZ;7-DTZ;PRESENT
KNPPvKNP.rtbz;7-DTZ;7-DTZ;PRESENT
KNPPvKPP.rtbz;7-DTZ;7-DTZ;PRESENT
KNPPvKQB.rtbz;7-DTZ;7-DTZ;PRESENT
KNPPvKQN.rtbz;7-DTZ;7-DTZ;PRESENT
KNPPvKQP.rtbz;7-DTZ;7-DTZ;PRESENT
KNPPvKQQ.rtbz;7-DTZ;7-DTZ;PRESENT
KNPPvKQR.rtbz;7-DTZ;7-DTZ;PRESENT
KNPPvKRB.rtbz;7-DTZ;7-DTZ;PRESENT
KNPPvKRN.rtbz;7-DTZ;7-DTZ;PRESENT
KNPPvKRP.rtbz;7-DTZ;7-DTZ;PRESENT
KNPPvKRR.rtbz;7-DTZ;7-DTZ;PRESENT
KPPPvKBB.rtbz;7-DTZ;7-DTZ;PRESENT
KPPPvKBN.rtbz;7-DTZ;7-DTZ;PRESENT
KPPPvKBP.rtbz;7-DTZ;7-DTZ;PRESENT
KPPPvKNN.rtbz;7-DTZ;7-DTZ;PRESENT
KPPPvKNP.rtbz;7-DTZ;7-DTZ;PRESENT
KPPPvKPP.rtbz;7-DTZ;7-DTZ;PRESENT
KPPPvKQB.rtbz;7-DTZ;7-DTZ;PRESENT
KPPPvKQN.rtbz;7-DTZ;7-DTZ;PRESENT
KPPPvKQP.rtbz;7-DTZ;7-DTZ;PRESENT
KPPPvKQQ.rtbz;7-DTZ;7-DTZ;PRESENT
KPPPvKQR.rtbz;7-DTZ;7-DTZ;PRESENT
KPPPvKRB.rtbz;7-DTZ;7-DTZ;PRESENT
KPPPvKRN.rtbz;7-DTZ;7-DTZ;PRESENT
KPPPvKRP.rtbz;7-DTZ;7-DTZ;PRESENT
KPPPvKRR.rtbz;7-DTZ;7-DTZ;PRESENT
KQBBvKBP.rtbz;7-DTZ;7-DTZ;PRESENT
KQBBvKNP.rtbz;7-DTZ;7-DTZ;PRESENT
KQBBvKPP.rtbz;7-DTZ;7-DTZ;PRESENT
KQBBvKQP.rtbz;7-DTZ;7-DTZ;PRESENT
KQBBvKRP.rtbz;7-DTZ;7-DTZ;PRESENT
KQBNvKBP.rtbz;7-DTZ;7-DTZ;PRESENT
KQBNvKNP.rtbz;7-DTZ;7-DTZ;PRESENT
KQBNvKPP.rtbz;7-DTZ;7-DTZ;PRESENT
KQBNvKQP.rtbz;7-DTZ;7-DTZ;PRESENT
KQBNvKRP.rtbz;7-DTZ;7-DTZ;PRESENT
KQBPvKBB.rtbz;7-DTZ;7-DTZ;PRESENT
KQBPvKBN.rtbz;7-DTZ;7-DTZ;PRESENT
KQBPvKBP.rtbz;7-DTZ;7-DTZ;PRESENT
KQBPvKNN.rtbz;7-DTZ;7-DTZ;PRESENT
KQBPvKNP.rtbz;7-DTZ;7-DTZ;PRESENT
KQBPvKPP.rtbz;7-DTZ;7-DTZ;PRESENT
KQBPvKQB.rtbz;7-DTZ;7-DTZ;PRESENT
KQBPvKQN.rtbz;7-DTZ;7-DTZ;PRESENT
KQBPvKQP.rtbz;7-DTZ;7-DTZ;PRESENT
KQBPvKQQ.rtbz;7-DTZ;7-DTZ;PRESENT
KQBPvKQR.rtbz;7-DTZ;7-DTZ;PRESENT
KQBPvKRB.rtbz;7-DTZ;7-DTZ;PRESENT
KQBPvKRN.rtbz;7-DTZ;7-DTZ;PRESENT
KQBPvKRP.rtbz;7-DTZ;7-DTZ;PRESENT
KQBPvKRR.rtbz;7-DTZ;7-DTZ;PRESENT
KQNNvKBP.rtbz;7-DTZ;7-DTZ;PRESENT
KQNNvKNP.rtbz;7-DTZ;7-DTZ;PRESENT
KQNNvKPP.rtbz;7-DTZ;7-DTZ;PRESENT
KQNNvKQP.rtbz;7-DTZ;7-DTZ;PRESENT
KQNNvKRP.rtbz;7-DTZ;7-DTZ;PRESENT
KQNPvKBB.rtbz;7-DTZ;7-DTZ;PRESENT
KQNPvKBN.rtbz;7-DTZ;7-DTZ;PRESENT
KQNPvKBP.rtbz;7-DTZ;7-DTZ;PRESENT
KQNPvKNN.rtbz;7-DTZ;7-DTZ;PRESENT
KQNPvKNP.rtbz;7-DTZ;7-DTZ;PRESENT
KQNPvKPP.rtbz;7-DTZ;7-DTZ;PRESENT
KQNPvKQB.rtbz;7-DTZ;7-DTZ;PRESENT
KQNPvKQN.rtbz;7-DTZ;7-DTZ;PRESENT
KQNPvKQP.rtbz;7-DTZ;7-DTZ;PRESENT
KQNPvKQQ.rtbz;7-DTZ;7-DTZ;PRESENT
KQNPvKQR.rtbz;7-DTZ;7-DTZ;PRESENT
KQNPvKRB.rtbz;7-DTZ;7-DTZ;PRESENT
KQNPvKRN.rtbz;7-DTZ;7-DTZ;PRESENT
KQNPvKRP.rtbz;7-DTZ;7-DTZ;PRESENT
KQNPvKRR.rtbz;7-DTZ;7-DTZ;PRESENT
KQPPvKBB.rtbz;7-DTZ;7-DTZ;PRESENT
KQPPvKBN.rtbz;7-DTZ;7-DTZ;PRESENT
KQPPvKBP.rtbz;7-DTZ;7-DTZ;PRESENT
KQPPvKNN.rtbz;7-DTZ;7-DTZ;PRESENT
KQPPvKNP.rtbz;7-DTZ;7-DTZ;PRESENT
KQPPvKPP.rtbz;7-DTZ;7-DTZ;PRESENT
KQPPvKQB.rtbz;7-DTZ;7-DTZ;PRESENT
KQPPvKQN.rtbz;7-DTZ;7-DTZ;PRESENT
KQPPvKQP.rtbz;7-DTZ;7-DTZ;PRESENT
KQPPvKQQ.rtbz;7-DTZ;7-DTZ;PRESENT
KQPPvKQR.rtbz;7-DTZ;7-DTZ;PRESENT
KQPPvKRB.rtbz;7-DTZ;7-DTZ;PRESENT
KQPPvKRN.rtbz;7-DTZ;7-DTZ;PRESENT
KQPPvKRP.rtbz;7-DTZ;7-DTZ;PRESENT
KQPPvKRR.rtbz;7-DTZ;7-DTZ;PRESENT
KQQBvKBP.rtbz;7-DTZ;7-DTZ;PRESENT
KQQBvKNP.rtbz;7-DTZ;7-DTZ;PRESENT
KQQBvKPP.rtbz;7-DTZ;7-DTZ;PRESENT
KQQBvKQP.rtbz;7-DTZ;7-DTZ;PRESENT
KQQBvKRP.rtbz;7-DTZ;7-DTZ;PRESENT
KQQNvKBP.rtbz;7-DTZ;7-DTZ;PRESENT
KQQNvKNP.rtbz;7-DTZ;7-DTZ;PRESENT
KQQNvKPP.rtbz;7-DTZ;7-DTZ;PRESENT
KQQNvKQP.rtbz;7-DTZ;7-DTZ;PRESENT
KQQNvKRP.rtbz;7-DTZ;7-DTZ;PRESENT
KQQPvKBB.rtbz;7-DTZ;7-DTZ;PRESENT
KQQPvKBN.rtbz;7-DTZ;7-DTZ;PRESENT
KQQPvKBP.rtbz;7-DTZ;7-DTZ;PRESENT
KQQPvKNN.rtbz;7-DTZ;7-DTZ;PRESENT
KQQPvKNP.rtbz;7-DTZ;7-DTZ;PRESENT
KQQPvKPP.rtbz;7-DTZ;7-DTZ;PRESENT
KQQPvKQB.rtbz;7-DTZ;7-DTZ;PRESENT
KQQPvKQN.rtbz;7-DTZ;7-DTZ;PRESENT
KQQPvKQP.rtbz;7-DTZ;7-DTZ;PRESENT
KQQPvKQQ.rtbz;7-DTZ;7-DTZ;PRESENT
KQQPvKQR.rtbz;7-DTZ;7-DTZ;PRESENT
KQQPvKRB.rtbz;7-DTZ;7-DTZ;PRESENT
KQQPvKRN.rtbz;7-DTZ;7-DTZ;PRESENT
KQQPvKRP.rtbz;7-DTZ;7-DTZ;PRESENT
KQQPvKRR.rtbz;7-DTZ;7-DTZ;PRESENT
KQQQvKBP.rtbz;7-DTZ;7-DTZ;PRESENT
KQQQvKNP.rtbz;7-DTZ;7-DTZ;PRESENT
KQQQvKPP.rtbz;7-DTZ;7-DTZ;PRESENT
KQQQvKQP.rtbz;7-DTZ;7-DTZ;PRESENT
KQQQvKRP.rtbz;7-DTZ;7-DTZ;PRESENT
KQQRvKBP.rtbz;7-DTZ;7-DTZ;PRESENT
KQQRvKNP.rtbz;7-DTZ;7-DTZ;PRESENT
KQQRvKPP.rtbz;7-DTZ;7-DTZ;PRESENT
KQQRvKQP.rtbz;7-DTZ;7-DTZ;PRESENT
KQQRvKRP.rtbz;7-DTZ;7-DTZ;PRESENT
KQRBvKBP.rtbz;7-DTZ;7-DTZ;PRESENT
KQRBvKNP.rtbz;7-DTZ;7-DTZ;PRESENT
KQRBvKPP.rtbz;7-DTZ;7-DTZ;PRESENT
KQRBvKQP.rtbz;7-DTZ;7-DTZ;PRESENT
KQRBvKRP.rtbz;7-DTZ;7-DTZ;PRESENT
KQRNvKBP.rtbz;7-DTZ;7-DTZ;PRESENT
KQRNvKNP.rtbz;7-DTZ;7-DTZ;PRESENT
KQRNvKPP.rtbz;7-DTZ;7-DTZ;PRESENT
KQRNvKQP.rtbz;7-DTZ;7-DTZ;PRESENT
KQRNvKRP.rtbz;7-DTZ;7-DTZ;PRESENT
KQRPvKBB.rtbz;7-DTZ;7-DTZ;PRESENT
KQRPvKBN.rtbz;7-DTZ;7-DTZ;PRESENT
KQRPvKBP.rtbz;7-DTZ;7-DTZ;PRESENT
KQRPvKNN.rtbz;7-DTZ;7-DTZ;PRESENT
KQRPvKNP.rtbz;7-DTZ;7-DTZ;PRESENT
KQRPvKPP.rtbz;7-DTZ;7-DTZ;PRESENT
KQRPvKQB.rtbz;7-DTZ;7-DTZ;PRESENT
KQRPvKQN.rtbz;7-DTZ;7-DTZ;PRESENT
KQRPvKQP.rtbz;7-DTZ;7-DTZ;PRESENT
KQRPvKQQ.rtbz;7-DTZ;7-DTZ;PRESENT
KQRPvKQR.rtbz;7-DTZ;7-DTZ;PRESENT
KQRPvKRB.rtbz;7-DTZ;7-DTZ;PRESENT
KQRPvKRN.rtbz;7-DTZ;7-DTZ;PRESENT
KQRPvKRP.rtbz;7-DTZ;7-DTZ;PRESENT
KQRPvKRR.rtbz;7-DTZ;7-DTZ;PRESENT
KQRRvKBP.rtbz;7-DTZ;7-DTZ;PRESENT
KQRRvKNP.rtbz;7-DTZ;7-DTZ;PRESENT
KQRRvKPP.rtbz;7-DTZ;7-DTZ;PRESENT
KQRRvKQP.rtbz;7-DTZ;7-DTZ;PRESENT
KQRRvKRP.rtbz;7-DTZ;7-DTZ;PRESENT
KRBBvKBP.rtbz;7-DTZ;7-DTZ;PRESENT
KRBBvKNP.rtbz;7-DTZ;7-DTZ;PRESENT
KRBBvKPP.rtbz;7-DTZ;7-DTZ;PRESENT
KRBBvKQP.rtbz;7-DTZ;7-DTZ;PRESENT
KRBBvKRP.rtbz;7-DTZ;7-DTZ;PRESENT
KRBNvKBP.rtbz;7-DTZ;7-DTZ;PRESENT
KRBNvKNP.rtbz;7-DTZ;7-DTZ;PRESENT
KRBNvKPP.rtbz;7-DTZ;7-DTZ;PRESENT
KRBNvKQP.rtbz;7-DTZ;7-DTZ;PRESENT
KRBNvKRP.rtbz;7-DTZ;7-DTZ;PRESENT
KRBPvKBB.rtbz;7-DTZ;7-DTZ;PRESENT
KRBPvKBN.rtbz;7-DTZ;7-DTZ;PRESENT
KRBPvKBP.rtbz;7-DTZ;7-DTZ;PRESENT
KRBPvKNN.rtbz;7-DTZ;7-DTZ;PRESENT
KRBPvKNP.rtbz;7-DTZ;7-DTZ;PRESENT
KRBPvKPP.rtbz;7-DTZ;7-DTZ;PRESENT
KRBPvKQB.rtbz;7-DTZ;7-DTZ;PRESENT
KRBPvKQN.rtbz;7-DTZ;7-DTZ;PRESENT
KRBPvKQP.rtbz;7-DTZ;7-DTZ;PRESENT
KRBPvKQQ.rtbz;7-DTZ;7-DTZ;PRESENT
KRBPvKQR.rtbz;7-DTZ;7-DTZ;PRESENT
KRBPvKRB.rtbz;7-DTZ;7-DTZ;PRESENT
KRBPvKRN.rtbz;7-DTZ;7-DTZ;PRESENT
KRBPvKRP.rtbz;7-DTZ;7-DTZ;PRESENT
KRBPvKRR.rtbz;7-DTZ;7-DTZ;PRESENT
KRNNvKBP.rtbz;7-DTZ;7-DTZ;PRESENT
KRNNvKNP.rtbz;7-DTZ;7-DTZ;PRESENT
KRNNvKPP.rtbz;7-DTZ;7-DTZ;PRESENT
KRNNvKQP.rtbz;7-DTZ;7-DTZ;PRESENT
KRNNvKRP.rtbz;7-DTZ;7-DTZ;PRESENT
KRNPvKBB.rtbz;7-DTZ;7-DTZ;PRESENT
KRNPvKBN.rtbz;7-DTZ;7-DTZ;PRESENT
KRNPvKBP.rtbz;7-DTZ;7-DTZ;PRESENT
KRNPvKNN.rtbz;7-DTZ;7-DTZ;PRESENT
KRNPvKNP.rtbz;7-DTZ;7-DTZ;PRESENT
KRNPvKPP.rtbz;7-DTZ;7-DTZ;PRESENT
KRNPvKQB.rtbz;7-DTZ;7-DTZ;PRESENT
KRNPvKQN.rtbz;7-DTZ;7-DTZ;PRESENT
KRNPvKQP.rtbz;7-DTZ;7-DTZ;PRESENT
KRNPvKQQ.rtbz;7-DTZ;7-DTZ;PRESENT
KRNPvKQR.rtbz;7-DTZ;7-DTZ;PRESENT
KRNPvKRB.rtbz;7-DTZ;7-DTZ;PRESENT
KRNPvKRN.rtbz;7-DTZ;7-DTZ;PRESENT
KRNPvKRP.rtbz;7-DTZ;7-DTZ;PRESENT
KRNPvKRR.rtbz;7-DTZ;7-DTZ;PRESENT
KRPPvKBB.rtbz;7-DTZ;7-DTZ;PRESENT
KRPPvKBN.rtbz;7-DTZ;7-DTZ;PRESENT
KRPPvKBP.rtbz;7-DTZ;7-DTZ;PRESENT
KRPPvKNN.rtbz;7-DTZ;7-DTZ;PRESENT
KRPPvKNP.rtbz;7-DTZ;7-DTZ;PRESENT
KRPPvKPP.rtbz;7-DTZ;7-DTZ;PRESENT
KRPPvKQB.rtbz;7-DTZ;7-DTZ;PRESENT
KRPPvKQN.rtbz;7-DTZ;7-DTZ;PRESENT
KRPPvKQP.rtbz;7-DTZ;7-DTZ;PRESENT
KRPPvKQQ.rtbz;7-DTZ;7-DTZ;PRESENT
KRPPvKQR.rtbz;7-DTZ;7-DTZ;PRESENT
KRPPvKRB.rtbz;7-DTZ;7-DTZ;PRESENT
KRPPvKRN.rtbz;7-DTZ;7-DTZ;PRESENT
KRPPvKRP.rtbz;7-DTZ;7-DTZ;PRESENT
KRPPvKRR.rtbz;7-DTZ;7-DTZ;PRESENT
KRRBvKBP.rtbz;7-DTZ;7-DTZ;PRESENT
KRRBvKNP.rtbz;7-DTZ;7-DTZ;PRESENT
KRRBvKPP.rtbz;7-DTZ;7-DTZ;PRESENT
KRRBvKQP.rtbz;7-DTZ;7-DTZ;PRESENT
KRRBvKRP.rtbz;7-DTZ;7-DTZ;PRESENT
KRRNvKBP.rtbz;7-DTZ;7-DTZ;PRESENT
KRRNvKNP.rtbz;7-DTZ;7-DTZ;PRESENT
KRRNvKPP.rtbz;7-DTZ;7-DTZ;PRESENT
KRRNvKQP.rtbz;7-DTZ;7-DTZ;PRESENT
KRRNvKRP.rtbz;7-DTZ;7-DTZ;PRESENT
KRRPvKBB.rtbz;7-DTZ;7-DTZ;PRESENT
KRRPvKBN.rtbz;7-DTZ;7-DTZ;PRESENT
KRRPvKBP.rtbz;7-DTZ;7-DTZ;PRESENT
KRRPvKNN.rtbz;7-DTZ;7-DTZ;PRESENT
KRRPvKNP.rtbz;7-DTZ;7-DTZ;PRESENT
KRRPvKPP.rtbz;7-DTZ;7-DTZ;PRESENT
KRRPvKQB.rtbz;7-DTZ;7-DTZ;PRESENT
KRRPvKQN.rtbz;7-DTZ;7-DTZ;PRESENT
KRRPvKQP.rtbz;7-DTZ;7-DTZ;PRESENT
KRRPvKQQ.rtbz;7-DTZ;7-DTZ;PRESENT
KRRPvKQR.rtbz;7-DTZ;7-DTZ;PRESENT
KRRPvKRB.rtbz;7-DTZ;7-DTZ;PRESENT
KRRPvKRN.rtbz;7-DTZ;7-DTZ;PRESENT
KRRPvKRP.rtbz;7-DTZ;7-DTZ;PRESENT
KRRPvKRR.rtbz;7-DTZ;7-DTZ;PRESENT
KRRRvKBP.rtbz;7-DTZ;7-DTZ;PRESENT
KRRRvKNP.rtbz;7-DTZ;7-DTZ;PRESENT
KRRRvKPP.rtbz;7-DTZ;7-DTZ;PRESENT
KRRRvKQP.rtbz;7-DTZ;7-DTZ;PRESENT
KRRRvKRP.rtbz;7-DTZ;7-DTZ;PRESENT
KBBBvKBB.rtbz;7-DTZ;7-DTZ;PRESENT
KBBBvKBN.rtbz;7-DTZ;7-DTZ;PRESENT
KBBBvKNN.rtbz;7-DTZ;7-DTZ;PRESENT
KBBBvKQB.rtbz;7-DTZ;7-DTZ;PRESENT
KBBBvKQN.rtbz;7-DTZ;7-DTZ;PRESENT
KBBBvKQQ.rtbz;7-DTZ;7-DTZ;PRESENT
KBBBvKQR.rtbz;7-DTZ;7-DTZ;PRESENT
KBBBvKRB.rtbz;7-DTZ;7-DTZ;PRESENT
KBBBvKRN.rtbz;7-DTZ;7-DTZ;PRESENT
KBBBvKRR.rtbz;7-DTZ;7-DTZ;PRESENT
KBBNvKBB.rtbz;7-DTZ;7-DTZ;PRESENT
KBBNvKBN.rtbz;7-DTZ;7-DTZ;PRESENT
KBBNvKNN.rtbz;7-DTZ;7-DTZ;PRESENT
KBBNvKQB.rtbz;7-DTZ;7-DTZ;PRESENT
KBBNvKQN.rtbz;7-DTZ;7-DTZ;PRESENT
KBBNvKQQ.rtbz;7-DTZ;7-DTZ;PRESENT
KBBNvKQR.rtbz;7-DTZ;7-DTZ;PRESENT
KBBNvKRB.rtbz;7-DTZ;7-DTZ;PRESENT
KBBNvKRN.rtbz;7-DTZ;7-DTZ;PRESENT
KBBNvKRR.rtbz;7-DTZ;7-DTZ;PRESENT
KBNNvKBB.rtbz;7-DTZ;7-DTZ;PRESENT
KBNNvKBN.rtbz;7-DTZ;7-DTZ;PRESENT
KBNNvKNN.rtbz;7-DTZ;7-DTZ;PRESENT
KBNNvKQB.rtbz;7-DTZ;7-DTZ;PRESENT
KBNNvKQN.rtbz;7-DTZ;7-DTZ;PRESENT
KBNNvKQQ.rtbz;7-DTZ;7-DTZ;PRESENT
KBNNvKQR.rtbz;7-DTZ;7-DTZ;PRESENT
KBNNvKRB.rtbz;7-DTZ;7-DTZ;PRESENT
KBNNvKRN.rtbz;7-DTZ;7-DTZ;PRESENT
KBNNvKRR.rtbz;7-DTZ;7-DTZ;PRESENT
KNNNvKBB.rtbz;7-DTZ;7-DTZ;PRESENT
KNNNvKBN.rtbz;7-DTZ;7-DTZ;PRESENT
KNNNvKNN.rtbz;7-DTZ;7-DTZ;PRESENT
KNNNvKQB.rtbz;7-DTZ;7-DTZ;PRESENT
KNNNvKQN.rtbz;7-DTZ;7-DTZ;PRESENT
KNNNvKQQ.rtbz;7-DTZ;7-DTZ;PRESENT
KNNNvKQR.rtbz;7-DTZ;7-DTZ;PRESENT
KNNNvKRB.rtbz;7-DTZ;7-DTZ;PRESENT
KNNNvKRN.rtbz;7-DTZ;7-DTZ;PRESENT
KNNNvKRR.rtbz;7-DTZ;7-DTZ;PRESENT
KQBBvKBB.rtbz;7-DTZ;7-DTZ;PRESENT
KQBBvKBN.rtbz;7-DTZ;7-DTZ;PRESENT
KQBBvKNN.rtbz;7-DTZ;7-DTZ;PRESENT
KQBBvKQB.rtbz;7-DTZ;7-DTZ;PRESENT
KQBBvKQN.rtbz;7-DTZ;7-DTZ;PRESENT
KQBBvKQQ.rtbz;7-DTZ;7-DTZ;PRESENT
KQBBvKQR.rtbz;7-DTZ;7-DTZ;PRESENT
KQBBvKRB.rtbz;7-DTZ;7-DTZ;PRESENT
KQBBvKRN.rtbz;7-DTZ;7-DTZ;PRESENT
KQBBvKRR.rtbz;7-DTZ;7-DTZ;PRESENT
KQBNvKBB.rtbz;7-DTZ;7-DTZ;PRESENT
KQBNvKBN.rtbz;7-DTZ;7-DTZ;PRESENT
KQBNvKNN.rtbz;7-DTZ;7-DTZ;PRESENT
KQBNvKQB.rtbz;7-DTZ;7-DTZ;PRESENT
KQBNvKQN.rtbz;7-DTZ;7-DTZ;PRESENT
KQBNvKQQ.rtbz;7-DTZ;7-DTZ;PRESENT
KQBNvKQR.rtbz;7-DTZ;7-DTZ;PRESENT
KQBNvKRB.rtbz;7-DTZ;7-DTZ;PRESENT
KQBNvKRN.rtbz;7-DTZ;7-DTZ;PRESENT
KQBNvKRR.rtbz;7-DTZ;7-DTZ;PRESENT
KQNNvKBB.rtbz;7-DTZ;7-DTZ;PRESENT
KQNNvKBN.rtbz;7-DTZ;7-DTZ;PRESENT
KQNNvKNN.rtbz;7-DTZ;7-DTZ;PRESENT
KQNNvKQB.rtbz;7-DTZ;7-DTZ;PRESENT
KQNNvKQN.rtbz;7-DTZ;7-DTZ;PRESENT
KQNNvKQQ.rtbz;7-DTZ;7-DTZ;PRESENT
KQNNvKQR.rtbz;7-DTZ;7-DTZ;PRESENT
KQNNvKRB.rtbz;7-DTZ;7-DTZ;PRESENT
KQNNvKRN.rtbz;7-DTZ;7-DTZ;PRESENT
KQNNvKRR.rtbz;7-DTZ;7-DTZ;PRESENT
KQQBvKBB.rtbz;7-DTZ;7-DTZ;PRESENT
KQQBvKBN.rtbz;7-DTZ;7-DTZ;PRESENT
KQQBvKNN.rtbz;7-DTZ;7-DTZ;PRESENT
KQQBvKQB.rtbz;7-DTZ;7-DTZ;PRESENT
KQQBvKQN.rtbz;7-DTZ;7-DTZ;PRESENT
KQQBvKQQ.rtbz;7-DTZ;7-DTZ;PRESENT
KQQBvKQR.rtbz;7-DTZ;7-DTZ;PRESENT
KQQBvKRB.rtbz;7-DTZ;7-DTZ;PRESENT
KQQBvKRN.rtbz;7-DTZ;7-DTZ;PRESENT
KQQBvKRR.rtbz;7-DTZ;7-DTZ;PRESENT
KQQNvKBB.rtbz;7-DTZ;7-DTZ;PRESENT
KQQNvKBN.rtbz;7-DTZ;7-DTZ;PRESENT
KQQNvKNN.rtbz;7-DTZ;7-DTZ;PRESENT
KQQNvKQB.rtbz;7-DTZ;7-DTZ;PRESENT
KQQNvKQN.rtbz;7-DTZ;7-DTZ;PRESENT
KQQNvKQQ.rtbz;7-DTZ;7-DTZ;PRESENT
KQQNvKQR.rtbz;7-DTZ;7-DTZ;PRESENT
KQQNvKRB.rtbz;7-DTZ;7-DTZ;PRESENT
KQQNvKRN.rtbz;7-DTZ;7-DTZ;PRESENT
KQQNvKRR.rtbz;7-DTZ;7-DTZ;PRESENT
KQQQvKBB.rtbz;7-DTZ;7-DTZ;PRESENT
KQQQvKBN.rtbz;7-DTZ;7-DTZ;PRESENT
KQQQvKNN.rtbz;7-DTZ;7-DTZ;PRESENT
KQQQvKQB.rtbz;7-DTZ;7-DTZ;PRESENT
KQQQvKQN.rtbz;7-DTZ;7-DTZ;PRESENT
KQQQvKQQ.rtbz;7-DTZ;7-DTZ;PRESENT
KQQQvKQR.rtbz;7-DTZ;7-DTZ;PRESENT
KQQQvKRB.rtbz;7-DTZ;7-DTZ;PRESENT
KQQQvKRN.rtbz;7-DTZ;7-DTZ;PRESENT
KQQQvKRR.rtbz;7-DTZ;7-DTZ;PRESENT
KQQRvKBB.rtbz;7-DTZ;7-DTZ;PRESENT
KQQRvKBN.rtbz;7-DTZ;7-DTZ;PRESENT
KQQRvKNN.rtbz;7-DTZ;7-DTZ;PRESENT
KQQRvKQB.rtbz;7-DTZ;7-DTZ;PRESENT
KQQRvKQN.rtbz;7-DTZ;7-DTZ;PRESENT
KQQRvKQQ.rtbz;7-DTZ;7-DTZ;PRESENT
KQQRvKQR.rtbz;7-DTZ;7-DTZ;PRESENT
KQQRvKRB.rtbz;7-DTZ;7-DTZ;PRESENT
KQQRvKRN.rtbz;7-DTZ;7-DTZ;PRESENT
KQQRvKRR.rtbz;7-DTZ;7-DTZ;PRESENT
KQRBvKBB.rtbz;7-DTZ;7-DTZ;PRESENT
KQRBvKBN.rtbz;7-DTZ;7-DTZ;PRESENT
KQRBvKNN.rtbz;7-DTZ;7-DTZ;PRESENT
KQRBvKQB.rtbz;7-DTZ;7-DTZ;PRESENT
KQRBvKQN.rtbz;7-DTZ;7-DTZ;PRESENT
KQRBvKQQ.rtbz;7-DTZ;7-DTZ;PRESENT
KQRBvKQR.rtbz;7-DTZ;7-DTZ;PRESENT
KQRBvKRB.rtbz;7-DTZ;7-DTZ;PRESENT
KQRBvKRN.rtbz;7-DTZ;7-DTZ;PRESENT
KQRBvKRR.rtbz;7-DTZ;7-DTZ;PRESENT
KQRNvKBB.rtbz;7-DTZ;7-DTZ;PRESENT
KQRNvKBN.rtbz;7-DTZ;7-DTZ;PRESENT
KQRNvKNN.rtbz;7-DTZ;7-DTZ;PRESENT
KQRNvKQB.rtbz;7-DTZ;7-DTZ;PRESENT
KQRNvKQN.rtbz;7-DTZ;7-DTZ;PRESENT
KQRNvKQQ.rtbz;7-DTZ;7-DTZ;PRESENT
KQRNvKQR.rtbz;7-DTZ;7-DTZ;PRESENT
KQRNvKRB.rtbz;7-DTZ;7-DTZ;PRESENT
KQRNvKRN.rtbz;7-DTZ;7-DTZ;PRESENT
KQRNvKRR.rtbz;7-DTZ;7-DTZ;PRESENT
KQRRvKBB.rtbz;7-DTZ;7-DTZ;PRESENT
KQRRvKBN.rtbz;7-DTZ;7-DTZ;PRESENT
KQRRvKNN.rtbz;7-DTZ;7-DTZ;PRESENT
KQRRvKQB.rtbz;7-DTZ;7-DTZ;PRESENT
KQRRvKQN.rtbz;7-DTZ;7-DTZ;PRESENT
KQRRvKQQ.rtbz;7-DTZ;7-DTZ;PRESENT
KQRRvKQR.rtbz;7-DTZ;7-DTZ;PRESENT
KQRRvKRB.rtbz;7-DTZ;7-DTZ;PRESENT
KQRRvKRN.rtbz;7-DTZ;7-DTZ;PRESENT
KQRRvKRR.rtbz;7-DTZ;7-DTZ;PRESENT
KRBBvKBB.rtbz;7-DTZ;7-DTZ;PRESENT
KRBBvKBN.rtbz;7-DTZ;7-DTZ;PRESENT
KRBBvKNN.rtbz;7-DTZ;7-DTZ;PRESENT
KRBBvKQB.rtbz;7-DTZ;7-DTZ;PRESENT
KRBBvKQN.rtbz;7-DTZ;7-DTZ;PRESENT
KRBBvKQQ.rtbz;7-DTZ;7-DTZ;PRESENT
KRBBvKQR.rtbz;7-DTZ;7-DTZ;PRESENT
KRBBvKRB.rtbz;7-DTZ;7-DTZ;PRESENT
KRBBvKRN.rtbz;7-DTZ;7-DTZ;PRESENT
KRBBvKRR.rtbz;7-DTZ;7-DTZ;PRESENT
KRBNvKBB.rtbz;7-DTZ;7-DTZ;PRESENT
KRBNvKBN.rtbz;7-DTZ;7-DTZ;PRESENT
KRBNvKNN.rtbz;7-DTZ;7-DTZ;PRESENT
KRBNvKQB.rtbz;7-DTZ;7-DTZ;PRESENT
KRBNvKQN.rtbz;7-DTZ;7-DTZ;PRESENT
KRBNvKQQ.rtbz;7-DTZ;7-DTZ;PRESENT
KRBNvKQR.rtbz;7-DTZ;7-DTZ;PRESENT
KRBNvKRB.rtbz;7-DTZ;7-DTZ;PRESENT
KRBNvKRN.rtbz;7-DTZ;7-DTZ;PRESENT
KRBNvKRR.rtbz;7-DTZ;7-DTZ;PRESENT
KRNNvKBB.rtbz;7-DTZ;7-DTZ;PRESENT
KRNNvKBN.rtbz;7-DTZ;7-DTZ;PRESENT
KRNNvKNN.rtbz;7-DTZ;7-DTZ;PRESENT
KRNNvKQB.rtbz;7-DTZ;7-DTZ;PRESENT
KRNNvKQN.rtbz;7-DTZ;7-DTZ;PRESENT
KRNNvKQQ.rtbz;7-DTZ;7-DTZ;PRESENT
KRNNvKQR.rtbz;7-DTZ;7-DTZ;PRESENT
KRNNvKRB.rtbz;7-DTZ;7-DTZ;PRESENT
KRNNvKRN.rtbz;7-DTZ;7-DTZ;PRESENT
KRNNvKRR.rtbz;7-DTZ;7-DTZ;PRESENT
KRRBvKBB.rtbz;7-DTZ;7-DTZ;PRESENT
KRRBvKBN.rtbz;7-DTZ;7-DTZ;PRESENT
KRRBvKNN.rtbz;7-DTZ;7-DTZ;PRESENT
KRRBvKQB.rtbz;7-DTZ;7-DTZ;PRESENT
KRRBvKQN.rtbz;7-DTZ;7-DTZ;PRESENT
KRRBvKQQ.rtbz;7-DTZ;7-DTZ;PRESENT
KRRBvKQR.rtbz;7-DTZ;7-DTZ;PRESENT
KRRBvKRB.rtbz;7-DTZ;7-DTZ;PRESENT
KRRBvKRN.rtbz;7-DTZ;7-DTZ;PRESENT
KRRBvKRR.rtbz;7-DTZ;7-DTZ;PRESENT
KRRNvKBB.rtbz;7-DTZ;7-DTZ;PRESENT
KRRNvKBN.rtbz;7-DTZ;7-DTZ;PRESENT
KRRNvKNN.rtbz;7-DTZ;7-DTZ;PRESENT
KRRNvKQB.rtbz;7-DTZ;7-DTZ;PRESENT
KRRNvKQN.rtbz;7-DTZ;7-DTZ;PRESENT
KRRNvKQQ.rtbz;7-DTZ;7-DTZ;PRESENT
KRRNvKQR.rtbz;7-DTZ;7-DTZ;PRESENT
KRRNvKRB.rtbz;7-DTZ;7-DTZ;PRESENT
KRRNvKRN.rtbz;7-DTZ;7-DTZ;PRESENT
KRRNvKRR.rtbz;7-DTZ;7-DTZ;PRESENT
KRRRvKBB.rtbz;7-DTZ;7-DTZ;PRESENT
KRRRvKBN.rtbz;7-DTZ;7-DTZ;PRESENT
KRRRvKNN.rtbz;7-DTZ;7-DTZ;PRESENT
KRRRvKQB.rtbz;7-DTZ;7-DTZ;PRESENT
KRRRvKQN.rtbz;7-DTZ;7-DTZ;PRESENT
KRRRvKQQ.rtbz;7-DTZ;7-DTZ;PRESENT
KRRRvKQR.rtbz;7-DTZ;7-DTZ;PRESENT
KRRRvKRB.rtbz;7-DTZ;7-DTZ;PRESENT
KRRRvKRN.rtbz;7-DTZ;7-DTZ;PRESENT
KRRRvKRR.rtbz;7-DTZ;7-DTZ;PRESENT
KBBBBvKP.rtbz;7-DTZ;7-DTZ;PRESENT
KBBBNvKP.rtbz;7-DTZ;7-DTZ;PRESENT
KBBBPvKB.rtbz;7-DTZ;7-DTZ;PRESENT
KBBBPvKN.rtbz;7-DTZ;7-DTZ;PRESENT
KBBBPvKP.rtbz;7-DTZ;7-DTZ;PRESENT
KBBBPvKQ.rtbz;7-DTZ;7-DTZ;PRESENT
KBBBPvKR.rtbz;7-DTZ;7-DTZ;PRESENT
KBBNNvKP.rtbz;7-DTZ;7-DTZ;PRESENT
KBBNPvKB.rtbz;7-DTZ;7-DTZ;PRESENT
KBBNPvKN.rtbz;7-DTZ;7-DTZ;PRESENT
KBBNPvKP.rtbz;7-DTZ;7-DTZ;PRESENT
KBBNPvKQ.rtbz;7-DTZ;7-DTZ;PRESENT
KBBNPvKR.rtbz;7-DTZ;7-DTZ;PRESENT
KBBPPvKB.rtbz;7-DTZ;7-DTZ;PRESENT
KBBPPvKN.rtbz;7-DTZ;7-DTZ;PRESENT
KBBPPvKP.rtbz;7-DTZ;7-DTZ;PRESENT
KBBPPvKQ.rtbz;7-DTZ;7-DTZ;PRESENT
KBBPPvKR.rtbz;7-DTZ;7-DTZ;PRESENT
KBNNNvKP.rtbz;7-DTZ;7-DTZ;PRESENT
KBNNPvKB.rtbz;7-DTZ;7-DTZ;PRESENT
KBNNPvKN.rtbz;7-DTZ;7-DTZ;PRESENT
KBNNPvKP.rtbz;7-DTZ;7-DTZ;PRESENT
KBNNPvKQ.rtbz;7-DTZ;7-DTZ;PRESENT
KBNNPvKR.rtbz;7-DTZ;7-DTZ;PRESENT
KBNPPvKB.rtbz;7-DTZ;7-DTZ;PRESENT
KBNPPvKN.rtbz;7-DTZ;7-DTZ;PRESENT
KBNPPvKP.rtbz;7-DTZ;7-DTZ;PRESENT
KBNPPvKQ.rtbz;7-DTZ;7-DTZ;PRESENT
KBNPPvKR.rtbz;7-DTZ;7-DTZ;PRESENT
KBPPPvKB.rtbz;7-DTZ;7-DTZ;PRESENT
KBPPPvKN.rtbz;7-DTZ;7-DTZ;PRESENT
KBPPPvKP.rtbz;7-DTZ;7-DTZ;PRESENT
KBPPPvKQ.rtbz;7-DTZ;7-DTZ;PRESENT
KBPPPvKR.rtbz;7-DTZ;7-DTZ;PRESENT
KNNNNvKP.rtbz;7-DTZ;7-DTZ;PRESENT
KNNNPvKB.rtbz;7-DTZ;7-DTZ;PRESENT
KNNNPvKN.rtbz;7-DTZ;7-DTZ;PRESENT
KNNNPvKP.rtbz;7-DTZ;7-DTZ;PRESENT
KNNNPvKQ.rtbz;7-DTZ;7-DTZ;PRESENT
KNNNPvKR.rtbz;7-DTZ;7-DTZ;PRESENT
KNNPPvKB.rtbz;7-DTZ;7-DTZ;PRESENT
KNNPPvKN.rtbz;7-DTZ;7-DTZ;PRESENT
KNNPPvKP.rtbz;7-DTZ;7-DTZ;PRESENT
KNNPPvKQ.rtbz;7-DTZ;7-DTZ;PRESENT
KNNPPvKR.rtbz;7-DTZ;7-DTZ;PRESENT
KNPPPvKB.rtbz;7-DTZ;7-DTZ;PRESENT
KNPPPvKN.rtbz;7-DTZ;7-DTZ;PRESENT
KNPPPvKP.rtbz;7-DTZ;7-DTZ;PRESENT
KNPPPvKQ.rtbz;7-DTZ;7-DTZ;PRESENT
KNPPPvKR.rtbz;7-DTZ;7-DTZ;PRESENT
KPPPPvKB.rtbz;7-DTZ;7-DTZ;PRESENT
KPPPPvKN.rtbz;7-DTZ;7-DTZ;PRESENT
KPPPPvKP.rtbz;7-DTZ;7-DTZ;PRESENT
KPPPPvKQ.rtbz;7-DTZ;7-DTZ;PRESENT
KPPPPvKR.rtbz;7-DTZ;7-DTZ;PRESENT
KQBBBvKP.rtbz;7-DTZ;7-DTZ;PRESENT
KQBBNvKP.rtbz;7-DTZ;7-DTZ;PRESENT
KQBBPvKB.rtbz;7-DTZ;7-DTZ;PRESENT
KQBBPvKN.rtbz;7-DTZ;7-DTZ;PRESENT
KQBBPvKP.rtbz;7-DTZ;7-DTZ;PRESENT
KQBBPvKQ.rtbz;7-DTZ;7-DTZ;PRESENT
KQBBPvKR.rtbz;7-DTZ;7-DTZ;PRESENT
KQBNNvKP.rtbz;7-DTZ;7-DTZ;PRESENT
KQBNPvKB.rtbz;7-DTZ;7-DTZ;PRESENT
KQBNPvKN.rtbz;7-DTZ;7-DTZ;PRESENT
KQBNPvKP.rtbz;7-DTZ;7-DTZ;PRESENT
KQBNPvKQ.rtbz;7-DTZ;7-DTZ;PRESENT
KQBNPvKR.rtbz;7-DTZ;7-DTZ;PRESENT
KQBPPvKB.rtbz;7-DTZ;7-DTZ;PRESENT
KQBPPvKN.rtbz;7-DTZ;7-DTZ;PRESENT
KQBPPvKP.rtbz;7-DTZ;7-DTZ;PRESENT
KQBPPvKQ.rtbz;7-DTZ;7-DTZ;PRESENT
KQBPPvKR.rtbz;7-DTZ;7-DTZ;PRESENT
KQNNNvKP.rtbz;7-DTZ;7-DTZ;PRESENT
KQNNPvKB.rtbz;7-DTZ;7-DTZ;PRESENT
KQNNPvKN.rtbz;7-DTZ;7-DTZ;PRESENT
KQNNPvKP.rtbz;7-DTZ;7-DTZ;PRESENT
KQNNPvKQ.rtbz;7-DTZ;7-DTZ;PRESENT
KQNNPvKR.rtbz;7-DTZ;7-DTZ;PRESENT
KQNPPvKB.rtbz;7-DTZ;7-DTZ;PRESENT
KQNPPvKN.rtbz;7-DTZ;7-DTZ;PRESENT
KQNPPvKP.rtbz;7-DTZ;7-DTZ;PRESENT
KQNPPvKQ.rtbz;7-DTZ;7-DTZ;PRESENT
KQNPPvKR.rtbz;7-DTZ;7-DTZ;PRESENT
KQPPPvKB.rtbz;7-DTZ;7-DTZ;PRESENT
KQPPPvKN.rtbz;7-DTZ;7-DTZ;PRESENT
KQPPPvKP.rtbz;7-DTZ;7-DTZ;PRESENT
KQPPPvKQ.rtbz;7-DTZ;7-DTZ;PRESENT
KQPPPvKR.rtbz;7-DTZ;7-DTZ;PRESENT
KQQBBvKP.rtbz;7-DTZ;7-DTZ;PRESENT
KQQBNvKP.rtbz;7-DTZ;7-DTZ;PRESENT
KQQBPvKB.rtbz;7-DTZ;7-DTZ;PRESENT
KQQBPvKN.rtbz;7-DTZ;7-DTZ;PRESENT
KQQBPvKP.rtbz;7-DTZ;7-DTZ;PRESENT
KQQBPvKQ.rtbz;7-DTZ;7-DTZ;PRESENT
KQQBPvKR.rtbz;7-DTZ;7-DTZ;PRESENT
KQQNNvKP.rtbz;7-DTZ;7-DTZ;PRESENT
KQQNPvKB.rtbz;7-DTZ;7-DTZ;PRESENT
KQQNPvKN.rtbz;7-DTZ;7-DTZ;PRESENT
KQQNPvKP.rtbz;7-DTZ;7-DTZ;PRESENT
KQQNPvKQ.rtbz;7-DTZ;7-DTZ;PRESENT
KQQNPvKR.rtbz;7-DTZ;7-DTZ;PRESENT
KQQPPvKB.rtbz;7-DTZ;7-DTZ;PRESENT
KQQPPvKN.rtbz;7-DTZ;7-DTZ;PRESENT
KQQPPvKP.rtbz;7-DTZ;7-DTZ;PRESENT
KQQPPvKQ.rtbz;7-DTZ;7-DTZ;PRESENT
KQQPPvKR.rtbz;7-DTZ;7-DTZ;PRESENT
KQQQBvKP.rtbz;7-DTZ;7-DTZ;PRESENT
KQQQNvKP.rtbz;7-DTZ;7-DTZ;PRESENT
KQQQPvKB.rtbz;7-DTZ;7-DTZ;PRESENT
KQQQPvKN.rtbz;7-DTZ;7-DTZ;PRESENT
KQQQPvKP.rtbz;7-DTZ;7-DTZ;PRESENT
KQQQPvKQ.rtbz;7-DTZ;7-DTZ;PRESENT
KQQQPvKR.rtbz;7-DTZ;7-DTZ;PRESENT
KQQQQvKP.rtbz;7-DTZ;7-DTZ;PRESENT
KQQQRvKP.rtbz;7-DTZ;7-DTZ;PRESENT
KQQRBvKP.rtbz;7-DTZ;7-DTZ;PRESENT
KQQRNvKP.rtbz;7-DTZ;7-DTZ;PRESENT
KQQRPvKB.rtbz;7-DTZ;7-DTZ;PRESENT
KQQRPvKN.rtbz;7-DTZ;7-DTZ;PRESENT
KQQRPvKP.rtbz;7-DTZ;7-DTZ;PRESENT
KQQRPvKQ.rtbz;7-DTZ;7-DTZ;PRESENT
KQQRPvKR.rtbz;7-DTZ;7-DTZ;PRESENT
KQQRRvKP.rtbz;7-DTZ;7-DTZ;PRESENT
KQRBBvKP.rtbz;7-DTZ;7-DTZ;PRESENT
KQRBNvKP.rtbz;7-DTZ;7-DTZ;PRESENT
KQRBPvKB.rtbz;7-DTZ;7-DTZ;PRESENT
KQRBPvKN.rtbz;7-DTZ;7-DTZ;PRESENT
KQRBPvKP.rtbz;7-DTZ;7-DTZ;PRESENT
KQRBPvKQ.rtbz;7-DTZ;7-DTZ;PRESENT
KQRBPvKR.rtbz;7-DTZ;7-DTZ;PRESENT
KQRNNvKP.rtbz;7-DTZ;7-DTZ;PRESENT
KQRNPvKB.rtbz;7-DTZ;7-DTZ;PRESENT
KQRNPvKN.rtbz;7-DTZ;7-DTZ;PRESENT
KQRNPvKP.rtbz;7-DTZ;7-DTZ;PRESENT
KQRNPvKQ.rtbz;7-DTZ;7-DTZ;PRESENT
KQRNPvKR.rtbz;7-DTZ;7-DTZ;PRESENT
KQRPPvKB.rtbz;7-DTZ;7-DTZ;PRESENT
KQRPPvKN.rtbz;7-DTZ;7-DTZ;PRESENT
KQRPPvKP.rtbz;7-DTZ;7-DTZ;PRESENT
KQRPPvKQ.rtbz;7-DTZ;7-DTZ;PRESENT
KQRPPvKR.rtbz;7-DTZ;7-DTZ;PRESENT
KQRRBvKP.rtbz;7-DTZ;7-DTZ;PRESENT
KQRRNvKP.rtbz;7-DTZ;7-DTZ;PRESENT
KQRRPvKB.rtbz;7-DTZ;7-DTZ;PRESENT
KQRRPvKN.rtbz;7-DTZ;7-DTZ;PRESENT
KQRRPvKP.rtbz;7-DTZ;7-DTZ;PRESENT
KQRRPvKQ.rtbz;7-DTZ;7-DTZ;PRESENT
KQRRPvKR.rtbz;7-DTZ;7-DTZ;PRESENT
KQRRRvKP.rtbz;7-DTZ;7-DTZ;PRESENT
KRBBBvKP.rtbz;7-DTZ;7-DTZ;PRESENT
KRBBNvKP.rtbz;7-DTZ;7-DTZ;PRESENT
KRBBPvKB.rtbz;7-DTZ;7-DTZ;PRESENT
KRBBPvKN.rtbz;7-DTZ;7-DTZ;PRESENT
KRBBPvKP.rtbz;7-DTZ;7-DTZ;PRESENT
KRBBPvKQ.rtbz;7-DTZ;7-DTZ;PRESENT
KRBBPvKR.rtbz;7-DTZ;7-DTZ;PRESENT
KRBNNvKP.rtbz;7-DTZ;7-DTZ;PRESENT
KRBNPvKB.rtbz;7-DTZ;7-DTZ;PRESENT
KRBNPvKN.rtbz;7-DTZ;7-DTZ;PRESENT
KRBNPvKP.rtbz;7-DTZ;7-DTZ;PRESENT
KRBNPvKQ.rtbz;7-DTZ;7-DTZ;PRESENT
KRBNPvKR.rtbz;7-DTZ;7-DTZ;PRESENT
KRBPPvKB.rtbz;7-DTZ;7-DTZ;PRESENT
KRBPPvKN.rtbz;7-DTZ;7-DTZ;PRESENT
KRBPPvKP.rtbz;7-DTZ;7-DTZ;PRESENT
KRBPPvKQ.rtbz;7-DTZ;7-DTZ;PRESENT
KRBPPvKR.rtbz;7-DTZ;7-DTZ;PRESENT
KRNNNvKP.rtbz;7-DTZ;7-DTZ;PRESENT
KRNNPvKB.rtbz;7-DTZ;7-DTZ;PRESENT
KRNNPvKN.rtbz;7-DTZ;7-DTZ;PRESENT
KRNNPvKP.rtbz;7-DTZ;7-DTZ;PRESENT
KRNNPvKQ.rtbz;7-DTZ;7-DTZ;PRESENT
KRNNPvKR.rtbz;7-DTZ;7-DTZ;PRESENT
KRNPPvKB.rtbz;7-DTZ;7-DTZ;PRESENT
KRNPPvKN.rtbz;7-DTZ;7-DTZ;PRESENT
KRNPPvKP.rtbz;7-DTZ;7-DTZ;PRESENT
KRNPPvKQ.rtbz;7-DTZ;7-DTZ;PRESENT
KRNPPvKR.rtbz;7-DTZ;7-DTZ;PRESENT
KRPPPvKB.rtbz;7-DTZ;7-DTZ;PRESENT
KRPPPvKN.rtbz;7-DTZ;7-DTZ;PRESENT
KRPPPvKP.rtbz;7-DTZ;7-DTZ;PRESENT
KRPPPvKQ.rtbz;7-DTZ;7-DTZ;PRESENT
KRPPPvKR.rtbz;7-DTZ;7-DTZ;PRESENT
KRRBBvKP.rtbz;7-DTZ;7-DTZ;PRESENT
KRRBNvKP.rtbz;7-DTZ;7-DTZ;PRESENT
KRRBPvKB.rtbz;7-DTZ;7-DTZ;PRESENT
KRRBPvKN.rtbz;7-DTZ;7-DTZ;PRESENT
KRRBPvKP.rtbz;7-DTZ;7-DTZ;PRESENT
KRRBPvKQ.rtbz;7-DTZ;7-DTZ;PRESENT
KRRBPvKR.rtbz;7-DTZ;7-DTZ;PRESENT
KRRNNvKP.rtbz;7-DTZ;7-DTZ;PRESENT
KRRNPvKB.rtbz;7-DTZ;7-DTZ;PRESENT
KRRNPvKN.rtbz;7-DTZ;7-DTZ;PRESENT
KRRNPvKP.rtbz;7-DTZ;7-DTZ;PRESENT
KRRNPvKQ.rtbz;7-DTZ;7-DTZ;PRESENT
KRRNPvKR.rtbz;7-DTZ;7-DTZ;PRESENT
KRRPPvKB.rtbz;7-DTZ;7-DTZ;PRESENT
KRRPPvKN.rtbz;7-DTZ;7-DTZ;PRESENT
KRRPPvKP.rtbz;7-DTZ;7-DTZ;PRESENT
KRRPPvKQ.rtbz;7-DTZ;7-DTZ;PRESENT
KRRPPvKR.rtbz;7-DTZ;7-DTZ;PRESENT
KRRRBvKP.rtbz;7-DTZ;7-DTZ;PRESENT
KRRRNvKP.rtbz;7-DTZ;7-DTZ;PRESENT
KRRRPvKB.rtbz;7-DTZ;7-DTZ;PRESENT
KRRRPvKN.rtbz;7-DTZ;7-DTZ;PRESENT
KRRRPvKP.rtbz;7-DTZ;7-DTZ;PRESENT
KRRRPvKQ.rtbz;7-DTZ;7-DTZ;PRESENT
KRRRPvKR.rtbz;7-DTZ;7-DTZ;PRESENT
KRRRRvKP.rtbz;7-DTZ;7-DTZ;PRESENT
KBBBBvKB.rtbz;7-DTZ;7-DTZ;PRESENT
KBBBBvKN.rtbz;7-DTZ;7-DTZ;PRESENT
KBBBBvKQ.rtbz;7-DTZ;7-DTZ;PRESENT
KBBBBvKR.rtbz;7-DTZ;7-DTZ;PRESENT
KBBBNvKB.rtbz;7-DTZ;7-DTZ;PRESENT
KBBBNvKN.rtbz;7-DTZ;7-DTZ;PRESENT
KBBBNvKQ.rtbz;7-DTZ;7-DTZ;PRESENT
KBBBNvKR.rtbz;7-DTZ;7-DTZ;PRESENT
KBBNNvKB.rtbz;7-DTZ;7-DTZ;PRESENT
KBBNNvKN.rtbz;7-DTZ;7-DTZ;PRESENT
KBBNNvKQ.rtbz;7-DTZ;7-DTZ;PRESENT
KBBNNvKR.rtbz;7-DTZ;7-DTZ;PRESENT
KBNNNvKB.rtbz;7-DTZ;7-DTZ;PRESENT
KBNNNvKN.rtbz;7-DTZ;7-DTZ;PRESENT
KBNNNvKQ.rtbz;7-DTZ;7-DTZ;PRESENT
KBNNNvKR.rtbz;7-DTZ;7-DTZ;PRESENT
KNNNNvKB.rtbz;7-DTZ;7-DTZ;PRESENT
KNNNNvKN.rtbz;7-DTZ;7-DTZ;PRESENT
KNNNNvKQ.rtbz;7-DTZ;7-DTZ;PRESENT
KNNNNvKR.rtbz;7-DTZ;7-DTZ;PRESENT
KQBBBvKB.rtbz;7-DTZ;7-DTZ;PRESENT
KQBBBvKN.rtbz;7-DTZ;7-DTZ;PRESENT
KQBBBvKQ.rtbz;7-DTZ;7-DTZ;PRESENT
KQBBBvKR.rtbz;7-DTZ;7-DTZ;PRESENT
KQBBNvKB.rtbz;7-DTZ;7-DTZ;PRESENT
KQBBNvKN.rtbz;7-DTZ;7-DTZ;PRESENT
KQBBNvKQ.rtbz;7-DTZ;7-DTZ;PRESENT
KQBBNvKR.rtbz;7-DTZ;7-DTZ;PRESENT
KQBNNvKB.rtbz;7-DTZ;7-DTZ;PRESENT
KQBNNvKN.rtbz;7-DTZ;7-DTZ;PRESENT
KQBNNvKQ.rtbz;7-DTZ;7-DTZ;PRESENT
KQBNNvKR.rtbz;7-DTZ;7-DTZ;PRESENT
KQNNNvKB.rtbz;7-DTZ;7-DTZ;PRESENT
KQNNNvKN.rtbz;7-DTZ;7-DTZ;PRESENT
KQNNNvKQ.rtbz;7-DTZ;7-DTZ;PRESENT
KQNNNvKR.rtbz;7-DTZ;7-DTZ;PRESENT
KQQBBvKB.rtbz;7-DTZ;7-DTZ;PRESENT
KQQBBvKN.rtbz;7-DTZ;7-DTZ;PRESENT
KQQBBvKQ.rtbz;7-DTZ;7-DTZ;PRESENT
KQQBBvKR.rtbz;7-DTZ;7-DTZ;PRESENT
KQQBNvKB.rtbz;7-DTZ;7-DTZ;PRESENT
KQQBNvKN.rtbz;7-DTZ;7-DTZ;PRESENT
KQQBNvKQ.rtbz;7-DTZ;7-DTZ;PRESENT
KQQBNvKR.rtbz;7-DTZ;7-DTZ;PRESENT
KQQNNvKB.rtbz;7-DTZ;7-DTZ;PRESENT
KQQNNvKN.rtbz;7-DTZ;7-DTZ;PRESENT
KQQNNvKQ.rtbz;7-DTZ;7-DTZ;PRESENT
KQQNNvKR.rtbz;7-DTZ;7-DTZ;PRESENT
KQQQBvKB.rtbz;7-DTZ;7-DTZ;PRESENT
KQQQBvKN.rtbz;7-DTZ;7-DTZ;PRESENT
KQQQBvKQ.rtbz;7-DTZ;7-DTZ;PRESENT
KQQQBvKR.rtbz;7-DTZ;7-DTZ;PRESENT
KQQQNvKB.rtbz;7-DTZ;7-DTZ;PRESENT
KQQQNvKN.rtbz;7-DTZ;7-DTZ;PRESENT
KQQQNvKQ.rtbz;7-DTZ;7-DTZ;PRESENT
KQQQNvKR.rtbz;7-DTZ;7-DTZ;PRESENT
KQQQQvKB.rtbz;7-DTZ;7-DTZ;PRESENT
KQQQQvKN.rtbz;7-DTZ;7-DTZ;PRESENT
KQQQQvKQ.rtbz;7-DTZ;7-DTZ;PRESENT
KQQQQvKR.rtbz;7-DTZ;7-DTZ;PRESENT
KQQQRvKB.rtbz;7-DTZ;7-DTZ;PRESENT
KQQQRvKN.rtbz;7-DTZ;7-DTZ;PRESENT
KQQQRvKQ.rtbz;7-DTZ;7-DTZ;PRESENT
KQQQRvKR.rtbz;7-DTZ;7-DTZ;PRESENT
KQQRBvKB.rtbz;7-DTZ;7-DTZ;PRESENT
KQQRBvKN.rtbz;7-DTZ;7-DTZ;PRESENT
KQQRBvKQ.rtbz;7-DTZ;7-DTZ;PRESENT
KQQRBvKR.rtbz;7-DTZ;7-DTZ;PRESENT
KQQRNvKB.rtbz;7-DTZ;7-DTZ;PRESENT
KQQRNvKN.rtbz;7-DTZ;7-DTZ;PRESENT
KQQRNvKQ.rtbz;7-DTZ;7-DTZ;PRESENT
KQQRNvKR.rtbz;7-DTZ;7-DTZ;PRESENT
KQQRRvKB.rtbz;7-DTZ;7-DTZ;PRESENT
KQQRRvKN.rtbz;7-DTZ;7-DTZ;PRESENT
KQQRRvKQ.rtbz;7-DTZ;7-DTZ;PRESENT
KQQRRvKR.rtbz;7-DTZ;7-DTZ;PRESENT
KQRBBvKB.rtbz;7-DTZ;7-DTZ;PRESENT
KQRBBvKN.rtbz;7-DTZ;7-DTZ;PRESENT
KQRBBvKQ.rtbz;7-DTZ;7-DTZ;PRESENT
KQRBBvKR.rtbz;7-DTZ;7-DTZ;PRESENT
KQRBNvKB.rtbz;7-DTZ;7-DTZ;PRESENT
KQRBNvKN.rtbz;7-DTZ;7-DTZ;PRESENT
KQRBNvKQ.rtbz;7-DTZ;7-DTZ;PRESENT
KQRBNvKR.rtbz;7-DTZ;7-DTZ;PRESENT
KQRNNvKB.rtbz;7-DTZ;7-DTZ;PRESENT
KQRNNvKN.rtbz;7-DTZ;7-DTZ;PRESENT
KQRNNvKQ.rtbz;7-DTZ;7-DTZ;PRESENT
KQRNNvKR.rtbz;7-DTZ;7-DTZ;PRESENT
KQRRBvKB.rtbz;7-DTZ;7-DTZ;PRESENT
KQRRBvKN.rtbz;7-DTZ;7-DTZ;PRESENT
KQRRBvKQ.rtbz;7-DTZ;7-DTZ;PRESENT
KQRRBvKR.rtbz;7-DTZ;7-DTZ;PRESENT
KQRRNvKB.rtbz;7-DTZ;7-DTZ;PRESENT
KQRRNvKN.rtbz;7-DTZ;7-DTZ;PRESENT
KQRRNvKQ.rtbz;7-DTZ;7-DTZ;PRESENT
KQRRNvKR.rtbz;7-DTZ;7-DTZ;PRESENT
KQRRRvKB.rtbz;7-DTZ;7-DTZ;PRESENT
KQRRRvKN.rtbz;7-DTZ;7-DTZ;PRESENT
KQRRRvKQ.rtbz;7-DTZ;7-DTZ;PRESENT
KQRRRvKR.rtbz;7-DTZ;7-DTZ;PRESENT
KRBBBvKB.rtbz;7-DTZ;7-DTZ;PRESENT
KRBBBvKN.rtbz;7-DTZ;7-DTZ;PRESENT
KRBBBvKQ.rtbz;7-DTZ;7-DTZ;PRESENT
KRBBBvKR.rtbz;7-DTZ;7-DTZ;PRESENT
KRBBNvKB.rtbz;7-DTZ;7-DTZ;PRESENT
KRBBNvKN.rtbz;7-DTZ;7-DTZ;PRESENT
KRBBNvKQ.rtbz;7-DTZ;7-DTZ;PRESENT
KRBBNvKR.rtbz;7-DTZ;7-DTZ;PRESENT
KRBNNvKB.rtbz;7-DTZ;7-DTZ;PRESENT
KRBNNvKN.rtbz;7-DTZ;7-DTZ;PRESENT
KRBNNvKQ.rtbz;7-DTZ;7-DTZ;PRESENT
KRBNNvKR.rtbz;7-DTZ;7-DTZ;PRESENT
KRNNNvKB.rtbz;7-DTZ;7-DTZ;PRESENT
KRNNNvKN.rtbz;7-DTZ;7-DTZ;PRESENT
KRNNNvKQ.rtbz;7-DTZ;7-DTZ;PRESENT
KRNNNvKR.rtbz;7-DTZ;7-DTZ;PRESENT
KRRBBvKB.rtbz;7-DTZ;7-DTZ;PRESENT
KRRBBvKN.rtbz;7-DTZ;7-DTZ;PRESENT
KRRBBvKQ.rtbz;7-DTZ;7-DTZ;PRESENT
KRRBBvKR.rtbz;7-DTZ;7-DTZ;PRESENT
KRRBNvKB.rtbz;7-DTZ;7-DTZ;PRESENT
KRRBNvKN.rtbz;7-DTZ;7-DTZ;PRESENT
KRRBNvKQ.rtbz;7-DTZ;7-DTZ;PRESENT
KRRBNvKR.rtbz;7-DTZ;7-DTZ;PRESENT
KRRNNvKB.rtbz;7-DTZ;7-DTZ;PRESENT
KRRNNvKN.rtbz;7-DTZ;7-DTZ;PRESENT
KRRNNvKQ.rtbz;7-DTZ;7-DTZ;PRESENT
KRRNNvKR.rtbz;7-DTZ;7-DTZ;PRESENT
KRRRBvKB.rtbz;7-DTZ;7-DTZ;PRESENT
KRRRBvKN.rtbz;7-DTZ;7-DTZ;PRESENT
KRRRBvKQ.rtbz;7-DTZ;7-DTZ;PRESENT
KRRRBvKR.rtbz;7-DTZ;7-DTZ;PRESENT
KRRRNvKB.rtbz;7-DTZ;7-DTZ;PRESENT
KRRRNvKN.rtbz;7-DTZ;7-DTZ;PRESENT
KRRRNvKQ.rtbz;7-DTZ;7-DTZ;PRESENT
KRRRNvKR.rtbz;7-DTZ;7-DTZ;PRESENT
KRRRRvKB.rtbz;7-DTZ;7-DTZ;PRESENT
KRRRRvKN.rtbz;7-DTZ;7-DTZ;PRESENT
KRRRRvKQ.rtbz;7-DTZ;7-DTZ;PRESENT
KRRRRvKR.rtbz;7-DTZ;7-DTZ;PRESENT
KBBBBPvK.rtbz;7-DTZ;7-DTZ;PRESENT
KBBBNPvK.rtbz;7-DTZ;7-DTZ;PRESENT
KBBBPPvK.rtbz;7-DTZ;7-DTZ;PRESENT
KBBNNPvK.rtbz;7-DTZ;7-DTZ;PRESENT
KBBNPPvK.rtbz;7-DTZ;7-DTZ;PRESENT
KBBPPPvK.rtbz;7-DTZ;7-DTZ;PRESENT
KBNNNPvK.rtbz;7-DTZ;7-DTZ;PRESENT
KBNNPPvK.rtbz;7-DTZ;7-DTZ;PRESENT
KBNPPPvK.rtbz;7-DTZ;7-DTZ;PRESENT
KBPPPPvK.rtbz;7-DTZ;7-DTZ;PRESENT
KNNNNPvK.rtbz;7-DTZ;7-DTZ;PRESENT
KNNNPPvK.rtbz;7-DTZ;7-DTZ;PRESENT
KNNPPPvK.rtbz;7-DTZ;7-DTZ;PRESENT
KNPPPPvK.rtbz;7-DTZ;7-DTZ;PRESENT
KPPPPPvK.rtbz;7-DTZ;7-DTZ;PRESENT
KQBBBPvK.rtbz;7-DTZ;7-DTZ;PRESENT
KQBBNPvK.rtbz;7-DTZ;7-DTZ;PRESENT
KQBBPPvK.rtbz;7-DTZ;7-DTZ;PRESENT
KQBNNPvK.rtbz;7-DTZ;7-DTZ;PRESENT
KQBNPPvK.rtbz;7-DTZ;7-DTZ;PRESENT
KQBPPPvK.rtbz;7-DTZ;7-DTZ;PRESENT
KQNNNPvK.rtbz;7-DTZ;7-DTZ;PRESENT
KQNNPPvK.rtbz;7-DTZ;7-DTZ;PRESENT
KQNPPPvK.rtbz;7-DTZ;7-DTZ;PRESENT
KQPPPPvK.rtbz;7-DTZ;7-DTZ;PRESENT
KQQBBPvK.rtbz;7-DTZ;7-DTZ;PRESENT
KQQBNPvK.rtbz;7-DTZ;7-DTZ;PRESENT
KQQBPPvK.rtbz;7-DTZ;7-DTZ;PRESENT
KQQNNPvK.rtbz;7-DTZ;7-DTZ;PRESENT
KQQNPPvK.rtbz;7-DTZ;7-DTZ;PRESENT
KQQPPPvK.rtbz;7-DTZ;7-DTZ;PRESENT
KQQQBPvK.rtbz;7-DTZ;7-DTZ;PRESENT
KQQQNPvK.rtbz;7-DTZ;7-DTZ;PRESENT
KQQQPPvK.rtbz;7-DTZ;7-DTZ;PRESENT
KQQQQPvK.rtbz;7-DTZ;7-DTZ;PRESENT
KQQQRPvK.rtbz;7-DTZ;7-DTZ;PRESENT
KQQRBPvK.rtbz;7-DTZ;7-DTZ;PRESENT
KQQRNPvK.rtbz;7-DTZ;7-DTZ;PRESENT
KQQRPPvK.rtbz;7-DTZ;7-DTZ;PRESENT
KQQRRPvK.rtbz;7-DTZ;7-DTZ;PRESENT
KQRBBPvK.rtbz;7-DTZ;7-DTZ;PRESENT
KQRBNPvK.rtbz;7-DTZ;7-DTZ;PRESENT
KQRBPPvK.rtbz;7-DTZ;7-DTZ;PRESENT
KQRNNPvK.rtbz;7-DTZ;7-DTZ;PRESENT
KQRNPPvK.rtbz;7-DTZ;7-DTZ;PRESENT
KQRPPPvK.rtbz;7-DTZ;7-DTZ;PRESENT
KQRRBPvK.rtbz;7-DTZ;7-DTZ;PRESENT
KQRRNPvK.rtbz;7-DTZ;7-DTZ;PRESENT
KQRRPPvK.rtbz;7-DTZ;7-DTZ;PRESENT
KQRRRPvK.rtbz;7-DTZ;7-DTZ;PRESENT
KRBBBPvK.rtbz;7-DTZ;7-DTZ;PRESENT
KRBBNPvK.rtbz;7-DTZ;7-DTZ;PRESENT
KRBBPPvK.rtbz;7-DTZ;7-DTZ;PRESENT
KRBNNPvK.rtbz;7-DTZ;7-DTZ;PRESENT
KRBNPPvK.rtbz;7-DTZ;7-DTZ;PRESENT
KRBPPPvK.rtbz;7-DTZ;7-DTZ;PRESENT
KRNNNPvK.rtbz;7-DTZ;7-DTZ;PRESENT
KRNNPPvK.rtbz;7-DTZ;7-DTZ;PRESENT
KRNPPPvK.rtbz;7-DTZ;7-DTZ;PRESENT
KRPPPPvK.rtbz;7-DTZ;7-DTZ;PRESENT
KRRBBPvK.rtbz;7-DTZ;7-DTZ;PRESENT
KRRBNPvK.rtbz;7-DTZ;7-DTZ;PRESENT
KRRBPPvK.rtbz;7-DTZ;7-DTZ;PRESENT
KRRNNPvK.rtbz;7-DTZ;7-DTZ;PRESENT
KRRNPPvK.rtbz;7-DTZ;7-DTZ;PRESENT
KRRPPPvK.rtbz;7-DTZ;7-DTZ;PRESENT
KRRRBPvK.rtbz;7-DTZ;7-DTZ;PRESENT
KRRRNPvK.rtbz;7-DTZ;7-DTZ;PRESENT
KRRRPPvK.rtbz;7-DTZ;7-DTZ;PRESENT
KRRRRPvK.rtbz;7-DTZ;7-DTZ;PRESENT
KBBBBBvK.rtbz;7-DTZ;7-DTZ;PRESENT
KBBBBNvK.rtbz;7-DTZ;7-DTZ;PRESENT
KBBBNNvK.rtbz;7-DTZ;7-DTZ;PRESENT
KBBNNNvK.rtbz;7-DTZ;7-DTZ;PRESENT
KBNNNNvK.rtbz;7-DTZ;7-DTZ;PRESENT
KNNNNNvK.rtbz;7-DTZ;7-DTZ;PRESENT
KQBBBBvK.rtbz;7-DTZ;7-DTZ;PRESENT
KQBBBNvK.rtbz;7-DTZ;7-DTZ;PRESENT
KQBBNNvK.rtbz;7-DTZ;7-DTZ;PRESENT
KQBNNNvK.rtbz;7-DTZ;7-DTZ;PRESENT
KQNNNNvK.rtbz;7-DTZ;7-DTZ;PRESENT
KQQBBBvK.rtbz;7-DTZ;7-DTZ;PRESENT
KQQBBNvK.rtbz;7-DTZ;7-DTZ;PRESENT
KQQBNNvK.rtbz;7-DTZ;7-DTZ;PRESENT
KQQNNNvK.rtbz;7-DTZ;7-DTZ;PRESENT
KQQQBBvK.rtbz;7-DTZ;7-DTZ;PRESENT
KQQQBNvK.rtbz;7-DTZ;7-DTZ;PRESENT
KQQQNNvK.rtbz;7-DTZ;7-DTZ;PRESENT
KQQQQBvK.rtbz;7-DTZ;7-DTZ;PRESENT
KQQQQNvK.rtbz;7-DTZ;7-DTZ;PRESENT
KQQQQQvK.rtbz;7-DTZ;7-DTZ;PRESENT
KQQQQRvK.rtbz;7-DTZ;7-DTZ;PRESENT
KQQQRBvK.rtbz;7-DTZ;7-DTZ;PRESENT
KQQQRNvK.rtbz;7-DTZ;7-DTZ;PRESENT
KQQQRRvK.rtbz;7-DTZ;7-DTZ;PRESENT
KQQRBBvK.rtbz;7-DTZ;7-DTZ;PRESENT
KQQRBNvK.rtbz;7-DTZ;7-DTZ;PRESENT
KQQRNNvK.rtbz;7-DTZ;7-DTZ;PRESENT
KQQRRBvK.rtbz;7-DTZ;7-DTZ;PRESENT
KQQRRNvK.rtbz;7-DTZ;7-DTZ;PRESENT
KQQRRRvK.rtbz;7-DTZ;7-DTZ;PRESENT
KQRBBBvK.rtbz;7-DTZ;7-DTZ;PRESENT
KQRBBNvK.rtbz;7-DTZ;7-DTZ;PRESENT
KQRBNNvK.rtbz;7-DTZ;7-DTZ;PRESENT
KQRNNNvK.rtbz;7-DTZ;7-DTZ;PRESENT
KQRRBBvK.rtbz;7-DTZ;7-DTZ;PRESENT
KQRRBNvK.rtbz;7-DTZ;7-DTZ;PRESENT
KQRRNNvK.rtbz;7-DTZ;7-DTZ;PRESENT
KQRRRBvK.rtbz;7-DTZ;7-DTZ;PRESENT
KQRRRNvK.rtbz;7-DTZ;7-DTZ;PRESENT
KQRRRRvK.rtbz;7-DTZ;7-DTZ;PRESENT
KRBBBBvK.rtbz;7-DTZ;7-DTZ;PRESENT
KRBBBNvK.rtbz;7-DTZ;7-DTZ;PRESENT
KRBBNNvK.rtbz;7-DTZ;7-DTZ;PRESENT
KRBNNNvK.rtbz;7-DTZ;7-DTZ;PRESENT
KRNNNNvK.rtbz;7-DTZ;7-DTZ;PRESENT
KRRBBBvK.rtbz;7-DTZ;7-DTZ;PRESENT
KRRBBNvK.rtbz;7-DTZ;7-DTZ;PRESENT
KRRBNNvK.rtbz;7-DTZ;7-DTZ;PRESENT
KRRNNNvK.rtbz;7-DTZ;7-DTZ;PRESENT
KRRRBBvK.rtbz;7-DTZ;7-DTZ;PRESENT
KRRRBNvK.rtbz;7-DTZ;7-DTZ;PRESENT
KRRRNNvK.rtbz;7-DTZ;7-DTZ;PRESENT
KRRRRBvK.rtbz;7-DTZ;7-DTZ;PRESENT
KRRRRNvK.rtbz;7-DTZ;7-DTZ;PRESENT
KRRRRRvK.rtbz;7-DTZ;7-DTZ;PRESENT
